[2m2026-08-24T04:51:17.469796Z[0m [32m INFO[0m main ThreadId(01) [2mzenoh_bridge_ros2dds[0m[2m:[0m zenoh-bridge-ros2dds v1.5.0
[2m2026-08-24T04:51:17.470341Z[0m [32m INFO[0m main ThreadId(01) [2mzenoh_bridge_ros2dds[0m[2m:[0m Zenoh Config(Config { id: None, metadata: Null, mode: Some(Client), connect: ConnectConfig { timeout_ms: None, endpoints: Unique([tcp/127.0.0.1:7447]), exit_on_failure: None, retry: None }, listen: ListenConfig { timeout_ms: None, endpoints: Unique([]), exit_on_failure: None, retry: None }, open: OpenConf { return_conditions: ReturnConditionsConf { connect_scouted: None, declares: None } }, scouting: ScoutingConf { timeout: None, delay: None, multicast: ScoutingMulticastConf { enabled: None, address: None, interface: None, ttl: None, autoconnect: None, autoconnect_strategy: None, listen: None }, gossip: GossipConf { enabled: None, multihop: None, target: None, autoconnect: None, autoconnect_strategy: None } }, timestamping: TimestampingConf { enabled: Some(Unique(true)), drop_future_timestamp: None }, queries_default_timeout: Some(300000), routing: RoutingConf { router: RouterRoutingConf { peers_failover_brokering: None, linkstate: LinkstateConf { transport_weights: [] } }, peer: PeerRoutingConf { mode: None, linkstate: LinkstateConf { transport_weights: [] } }, interests: InterestsConf { timeout: None } }, aggregation: AggregationConf { subscribers: [], publishers: [] }, qos: QoSConfig { publication: PublisherQoSConfList([]), network: [] }, transport: TransportConf { unicast: TransportUnicastConf { open_timeout: 10000, accept_timeout: 10000, accept_pending: 100, max_sessions: 1000, max_links: 1, lowlatency: false, qos: QoSUnicastConf { enabled: true }, compression: CompressionUnicastConf { enabled: false } }, multicast: TransportMulticastConf { join_interval: Some(2500), max_sessions: Some(1000), qos: QoSMulticastConf { enabled: false }, compression: CompressionMulticastConf { enabled: false } }, link: TransportLinkConf { protocols: None, tx: LinkTxConf { sequence_number_resolution: U32, lease: 10000, keep_alive: 4, batch_size: 65535, queue: QueueConf { size: QueueSizeConf { control: 2, real_time: 2, interactive_high: 2, interactive_low: 2, data_high: 2, data: 2, data_low: 2, background: 2 }, congestion_control: CongestionControlConf { drop: CongestionControlDropConf { wait_before_drop: 1000, max_wait_before_drop_fragments: 50000 }, block: CongestionControlBlockConf { wait_before_close: 5000000 } }, batching: BatchingConf { enabled: true, time_limit: 1 }, allocation: QueueAllocConf { mode: Lazy } }, threads: 3 }, rx: LinkRxConf { buffer_size: 65535, max_message_size: 1073741824 }, tls: TLSConf { root_ca_certificate: None, listen_private_key: None, listen_certificate: None, enable_mtls: None, connect_private_key: None, connect_certificate: None, verify_name_on_connect: None, close_link_on_expiration: None, so_sndbuf: None, so_rcvbuf: None, root_ca_certificate_base64: None, listen_private_key_base64: None, listen_certificate_base64: None, connect_private_key_base64: None, connect_certificate_base64: None }, tcp: TcpConf { so_sndbuf: None, so_rcvbuf: None }, unixpipe: UnixPipeConf { file_access_mask: None } }, shared_memory: ShmConf { enabled: true, mode: Lazy }, auth: AuthConf { usrpwd: UsrPwdConf { user: None, password: None, dictionary_file: None }, pubkey: PubKeyConf { public_key_pem: None, private_key_pem: None, public_key_file: None, private_key_file: None, key_size: None, known_keys_file: None } } }, adminspace: AdminSpaceConf { enabled: true, permissions: PermissionsConf { read: true, write: false } }, namespace: None, downsampling: [], access_control: AclConfig { enabled: false, default_permission: Deny, rules: None, subjects: None, policies: None }, low_pass_filter: [], plugins_loading: PluginsLoading { enabled: true, search_dirs: LibSearchDirs([Spec(LibSearchSpec { kind: CurrentExeParent, value: None }), Path("."), Path("~/.zenoh/lib"), Path("/opt/homebrew/lib"), Path("/usr/local/lib"), Path("/usr/lib")]) }, plugins: Object {"ros2dds": Object {"allow": Object {"action_clients": Array [], "action_servers": Array [String(".*/navigate_to_pose")], "publishers": Array [String(".*/tf"), String(".*/tf_static"), String(".*/battery_state")], "service_clients": Array [], "service_servers": Array [], "subscribers": Array []}, "domain": Number(1), "pub_max_frequencies": Array [String(".*/navigate_to_pose/*=1"), String(".*/battery_state=1")], "ros_automatic_discovery_range": String("SUBNET"), "ros_localhost_only": Bool(false)}} })
[2m2026-08-24T04:51:17.470413Z[0m [32m INFO[0m main ThreadId(01) [2mzenoh::net::runtime[0m[2m:[0m Using ZID: 40305f7b3f5b541aa0ec8ecbc8027690
[2m2026-08-24T04:51:17.470568Z[0m [32m INFO[0m main ThreadId(01) [2mzenoh::api::loader[0m[2m:[0m Starting required plugin "ros2dds"
[2m2026-08-24T04:51:17.470987Z[0m [32m INFO[0m main ThreadId(01) [2mzenoh::api::loader[0m[2m:[0m Successfully started plugin ros2dds from "__static_lib__"
[2m2026-08-24T04:51:17.471009Z[0m [32m INFO[0m main ThreadId(01) [2mzenoh::api::loader[0m[2m:[0m Finished loading plugins
[2m2026-08-24T04:51:17.471060Z[0m [32m INFO[0m tokio-runtime-worker ThreadId(13) [2mzenoh_plugin_ros2dds[0m[2m:[0m ROS2 plugin Config { namespace: "/", nodename: "zenoh_bridge_ros2dds", domain: 1, ros_localhost_only: false, ros_automatic_discovery_range: Some(Subnet), ros_static_peers: None, allowance: Some(Allow(ROS2InterfacesRegex { publishers: Some(Regex("^.*/tf$|^.*/tf_static$|^.*/battery_state$")), subscribers: None, service_servers: None, service_clients: None, action_servers: Some(Regex("^.*/navigate_to_pose$")), action_clients: None })), pub_max_frequencies: [(Regex(".*/navigate_to_pose/*"), 1.0), (Regex(".*/battery_state"), 1.0)], transient_local_cache_multiplier: 10, queries_timeout: Some(QueriesTimeouts { default: 5.0, transient_local_subscribers: [], services: [], actions: Some(ActionsTimeouts { send_goal: [], cancel_goal: [], get_result: [(Regex(".*"), 300.0)] }) }), reliable_routes_blocking: true, pub_priorities: [], work_thread_num: 2, max_block_thread_num: 50, __required__: None, __path__: None }
[2m2026-08-24T04:51:17.573946Z[0m [32m INFO[0m tokio-runtime-worker ThreadId(13) [2mzenoh_plugin_ros2dds::discovered_entities[0m[2m:[0m Discovered ROS Node /tb3_robot3/lifecycle_manager_navigation
[2m2026-08-24T04:51:17.574079Z[0m [32m INFO[0m tokio-runtime-worker ThreadId(13) [2mzenoh_plugin_ros2dds::discovered_entities[0m[2m:[0m Discovered ROS Node /tf_aggregator_tb3_robot3
[2m2026-08-24T04:51:17.574106Z[0m [32m INFO[0m tokio-runtime-worker ThreadId(13) [2mzenoh_plugin_ros2dds::discovered_entities[0m[2m:[0m Discovered ROS Node /tb3_robot2/transform_listener_impl_7d48c0007c90
[2m2026-08-24T04:51:17.574118Z[0m [32m INFO[0m tokio-runtime-worker ThreadId(13) [2mzenoh_plugin_ros2dds::discovered_entities[0m[2m:[0m Discovered ROS Node /tb3_robot2/planner_server
[2m2026-08-24T04:51:17.574178Z[0m [32m INFO[0m tokio-runtime-worker ThreadId(13) [2mzenoh_plugin_ros2dds::discovered_entities[0m[2m:[0m Discovered ROS Node /tb3_robot2/global_costmap/global_costmap
[2m2026-08-24T04:51:17.574268Z[0m [32m INFO[0m tokio-runtime-worker ThreadId(13) [2mzenoh_plugin_ros2dds::discovered_entities[0m[2m:[0m Discovered ROS Node /tb3_robot3/collision_monitor
[2m2026-08-24T04:51:17.574314Z[0m [32m INFO[0m tokio-runtime-worker ThreadId(13) [2mzenoh_plugin_ros2dds::discovered_entities[0m[2m:[0m Discovered ROS Node /_ros2cli_daemon_1_bc4a881e1c02417c957f53c9a4d5e5c6
[2m2026-08-24T04:51:17.574321Z[0m [32m INFO[0m tokio-runtime-worker ThreadId(13) [2mzenoh_plugin_ros2dds::discovered_entities[0m[2m:[0m Discovered ROS Node /tb3_robot3/velocity_smoother
[2m2026-08-24T04:51:17.574354Z[0m [32m INFO[0m tokio-runtime-worker ThreadId(13) [2mzenoh_plugin_ros2dds::discovered_entities[0m[2m:[0m Discovered ROS Node /tb3_robot3/docking_server
[2m2026-08-24T04:51:17.574424Z[0m [32m INFO[0m tokio-runtime-worker ThreadId(13) [2mzenoh_plugin_ros2dds::discovered_entities[0m[2m:[0m Discovered ROS Node /tb3_robot1/local_costmap/local_costmap
[2m2026-08-24T04:51:17.574431Z[0m [32m INFO[0m tokio-runtime-worker ThreadId(13) [2mzenoh_plugin_ros2dds::discovered_entities[0m[2m:[0m Discovered ROS Node /tb3_robot1/transform_listener_impl_5804bce408f0
[2m2026-08-24T04:51:17.574442Z[0m [32m INFO[0m tokio-runtime-worker ThreadId(13) [2mzenoh_plugin_ros2dds::discovered_entities[0m[2m:[0m Discovered ROS Node /tb3_robot1/controller_server
[2m2026-08-24T04:51:17.574452Z[0m [32m INFO[0m tokio-runtime-worker ThreadId(13) [2mzenoh_plugin_ros2dds::discovered_entities[0m[2m:[0m Discovered ROS Node /tb3_robot3/smoother_server
[2m2026-08-24T04:51:17.574500Z[0m [32m INFO[0m tokio-runtime-worker ThreadId(13) [2mzenoh_plugin_ros2dds::discovered_entities[0m[2m:[0m Discovered ROS Node /tb3_robot3/map_server
[2m2026-08-24T04:51:17.574539Z[0m [32m INFO[0m tokio-runtime-worker ThreadId(13) [2mzenoh_plugin_ros2dds::discovered_entities[0m[2m:[0m Discovered ROS Node /tb3_robot2/amcl
[2m2026-08-24T04:51:17.574616Z[0m [32m INFO[0m tokio-runtime-worker ThreadId(13) [2mzenoh_plugin_ros2dds::discovered_entities[0m[2m:[0m Discovered ROS Node /tb3_robot1/bt_navigator
[2m2026-08-24T04:51:17.574665Z[0m [32m INFO[0m tokio-runtime-worker ThreadId(13) [2mzenoh_plugin_ros2dds::discovered_entities[0m[2m:[0m Discovered ROS Node /tb3_robot1/bt_navigator_navigate_to_pose_rclcpp_node
[2m2026-08-24T04:51:17.574899Z[0m [32m INFO[0m tokio-runtime-worker ThreadId(13) [2mzenoh_plugin_ros2dds::discovered_entities[0m[2m:[0m Discovered ROS Node /tb3_robot1/bt_navigator_navigate_through_poses_rclcpp_node
[2m2026-08-24T04:51:17.574949Z[0m [32m INFO[0m tokio-runtime-worker ThreadId(13) [2mzenoh_plugin_ros2dds::discovered_entities[0m[2m:[0m Discovered ROS Node /tb3_robot1/smoother_server
[2m2026-08-24T04:51:17.575021Z[0m [32m INFO[0m tokio-runtime-worker ThreadId(13) [2mzenoh_plugin_ros2dds::discovered_entities[0m[2m:[0m Discovered ROS Node /tb3_robot3_bridge
[2m2026-08-24T04:51:17.575071Z[0m [32m INFO[0m tokio-runtime-worker ThreadId(13) [2mzenoh_plugin_ros2dds::discovered_entities[0m[2m:[0m Discovered ROS Node /tb3_robot2/route_server
[2m2026-08-24T04:51:17.575266Z[0m [32m INFO[0m tokio-runtime-worker ThreadId(13) [2mzenoh_plugin_ros2dds[0m[2m:[0m Node /tf_aggregator_tb3_robot3 declares Publisher /tf_static: tf2_msgs/msg/TFMessage - Allowed
[2m2026-08-24T04:51:17.575406Z[0m [32m INFO[0m tokio-runtime-worker ThreadId(13) [2mzenoh_plugin_ros2dds::routes_mgr[0m[2m:[0m Route Publisher (ROS:/tf_static -> Zenoh:tf_static) created
[2m2026-08-24T04:51:17.575454Z[0m [32m INFO[0m tokio-runtime-worker ThreadId(13) [2mzenoh_plugin_ros2dds[0m[2m:[0m Node /tf_aggregator_tb3_robot3 declares Publisher /tf: tf2_msgs/msg/TFMessage - Allowed
[2m2026-08-24T04:51:17.575468Z[0m [32m INFO[0m tokio-runtime-worker ThreadId(13) [2mzenoh_plugin_ros2dds::routes_mgr[0m[2m:[0m Route Publisher (ROS:/tf -> Zenoh:tf) created
[2m2026-08-24T04:51:17.575592Z[0m [32m INFO[0m tokio-runtime-worker ThreadId(13) [2mzenoh_plugin_ros2dds[0m[2m:[0m Node /tb3_robot2/amcl declares Publisher /tb3_robot2/tf: tf2_msgs/msg/TFMessage - Allowed
[2m2026-08-24T04:51:17.575614Z[0m [32m INFO[0m tokio-runtime-worker ThreadId(13) [2mzenoh_plugin_ros2dds::routes_mgr[0m[2m:[0m Route Publisher (ROS:/tb3_robot2/tf -> Zenoh:tb3_robot2/tf) created
[2m2026-08-24T04:51:17.575686Z[0m [32m INFO[0m tokio-runtime-worker ThreadId(13) [2mzenoh_plugin_ros2dds[0m[2m:[0m Node /tb3_robot1/bt_navigator declares Action Server /tb3_robot1/navigate_to_pose: nav2_msgs/action/NavigateToPose - Allowed
[2m2026-08-24T04:51:17.577083Z[0m [32m INFO[0m tokio-runtime-worker ThreadId(13) [2mzenoh_plugin_ros2dds::routes_mgr[0m[2m:[0m Route Action Server (ROS:/tb3_robot1/navigate_to_pose <-> Zenoh:tb3_robot1/navigate_to_pose/*) created
[2m2026-08-24T04:51:17.577272Z[0m [32m INFO[0m tokio-runtime-worker ThreadId(13) [2mzenoh_plugin_ros2dds[0m[2m:[0m Node /tb3_robot3_bridge declares Publisher /tb3_robot3/tf: tf2_msgs/msg/TFMessage - Allowed
[2m2026-08-24T04:51:17.577313Z[0m [32m INFO[0m tokio-runtime-worker ThreadId(13) [2mzenoh_plugin_ros2dds::routes_mgr[0m[2m:[0m Route Publisher (ROS:/tb3_robot3/tf -> Zenoh:tb3_robot3/tf) created
[2m2026-08-24T04:51:17.675357Z[0m [32m INFO[0m tokio-runtime-worker ThreadId(13) [2mzenoh_plugin_ros2dds::discovered_entities[0m[2m:[0m Discovered ROS Node /tb3_robot1/collision_monitor
[2m2026-08-24T04:51:17.675459Z[0m [32m INFO[0m tokio-runtime-worker ThreadId(13) [2mzenoh_plugin_ros2dds::discovered_entities[0m[2m:[0m Discovered ROS Node /tb3_robot2/collision_monitor
[2m2026-08-24T04:51:17.675511Z[0m [32m INFO[0m tokio-runtime-worker ThreadId(13) [2mzenoh_plugin_ros2dds::discovered_entities[0m[2m:[0m Discovered ROS Node /tb3_robot2/lifecycle_manager_navigation
[2m2026-08-24T04:51:17.675604Z[0m [32m INFO[0m tokio-runtime-worker ThreadId(13) [2mzenoh_plugin_ros2dds::discovered_entities[0m[2m:[0m Discovered ROS Node /clock_bridge
[2m2026-08-24T04:51:17.675629Z[0m [32m INFO[0m tokio-runtime-worker ThreadId(13) [2mzenoh_plugin_ros2dds::discovered_entities[0m[2m:[0m Discovered ROS Node /tb3_robot1/route_server
[2m2026-08-24T04:51:17.675695Z[0m [32m INFO[0m tokio-runtime-worker ThreadId(13) [2mzenoh_plugin_ros2dds::discovered_entities[0m[2m:[0m Discovered ROS Node /tb3_robot2/map_server
[2m2026-08-24T04:51:17.675736Z[0m [32m INFO[0m tokio-runtime-worker ThreadId(13) [2mzenoh_plugin_ros2dds::discovered_entities[0m[2m:[0m Discovered ROS Node /tb3_robot1/waypoint_follower
[2m2026-08-24T04:51:17.675789Z[0m [32m INFO[0m tokio-runtime-worker ThreadId(13) [2mzenoh_plugin_ros2dds::discovered_entities[0m[2m:[0m Discovered ROS Node /tb3_robot2/robot_state_publisher
[2m2026-08-24T04:51:17.675815Z[0m [32m INFO[0m tokio-runtime-worker ThreadId(13) [2mzenoh_plugin_ros2dds::discovered_entities[0m[2m:[0m Discovered ROS Node /tb3_robot2/docking_server
[2m2026-08-24T04:51:17.675891Z[0m [32m INFO[0m tokio-runtime-worker ThreadId(13) [2mzenoh_plugin_ros2dds::discovered_entities[0m[2m:[0m Discovered ROS Node /tb3_robot3/behavior_server
[2m2026-08-24T04:51:17.675963Z[0m [32m INFO[0m tokio-runtime-worker ThreadId(13) [2mzenoh_plugin_ros2dds::discovered_entities[0m[2m:[0m Discovered ROS Node /tb3_robot2/behavior_server
[2m2026-08-24T04:51:17.676079Z[0m [32m INFO[0m tokio-runtime-worker ThreadId(13) [2mzenoh_plugin_ros2dds::discovered_entities[0m[2m:[0m Discovered ROS Node /rmf_simulation_lift_manager
[2m2026-08-24T04:51:17.676112Z[0m [32m INFO[0m tokio-runtime-worker ThreadId(13) [2mzenoh_plugin_ros2dds::discovered_entities[0m[2m:[0m Discovered ROS Node /rmf_simulation_door_manager
[2m2026-08-24T04:51:17.676152Z[0m [32m INFO[0m tokio-runtime-worker ThreadId(13) [2mzenoh_plugin_ros2dds::discovered_entities[0m[2m:[0m Discovered ROS Node /tb3_robot1/planner_server
[2m2026-08-24T04:51:17.676230Z[0m [32m INFO[0m tokio-runtime-worker ThreadId(13) [2mzenoh_plugin_ros2dds::discovered_entities[0m[2m:[0m Discovered ROS Node /tb3_robot1/global_costmap/global_costmap
[2m2026-08-24T04:51:17.676352Z[0m [32m INFO[0m tokio-runtime-worker ThreadId(13) [2mzenoh_plugin_ros2dds::discovered_entities[0m[2m:[0m Discovered ROS Node /tb3_robot1/transform_listener_impl_764584003530
[2m2026-08-24T04:51:17.676386Z[0m [32m INFO[0m tokio-runtime-worker ThreadId(13) [2mzenoh_plugin_ros2dds::discovered_entities[0m[2m:[0m Discovered ROS Node /tb3_robot3/amcl
[2m2026-08-24T04:51:17.676463Z[0m [32m INFO[0m tokio-runtime-worker ThreadId(13) [2mzenoh_plugin_ros2dds::discovered_entities[0m[2m:[0m Discovered ROS Node /tb3_robot3/robot_state_publisher
[2m2026-08-24T04:51:17.676495Z[0m [32m INFO[0m tokio-runtime-worker ThreadId(13) [2mzenoh_plugin_ros2dds::discovered_entities[0m[2m:[0m Discovered ROS Node /tb3_robot3/waypoint_follower
[2m2026-08-24T04:51:17.676554Z[0m [32m INFO[0m tokio-runtime-worker ThreadId(13) [2mzenoh_plugin_ros2dds::discovered_entities[0m[2m:[0m Discovered ROS Node /tb3_robot1/behavior_server
[2m2026-08-24T04:51:17.676633Z[0m [32m INFO[0m tokio-runtime-worker ThreadId(13) [2mzenoh_plugin_ros2dds::discovered_entities[0m[2m:[0m Discovered ROS Node /tb3_robot3/transform_listener_impl_76fcc4008910
[2m2026-08-24T04:51:17.676658Z[0m [32m INFO[0m tokio-runtime-worker ThreadId(13) [2mzenoh_plugin_ros2dds::discovered_entities[0m[2m:[0m Discovered ROS Node /tb3_robot3/controller_server
[2m2026-08-24T04:51:17.676708Z[0m [32m INFO[0m tokio-runtime-worker ThreadId(13) [2mzenoh_plugin_ros2dds::discovered_entities[0m[2m:[0m Discovered ROS Node /tb3_robot3/local_costmap/local_costmap
[2m2026-08-24T04:51:17.676818Z[0m [32m INFO[0m tokio-runtime-worker ThreadId(13) [2mzenoh_plugin_ros2dds::discovered_entities[0m[2m:[0m Discovered ROS Node /tb3_robot3/route_server
[2m2026-08-24T04:51:17.676874Z[0m [32m INFO[0m tokio-runtime-worker ThreadId(13) [2mzenoh_plugin_ros2dds::discovered_entities[0m[2m:[0m Discovered ROS Node /tf_aggregator_tb3_robot2
[2m2026-08-24T04:51:17.676896Z[0m [32m INFO[0m tokio-runtime-worker ThreadId(13) [2mzenoh_plugin_ros2dds::discovered_entities[0m[2m:[0m Discovered ROS Node /tb3_robot1/robot_state_publisher
[2m2026-08-24T04:51:17.676922Z[0m [32m INFO[0m tokio-runtime-worker ThreadId(13) [2mzenoh_plugin_ros2dds::discovered_entities[0m[2m:[0m Discovered ROS Node /tb3_robot1/docking_server
[2m2026-08-24T04:51:17.676986Z[0m [32m INFO[0m tokio-runtime-worker ThreadId(13) [2mzenoh_plugin_ros2dds::discovered_entities[0m[2m:[0m Discovered ROS Node /tb3_robot1/map_server
[2m2026-08-24T04:51:17.677020Z[0m [32m INFO[0m tokio-runtime-worker ThreadId(13) [2mzenoh_plugin_ros2dds::discovered_entities[0m[2m:[0m Discovered ROS Node /tb3_robot2/lifecycle_manager_localization
[2m2026-08-24T04:51:17.677054Z[0m [32m INFO[0m tokio-runtime-worker ThreadId(13) [2mzenoh_plugin_ros2dds::discovered_entities[0m[2m:[0m Discovered ROS Node /tb3_robot2/smoother_server
[2m2026-08-24T04:51:17.677094Z[0m [32m INFO[0m tokio-runtime-worker ThreadId(13) [2mzenoh_plugin_ros2dds::discovered_entities[0m[2m:[0m Discovered ROS Node /tb3_robot2/bt_navigator_navigate_through_poses_rclcpp_node
[2m2026-08-24T04:51:17.677154Z[0m [32m INFO[0m tokio-runtime-worker ThreadId(13) [2mzenoh_plugin_ros2dds::discovered_entities[0m[2m:[0m Discovered ROS Node /tb3_robot2/bt_navigator
[2m2026-08-24T04:51:17.677211Z[0m [32m INFO[0m tokio-runtime-worker ThreadId(13) [2mzenoh_plugin_ros2dds::discovered_entities[0m[2m:[0m Discovered ROS Node /tb3_robot2/bt_navigator_navigate_to_pose_rclcpp_node
[2m2026-08-24T04:51:17.677282Z[0m [32m INFO[0m tokio-runtime-worker ThreadId(13) [2mzenoh_plugin_ros2dds::discovered_entities[0m[2m:[0m Discovered ROS Node /tb3_robot2/velocity_smoother
[2m2026-08-24T04:51:17.677316Z[0m [32m INFO[0m tokio-runtime-worker ThreadId(13) [2mzenoh_plugin_ros2dds::discovered_entities[0m[2m:[0m Discovered ROS Node /tb3_robot3/bt_navigator
[2m2026-08-24T04:51:17.677370Z[0m [32m INFO[0m tokio-runtime-worker ThreadId(13) [2mzenoh_plugin_ros2dds::discovered_entities[0m[2m:[0m Discovered ROS Node /tb3_robot3/bt_navigator_navigate_to_pose_rclcpp_node
[2m2026-08-24T04:51:17.677470Z[0m [32m INFO[0m tokio-runtime-worker ThreadId(13) [2mzenoh_plugin_ros2dds::discovered_entities[0m[2m:[0m Discovered ROS Node /tb3_robot3/bt_navigator_navigate_through_poses_rclcpp_node
[2m2026-08-24T04:51:17.677742Z[0m [32m INFO[0m tokio-runtime-worker ThreadId(13) [2mzenoh_plugin_ros2dds::discovered_entities[0m[2m:[0m Discovered ROS Node /tb3_robot3/lifecycle_manager_localization
[2m2026-08-24T04:51:17.677802Z[0m [32m INFO[0m tokio-runtime-worker ThreadId(13) [2mzenoh_plugin_ros2dds::discovered_entities[0m[2m:[0m Discovered ROS Node /tf_aggregator_tb3_robot1
[2m2026-08-24T04:51:17.677831Z[0m [32m INFO[0m tokio-runtime-worker ThreadId(13) [2mzenoh_plugin_ros2dds::discovered_entities[0m[2m:[0m Discovered ROS Node /tb3_robot2_bridge
[2m2026-08-24T04:51:17.677876Z[0m [32m INFO[0m tokio-runtime-worker ThreadId(13) [2mzenoh_plugin_ros2dds::discovered_entities[0m[2m:[0m Discovered ROS Node /tb3_robot1/lifecycle_manager_navigation
[2m2026-08-24T04:51:17.678052Z[0m [32m INFO[0m tokio-runtime-worker ThreadId(13) [2mzenoh_plugin_ros2dds::discovered_entities[0m[2m:[0m Discovered ROS Node /tb3_robot2/transform_listener_impl_7917600299b0
[2m2026-08-24T04:51:17.678072Z[0m [32m INFO[0m tokio-runtime-worker ThreadId(13) [2mzenoh_plugin_ros2dds::discovered_entities[0m[2m:[0m Discovered ROS Node /tb3_robot2/controller_server
[2m2026-08-24T04:51:17.678118Z[0m [32m INFO[0m tokio-runtime-worker ThreadId(13) [2mzenoh_plugin_ros2dds::discovered_entities[0m[2m:[0m Discovered ROS Node /tb3_robot2/local_costmap/local_costmap
[2m2026-08-24T04:51:17.678274Z[0m [32m INFO[0m tokio-runtime-worker ThreadId(13) [2mzenoh_plugin_ros2dds::discovered_entities[0m[2m:[0m Discovered ROS Node /tb3_robot1/amcl
[2m2026-08-24T04:51:17.678320Z[0m [32m INFO[0m tokio-runtime-worker ThreadId(13) [2mzenoh_plugin_ros2dds::discovered_entities[0m[2m:[0m Discovered ROS Node /tb3_robot1/velocity_smoother
[2m2026-08-24T04:51:17.678354Z[0m [32m INFO[0m tokio-runtime-worker ThreadId(13) [2mzenoh_plugin_ros2dds::discovered_entities[0m[2m:[0m Discovered ROS Node /tb3_robot1_bridge
[2m2026-08-24T04:51:17.678382Z[0m [32m INFO[0m tokio-runtime-worker ThreadId(13) [2mzenoh_plugin_ros2dds::discovered_entities[0m[2m:[0m Discovered ROS Node /tb3_robot3/transform_listener_impl_7f0fd4005ea0
[2m2026-08-24T04:51:17.678393Z[0m [32m INFO[0m tokio-runtime-worker ThreadId(13) [2mzenoh_plugin_ros2dds::discovered_entities[0m[2m:[0m Discovered ROS Node /tb3_robot3/global_costmap/global_costmap
[2m2026-08-24T04:51:17.678453Z[0m [32m INFO[0m tokio-runtime-worker ThreadId(13) [2mzenoh_plugin_ros2dds::discovered_entities[0m[2m:[0m Discovered ROS Node /tb3_robot3/planner_server
[2m2026-08-24T04:51:17.678503Z[0m [32m INFO[0m tokio-runtime-worker ThreadId(13) [2mzenoh_plugin_ros2dds::discovered_entities[0m[2m:[0m Discovered ROS Node /tb3_robot1/lifecycle_manager_localization
[2m2026-08-24T04:51:17.678537Z[0m [32m INFO[0m tokio-runtime-worker ThreadId(13) [2mzenoh_plugin_ros2dds::discovered_entities[0m[2m:[0m Discovered ROS Node /tb3_robot2/waypoint_follower
[2m2026-08-24T04:51:17.678662Z[0m [32m INFO[0m tokio-runtime-worker ThreadId(13) [2mzenoh_plugin_ros2dds[0m[2m:[0m Node /tb3_robot2/robot_state_publisher declares Publisher /tb3_robot2/tf: tf2_msgs/msg/TFMessage - Allowed
[2m2026-08-24T04:51:17.678673Z[0m [32m INFO[0m tokio-runtime-worker ThreadId(13) [2mzenoh_plugin_ros2dds[0m[2m:[0m Node /tb3_robot2/robot_state_publisher declares Publisher /tb3_robot2/tf_static: tf2_msgs/msg/TFMessage - Allowed
[2m2026-08-24T04:51:17.678742Z[0m [32m INFO[0m tokio-runtime-worker ThreadId(13) [2mzenoh_plugin_ros2dds::routes_mgr[0m[2m:[0m Route Publisher (ROS:/tb3_robot2/tf_static -> Zenoh:tb3_robot2/tf_static) created
[2m2026-08-24T04:51:17.678836Z[0m [32m INFO[0m tokio-runtime-worker ThreadId(13) [2mzenoh_plugin_ros2dds[0m[2m:[0m Node /tb3_robot3/amcl declares Publisher /tb3_robot3/tf: tf2_msgs/msg/TFMessage - Allowed
[2m2026-08-24T04:51:17.678847Z[0m [32m INFO[0m tokio-runtime-worker ThreadId(13) [2mzenoh_plugin_ros2dds[0m[2m:[0m Node /tb3_robot3/robot_state_publisher declares Publisher /tb3_robot3/tf_static: tf2_msgs/msg/TFMessage - Allowed
[2m2026-08-24T04:51:17.678894Z[0m [32m INFO[0m tokio-runtime-worker ThreadId(13) [2mzenoh_plugin_ros2dds::routes_mgr[0m[2m:[0m Route Publisher (ROS:/tb3_robot3/tf_static -> Zenoh:tb3_robot3/tf_static) created
[2m2026-08-24T04:51:17.678918Z[0m [32m INFO[0m tokio-runtime-worker ThreadId(13) [2mzenoh_plugin_ros2dds[0m[2m:[0m Node /tb3_robot3/robot_state_publisher declares Publisher /tb3_robot3/tf: tf2_msgs/msg/TFMessage - Allowed
[2m2026-08-24T04:51:17.678967Z[0m [32m INFO[0m tokio-runtime-worker ThreadId(13) [2mzenoh_plugin_ros2dds[0m[2m:[0m Node /tf_aggregator_tb3_robot2 declares Publisher /tf: tf2_msgs/msg/TFMessage - Allowed
[2m2026-08-24T04:51:17.678971Z[0m [32m INFO[0m tokio-runtime-worker ThreadId(13) [2mzenoh_plugin_ros2dds[0m[2m:[0m Node /tf_aggregator_tb3_robot2 declares Publisher /tf_static: tf2_msgs/msg/TFMessage - Allowed
[2m2026-08-24T04:51:17.678984Z[0m [32m INFO[0m tokio-runtime-worker ThreadId(13) [2mzenoh_plugin_ros2dds[0m[2m:[0m Node /tb3_robot1/robot_state_publisher declares Publisher /tb3_robot1/tf: tf2_msgs/msg/TFMessage - Allowed
[2m2026-08-24T04:51:17.678995Z[0m [32m INFO[0m tokio-runtime-worker ThreadId(13) [2mzenoh_plugin_ros2dds::routes_mgr[0m[2m:[0m Route Publisher (ROS:/tb3_robot1/tf -> Zenoh:tb3_robot1/tf) created
[2m2026-08-24T04:51:17.679014Z[0m [32m INFO[0m tokio-runtime-worker ThreadId(13) [2mzenoh_plugin_ros2dds[0m[2m:[0m Node /tb3_robot1/robot_state_publisher declares Publisher /tb3_robot1/tf_static: tf2_msgs/msg/TFMessage - Allowed
[2m2026-08-24T04:51:17.679043Z[0m [32m INFO[0m tokio-runtime-worker ThreadId(13) [2mzenoh_plugin_ros2dds::routes_mgr[0m[2m:[0m Route Publisher (ROS:/tb3_robot1/tf_static -> Zenoh:tb3_robot1/tf_static) created
[2m2026-08-24T04:51:17.679105Z[0m [32m INFO[0m tokio-runtime-worker ThreadId(13) [2mzenoh_plugin_ros2dds[0m[2m:[0m Node /tb3_robot2/bt_navigator declares Action Server /tb3_robot2/navigate_to_pose: nav2_msgs/action/NavigateToPose - Allowed
[2m2026-08-24T04:51:17.681238Z[0m [32m INFO[0m tokio-runtime-worker ThreadId(13) [2mzenoh_plugin_ros2dds::routes_mgr[0m[2m:[0m Route Action Server (ROS:/tb3_robot2/navigate_to_pose <-> Zenoh:tb3_robot2/navigate_to_pose/*) created
[2m2026-08-24T04:51:17.681482Z[0m [32m INFO[0m tokio-runtime-worker ThreadId(13) [2mzenoh_plugin_ros2dds[0m[2m:[0m Node /tb3_robot3/bt_navigator declares Action Server /tb3_robot3/navigate_to_pose: nav2_msgs/action/NavigateToPose - Allowed
[2m2026-08-24T04:51:17.683517Z[0m [32m INFO[0m tokio-runtime-worker ThreadId(13) [2mzenoh_plugin_ros2dds::routes_mgr[0m[2m:[0m Route Action Server (ROS:/tb3_robot3/navigate_to_pose <-> Zenoh:tb3_robot3/navigate_to_pose/*) created
[2m2026-08-24T04:51:17.683697Z[0m [32m INFO[0m tokio-runtime-worker ThreadId(13) [2mzenoh_plugin_ros2dds[0m[2m:[0m Node /tf_aggregator_tb3_robot1 declares Publisher /tf: tf2_msgs/msg/TFMessage - Allowed
[2m2026-08-24T04:51:17.683719Z[0m [32m INFO[0m tokio-runtime-worker ThreadId(13) [2mzenoh_plugin_ros2dds[0m[2m:[0m Node /tf_aggregator_tb3_robot1 declares Publisher /tf_static: tf2_msgs/msg/TFMessage - Allowed
[2m2026-08-24T04:51:17.683732Z[0m [32m INFO[0m tokio-runtime-worker ThreadId(13) [2mzenoh_plugin_ros2dds[0m[2m:[0m Node /tb3_robot2_bridge declares Publisher /tb3_robot2/tf: tf2_msgs/msg/TFMessage - Allowed
[2m2026-08-24T04:51:17.683785Z[0m [32m INFO[0m tokio-runtime-worker ThreadId(13) [2mzenoh_plugin_ros2dds[0m[2m:[0m Node /tb3_robot1/amcl declares Publisher /tb3_robot1/tf: tf2_msgs/msg/TFMessage - Allowed
[2m2026-08-24T04:51:17.683808Z[0m [32m INFO[0m tokio-runtime-worker ThreadId(13) [2mzenoh_plugin_ros2dds[0m[2m:[0m Node /tb3_robot1_bridge declares Publisher /tb3_robot1/tf: tf2_msgs/msg/TFMessage - Allowed
[2m2026-08-24T04:51:23.355911Z[0m [32m INFO[0m tokio-runtime-worker ThreadId(13) [2mzenoh_plugin_ros2dds::discovered_entities[0m[2m:[0m Discovered ROS Node /fleet_states_visualizer
[2m2026-08-24T04:51:23.356041Z[0m [32m INFO[0m tokio-runtime-worker ThreadId(13) [2mzenoh_plugin_ros2dds::discovered_entities[0m[2m:[0m Discovered ROS Node /rmf_dispatcher_node
[2m2026-08-24T04:51:23.458214Z[0m [32m INFO[0m tokio-runtime-worker ThreadId(02) [2mzenoh_plugin_ros2dds::discovered_entities[0m[2m:[0m Discovered ROS Node /rmf_traffic_schedule_primary
[2m2026-08-24T04:51:23.761657Z[0m [32m INFO[0m tokio-runtime-worker ThreadId(02) [2mzenoh_plugin_ros2dds::discovered_entities[0m[2m:[0m Discovered ROS Node /rmf_traffic_blockade_node
[2m2026-08-24T04:51:23.966808Z[0m [32m INFO[0m tokio-runtime-worker ThreadId(02) [2mzenoh_plugin_ros2dds::discovered_entities[0m[2m:[0m Discovered ROS Node /door_supervisor
[2m2026-08-24T04:51:24.068141Z[0m [32m INFO[0m tokio-runtime-worker ThreadId(13) [2mzenoh_plugin_ros2dds::discovered_entities[0m[2m:[0m Discovered ROS Node /static_transform_publisher_oYZrHEMVwb0rM5ij
[2m2026-08-24T04:51:24.068937Z[0m [32m INFO[0m tokio-runtime-worker ThreadId(13) [2mzenoh_plugin_ros2dds[0m[2m:[0m Node /static_transform_publisher_oYZrHEMVwb0rM5ij declares Publisher /tf_static: tf2_msgs/msg/TFMessage - Allowed
[2m2026-08-24T04:51:24.169756Z[0m [32m INFO[0m tokio-runtime-worker ThreadId(02) [2mzenoh_plugin_ros2dds::discovered_entities[0m[2m:[0m Discovered ROS Node /schedule_data_node
[2m2026-08-24T04:51:24.171342Z[0m [32m INFO[0m tokio-runtime-worker ThreadId(02) [2mzenoh_plugin_ros2dds::discovered_entities[0m[2m:[0m Discovered ROS Node /schedule_visualizer_node
[2m2026-08-24T04:51:24.271141Z[0m [32m INFO[0m tokio-runtime-worker ThreadId(02) [2mzenoh_plugin_ros2dds::discovered_entities[0m[2m:[0m Discovered ROS Node /navgraph_visualizer
[2m2026-08-24T04:51:24.372974Z[0m [32m INFO[0m tokio-runtime-worker ThreadId(07) [2mzenoh_plugin_ros2dds::discovered_entities[0m[2m:[0m Discovered ROS Node /mutex_group_supervisor
[2m2026-08-24T04:51:24.373099Z[0m [32m INFO[0m tokio-runtime-worker ThreadId(07) [2mzenoh_plugin_ros2dds::discovered_entities[0m[2m:[0m Discovered ROS Node /rmf_lift_supervisor
[2m2026-08-24T04:51:24.574411Z[0m [32m INFO[0m tokio-runtime-worker ThreadId(07) [2mzenoh_plugin_ros2dds::discovered_entities[0m[2m:[0m Discovered ROS Node /floorplan_visualizer
[2m2026-08-24T04:51:24.979449Z[0m [32m INFO[0m tokio-runtime-worker ThreadId(07) [2mzenoh_plugin_ros2dds::discovered_entities[0m[2m:[0m Discovered ROS Node /tb3_fleet_fleet_adapter
[2m2026-08-24T04:51:24.980846Z[0m [32m INFO[0m tokio-runtime-worker ThreadId(07) [2mzenoh_plugin_ros2dds::discovered_entities[0m[2m:[0m Discovered ROS Node /tb3_fleet_command_handle
[2m2026-08-24T04:51:25.599868Z[0m [32m INFO[0m tokio-runtime-worker ThreadId(07) [2mzenoh_plugin_ros2dds::discovered_entities[0m[2m:[0m Discovered ROS Node /building_map_server
[2m2026-08-24T04:51:43.190634Z[0m [32m INFO[0m tokio-runtime-worker ThreadId(02) [2mzenoh_plugin_ros2dds::discovered_entities[0m[2m:[0m Discovered ROS Node /_ros2cli_1447
[2m2026-08-24T04:51:43.595368Z[0m [32m INFO[0m tokio-runtime-worker ThreadId(02) [2mzenoh_plugin_ros2dds::discovered_entities[0m[2m:[0m Undiscovered ROS Node /_ros2cli_1447
[2m2026-08-24T04:52:45.461338Z[0m [32m INFO[0m tokio-runtime-worker ThreadId(13) [2mzenoh_plugin_ros2dds::discovered_entities[0m[2m:[0m Discovered ROS Node /_ros2cli_1490
[2m2026-08-24T04:52:45.966829Z[0m [32m INFO[0m tokio-runtime-worker ThreadId(07) [2mzenoh_plugin_ros2dds::discovered_entities[0m[2m:[0m Undiscovered ROS Node /_ros2cli_1490
[2m2026-08-24T04:52:47.396479Z[0m [32m INFO[0m tokio-runtime-worker ThreadId(07) [2mzenoh_plugin_ros2dds::discovered_entities[0m[2m:[0m Discovered ROS Node /_ros2cli_1525
[2m2026-08-24T04:52:47.901616Z[0m [32m INFO[0m tokio-runtime-worker ThreadId(02) [2mzenoh_plugin_ros2dds::discovered_entities[0m[2m:[0m Undiscovered ROS Node /_ros2cli_1525
[2m2026-08-24T04:52:49.417367Z[0m [32m INFO[0m tokio-runtime-worker ThreadId(02) [2mzenoh_plugin_ros2dds::discovered_entities[0m[2m:[0m Discovered ROS Node /_ros2cli_1560
[2m2026-08-24T04:52:49.922394Z[0m [32m INFO[0m tokio-runtime-worker ThreadId(02) [2mzenoh_plugin_ros2dds::discovered_entities[0m[2m:[0m Undiscovered ROS Node /_ros2cli_1560
[2m2026-08-24T04:52:52.045035Z[0m [32m INFO[0m tokio-runtime-worker ThreadId(02) [2mzenoh_plugin_ros2dds::discovered_entities[0m[2m:[0m Discovered ROS Node /toggle_floors
[2m2026-08-24T04:53:33.998101Z[0m [32m INFO[0m tokio-runtime-worker ThreadId(13) [2mzenoh_plugin_ros2dds::discovered_entities[0m[2m:[0m Discovered ROS Node /_ros2cli_1710
[2m2026-08-24T04:53:34.300677Z[0m [32m INFO[0m tokio-runtime-worker ThreadId(13) [2mzenoh_plugin_ros2dds::discovered_entities[0m[2m:[0m Undiscovered ROS Node /_ros2cli_1710
[2m2026-08-24T04:53:42.499324Z[0m [32m INFO[0m tokio-runtime-worker ThreadId(13) [2mzenoh_plugin_ros2dds::discovered_entities[0m[2m:[0m Discovered ROS Node /bench_task_planning_concurrent_runner
[2m2026-08-24T04:54:52.710783Z[0m [33m WARN[0m                net-0 ThreadId(14) [2mzenoh::net::routing::dispatcher::queries[0m[2m:[0m Face{1, 40305f7b3f5b541aa0ec8ecbc8027690}:2 Didn't receive final reply for query Face{2, d1aa1c0db8ee4a52adc3b1e68d42760d}:2: Timeout(10s)!
[2m2026-08-24T04:55:01.537842Z[0m [33m WARN[0m ThreadId(19) [2mzenoh::net::routing::dispatcher::queries[0m[2m:[0m Face{1, 40305f7b3f5b541aa0ec8ecbc8027690}:2 Route reply: Query not found!
[2m2026-08-24T04:55:01.537950Z[0m [33m WARN[0m ThreadId(19) [2mzenoh::net::routing::dispatcher::queries[0m[2m:[0m Face{1, 40305f7b3f5b541aa0ec8ecbc8027690}:2 Route final reply: Query not found!
[2m2026-08-24T04:55:11.683290Z[0m [33m WARN[0m                net-0 ThreadId(14) [2mzenoh::net::routing::dispatcher::queries[0m[2m:[0m Face{1, 40305f7b3f5b541aa0ec8ecbc8027690}:9 Didn't receive final reply for query Face{2, d1aa1c0db8ee4a52adc3b1e68d42760d}:9: Timeout(10s)!
[2m2026-08-24T04:55:22.184701Z[0m [33m WARN[0m                net-0 ThreadId(14) [2mzenoh::net::routing::dispatcher::queries[0m[2m:[0m Face{1, 40305f7b3f5b541aa0ec8ecbc8027690}:10 Didn't receive final reply for query Face{2, d1aa1c0db8ee4a52adc3b1e68d42760d}:10: Timeout(10s)!
[2m2026-08-24T04:55:32.685747Z[0m [33m WARN[0m                net-0 ThreadId(14) [2mzenoh::net::routing::dispatcher::queries[0m[2m:[0m Face{1, 40305f7b3f5b541aa0ec8ecbc8027690}:11 Didn't receive final reply for query Face{2, d1aa1c0db8ee4a52adc3b1e68d42760d}:11: Timeout(10s)!
[2m2026-08-24T04:55:35.624592Z[0m [33m WARN[0m ThreadId(19) [2mzenoh::net::routing::dispatcher::queries[0m[2m:[0m Face{1, 40305f7b3f5b541aa0ec8ecbc8027690}:9 Route reply: Query not found!
[2m2026-08-24T04:55:35.624645Z[0m [33m WARN[0m ThreadId(19) [2mzenoh::net::routing::dispatcher::queries[0m[2m:[0m Face{1, 40305f7b3f5b541aa0ec8ecbc8027690}:9 Route final reply: Query not found!
[2m2026-08-24T04:55:35.624667Z[0m [33m WARN[0m ThreadId(19) [2mzenoh::net::routing::dispatcher::queries[0m[2m:[0m Face{1, 40305f7b3f5b541aa0ec8ecbc8027690}:10 Route reply: Query not found!
[2m2026-08-24T04:55:35.624672Z[0m [33m WARN[0m ThreadId(19) [2mzenoh::net::routing::dispatcher::queries[0m[2m:[0m Face{1, 40305f7b3f5b541aa0ec8ecbc8027690}:10 Route final reply: Query not found!
[2m2026-08-24T04:55:35.624688Z[0m [33m WARN[0m ThreadId(19) [2mzenoh::net::routing::dispatcher::queries[0m[2m:[0m Face{1, 40305f7b3f5b541aa0ec8ecbc8027690}:11 Route reply: Query not found!
[2m2026-08-24T04:55:35.624692Z[0m [33m WARN[0m ThreadId(19) [2mzenoh::net::routing::dispatcher::queries[0m[2m:[0m Face{1, 40305f7b3f5b541aa0ec8ecbc8027690}:11 Route final reply: Query not found!
[2m2026-08-24T04:55:56.962634Z[0m [33m WARN[0m                net-0 ThreadId(14) [2mzenoh::net::routing::dispatcher::queries[0m[2m:[0m Face{1, 40305f7b3f5b541aa0ec8ecbc8027690}:18 Didn't receive final reply for query Face{2, d1aa1c0db8ee4a52adc3b1e68d42760d}:18: Timeout(10s)!
[2m2026-08-24T04:56:04.889122Z[0m [33m WARN[0m ThreadId(19) [2mzenoh::net::routing::dispatcher::queries[0m[2m:[0m Face{1, 40305f7b3f5b541aa0ec8ecbc8027690}:18 Route reply: Query not found!
[2m2026-08-24T04:56:04.889170Z[0m [33m WARN[0m ThreadId(19) [2mzenoh::net::routing::dispatcher::queries[0m[2m:[0m Face{1, 40305f7b3f5b541aa0ec8ecbc8027690}:18 Route final reply: Query not found!
[2m2026-08-24T04:56:15.018765Z[0m [33m WARN[0m                net-0 ThreadId(14) [2mzenoh::net::routing::dispatcher::queries[0m[2m:[0m Face{1, 40305f7b3f5b541aa0ec8ecbc8027690}:22 Didn't receive final reply for query Face{2, d1aa1c0db8ee4a52adc3b1e68d42760d}:22: Timeout(10s)!
[2m2026-08-24T04:56:20.149794Z[0m [33m WARN[0m ThreadId(19) [2mzenoh::net::routing::dispatcher::queries[0m[2m:[0m Face{1, 40305f7b3f5b541aa0ec8ecbc8027690}:22 Route reply: Query not found!
[2m2026-08-24T04:56:20.149849Z[0m [33m WARN[0m ThreadId(19) [2mzenoh::net::routing::dispatcher::queries[0m[2m:[0m Face{1, 40305f7b3f5b541aa0ec8ecbc8027690}:22 Route final reply: Query not found!
[2m2026-08-24T04:56:57.199825Z[0m [33m WARN[0m                net-0 ThreadId(14) [2mzenoh::net::routing::dispatcher::queries[0m[2m:[0m Face{1, 40305f7b3f5b541aa0ec8ecbc8027690}:28 Didn't receive final reply for query Face{2, d1aa1c0db8ee4a52adc3b1e68d42760d}:28: Timeout(10s)!
[2m2026-08-24T04:57:07.699719Z[0m [33m WARN[0m                net-0 ThreadId(14) [2mzenoh::net::routing::dispatcher::queries[0m[2m:[0m Face{1, 40305f7b3f5b541aa0ec8ecbc8027690}:29 Didn't receive final reply for query Face{2, d1aa1c0db8ee4a52adc3b1e68d42760d}:29: Timeout(10s)!
[2m2026-08-24T04:57:11.326227Z[0m [33m WARN[0m ThreadId(19) [2mzenoh::net::routing::dispatcher::queries[0m[2m:[0m Face{1, 40305f7b3f5b541aa0ec8ecbc8027690}:28 Route reply: Query not found!
[2m2026-08-24T04:57:11.326284Z[0m [33m WARN[0m ThreadId(19) [2mzenoh::net::routing::dispatcher::queries[0m[2m:[0m Face{1, 40305f7b3f5b541aa0ec8ecbc8027690}:28 Route final reply: Query not found!
[2m2026-08-24T04:57:11.326307Z[0m [33m WARN[0m ThreadId(19) [2mzenoh::net::routing::dispatcher::queries[0m[2m:[0m Face{1, 40305f7b3f5b541aa0ec8ecbc8027690}:29 Route reply: Query not found!
[2m2026-08-24T04:57:11.326311Z[0m [33m WARN[0m ThreadId(19) [2mzenoh::net::routing::dispatcher::queries[0m[2m:[0m Face{1, 40305f7b3f5b541aa0ec8ecbc8027690}:29 Route final reply: Query not found!
[2m2026-08-24T04:57:21.458697Z[0m [33m WARN[0m                net-0 ThreadId(14) [2mzenoh::net::routing::dispatcher::queries[0m[2m:[0m Face{1, 40305f7b3f5b541aa0ec8ecbc8027690}:33 Didn't receive final reply for query Face{2, d1aa1c0db8ee4a52adc3b1e68d42760d}:33: Timeout(10s)!
[2m2026-08-24T04:57:31.960663Z[0m [33m WARN[0m                net-0 ThreadId(14) [2mzenoh::net::routing::dispatcher::queries[0m[2m:[0m Face{1, 40305f7b3f5b541aa0ec8ecbc8027690}:34 Didn't receive final reply for query Face{2, d1aa1c0db8ee4a52adc3b1e68d42760d}:34: Timeout(10s)!
[2m2026-08-24T04:57:42.461830Z[0m [33m WARN[0m                net-0 ThreadId(14) [2mzenoh::net::routing::dispatcher::queries[0m[2m:[0m Face{1, 40305f7b3f5b541aa0ec8ecbc8027690}:35 Didn't receive final reply for query Face{2, d1aa1c0db8ee4a52adc3b1e68d42760d}:35: Timeout(10s)!
[2m2026-08-24T04:57:48.686783Z[0m [33m WARN[0m ThreadId(19) [2mzenoh::net::routing::dispatcher::queries[0m[2m:[0m Face{1, 40305f7b3f5b541aa0ec8ecbc8027690}:33 Route reply: Query not found!
[2m2026-08-24T04:57:48.686837Z[0m [33m WARN[0m ThreadId(19) [2mzenoh::net::routing::dispatcher::queries[0m[2m:[0m Face{1, 40305f7b3f5b541aa0ec8ecbc8027690}:33 Route final reply: Query not found!
[2m2026-08-24T04:57:48.686856Z[0m [33m WARN[0m ThreadId(19) [2mzenoh::net::routing::dispatcher::queries[0m[2m:[0m Face{1, 40305f7b3f5b541aa0ec8ecbc8027690}:34 Route reply: Query not found!
[2m2026-08-24T04:57:48.686860Z[0m [33m WARN[0m ThreadId(19) [2mzenoh::net::routing::dispatcher::queries[0m[2m:[0m Face{1, 40305f7b3f5b541aa0ec8ecbc8027690}:34 Route final reply: Query not found!
[2m2026-08-24T04:57:48.686871Z[0m [33m WARN[0m ThreadId(19) [2mzenoh::net::routing::dispatcher::queries[0m[2m:[0m Face{1, 40305f7b3f5b541aa0ec8ecbc8027690}:35 Route reply: Query not found!
[2m2026-08-24T04:57:48.686875Z[0m [33m WARN[0m ThreadId(19) [2mzenoh::net::routing::dispatcher::queries[0m[2m:[0m Face{1, 40305f7b3f5b541aa0ec8ecbc8027690}:35 Route final reply: Query not found!
[2m2026-08-24T04:58:41.475802Z[0m [32m INFO[0m tokio-runtime-worker ThreadId(07) [2mzenoh_plugin_ros2dds::discovered_entities[0m[2m:[0m Discovered ROS Node /_ros2cli_2062
[2m2026-08-24T04:58:42.082001Z[0m [32m INFO[0m tokio-runtime-worker ThreadId(07) [2mzenoh_plugin_ros2dds::discovered_entities[0m[2m:[0m Undiscovered ROS Node /_ros2cli_2062
[2m2026-08-24T04:58:43.800887Z[0m [32m INFO[0m tokio-runtime-worker ThreadId(02) [2mzenoh_plugin_ros2dds::discovered_entities[0m[2m:[0m Discovered ROS Node /_ros2cli_2097
[2m2026-08-24T04:58:44.204401Z[0m [32m INFO[0m tokio-runtime-worker ThreadId(07) [2mzenoh_plugin_ros2dds::discovered_entities[0m[2m:[0m Undiscovered ROS Node /_ros2cli_2097
[2m2026-08-24T04:58:58.358382Z[0m [32m INFO[0m tokio-runtime-worker ThreadId(02) [2mzenoh_plugin_ros2dds::discovered_entities[0m[2m:[0m Discovered ROS Node /reseed_robot1_collision
[2m2026-08-24T04:59:00.381436Z[0m [32m INFO[0m tokio-runtime-worker ThreadId(07) [2mzenoh_plugin_ros2dds::discovered_entities[0m[2m:[0m Undiscovered ROS Node /reseed_robot1_collision
[2m2026-08-24T04:59:13.797771Z[0m [33m WARN[0m                net-0 ThreadId(14) [2mzenoh::net::routing::dispatcher::queries[0m[2m:[0m Face{1, 40305f7b3f5b541aa0ec8ecbc8027690}:39 Didn't receive final reply for query Face{2, d1aa1c0db8ee4a52adc3b1e68d42760d}:39: Timeout(10s)!
[2m2026-08-24T04:59:20.861538Z[0m [33m WARN[0m ThreadId(19) [2mzenoh::net::routing::dispatcher::queries[0m[2m:[0m Face{1, 40305f7b3f5b541aa0ec8ecbc8027690}:39 Route reply: Query not found!
[2m2026-08-24T04:59:20.861605Z[0m [33m WARN[0m ThreadId(19) [2mzenoh::net::routing::dispatcher::queries[0m[2m:[0m Face{1, 40305f7b3f5b541aa0ec8ecbc8027690}:39 Route final reply: Query not found!
[2m2026-08-24T04:59:30.946669Z[0m [33m WARN[0m                net-0 ThreadId(14) [2mzenoh::net::routing::dispatcher::queries[0m[2m:[0m Face{1, 40305f7b3f5b541aa0ec8ecbc8027690}:43 Didn't receive final reply for query Face{2, d1aa1c0db8ee4a52adc3b1e68d42760d}:43: Timeout(10s)!
[2m2026-08-24T04:59:38.867083Z[0m [33m WARN[0m ThreadId(19) [2mzenoh::net::routing::dispatcher::queries[0m[2m:[0m Face{1, 40305f7b3f5b541aa0ec8ecbc8027690}:43 Route reply: Query not found!
[2m2026-08-24T04:59:38.867133Z[0m [33m WARN[0m ThreadId(19) [2mzenoh::net::routing::dispatcher::queries[0m[2m:[0m Face{1, 40305f7b3f5b541aa0ec8ecbc8027690}:43 Route final reply: Query not found!
[2m2026-08-24T04:59:48.915772Z[0m [33m WARN[0m                net-0 ThreadId(14) [2mzenoh::net::routing::dispatcher::queries[0m[2m:[0m Face{1, 40305f7b3f5b541aa0ec8ecbc8027690}:47 Didn't receive final reply for query Face{2, d1aa1c0db8ee4a52adc3b1e68d42760d}:47: Timeout(10s)!
[2m2026-08-24T04:59:56.865600Z[0m [33m WARN[0m ThreadId(19) [2mzenoh::net::routing::dispatcher::queries[0m[2m:[0m Face{1, 40305f7b3f5b541aa0ec8ecbc8027690}:47 Route reply: Query not found!
[2m2026-08-24T04:59:56.865655Z[0m [33m WARN[0m ThreadId(19) [2mzenoh::net::routing::dispatcher::queries[0m[2m:[0m Face{1, 40305f7b3f5b541aa0ec8ecbc8027690}:47 Route final reply: Query not found!
[2m2026-08-24T05:00:06.970771Z[0m [33m WARN[0m                net-0 ThreadId(14) [2mzenoh::net::routing::dispatcher::queries[0m[2m:[0m Face{1, 40305f7b3f5b541aa0ec8ecbc8027690}:51 Didn't receive final reply for query Face{2, d1aa1c0db8ee4a52adc3b1e68d42760d}:51: Timeout(10s)!
[2m2026-08-24T05:00:14.864377Z[0m [33m WARN[0m ThreadId(19) [2mzenoh::net::routing::dispatcher::queries[0m[2m:[0m Face{1, 40305f7b3f5b541aa0ec8ecbc8027690}:51 Route reply: Query not found!
[2m2026-08-24T05:00:14.864413Z[0m [33m WARN[0m ThreadId(19) [2mzenoh::net::routing::dispatcher::queries[0m[2m:[0m Face{1, 40305f7b3f5b541aa0ec8ecbc8027690}:51 Route final reply: Query not found!
[2m2026-08-24T05:00:24.947776Z[0m [33m WARN[0m                net-0 ThreadId(14) [2mzenoh::net::routing::dispatcher::queries[0m[2m:[0m Face{1, 40305f7b3f5b541aa0ec8ecbc8027690}:55 Didn't receive final reply for query Face{2, d1aa1c0db8ee4a52adc3b1e68d42760d}:55: Timeout(10s)!
[2m2026-08-24T05:00:32.868634Z[0m [33m WARN[0m ThreadId(19) [2mzenoh::net::routing::dispatcher::queries[0m[2m:[0m Face{1, 40305f7b3f5b541aa0ec8ecbc8027690}:55 Route reply: Query not found!
[2m2026-08-24T05:00:32.868782Z[0m [33m WARN[0m ThreadId(19) [2mzenoh::net::routing::dispatcher::queries[0m[2m:[0m Face{1, 40305f7b3f5b541aa0ec8ecbc8027690}:55 Route final reply: Query not found!
[2m2026-08-24T05:00:42.913944Z[0m [33m WARN[0m                net-0 ThreadId(14) [2mzenoh::net::routing::dispatcher::queries[0m[2m:[0m Face{1, 40305f7b3f5b541aa0ec8ecbc8027690}:59 Didn't receive final reply for query Face{2, d1aa1c0db8ee4a52adc3b1e68d42760d}:59: Timeout(10s)!
[2m2026-08-24T05:00:50.864939Z[0m [33m WARN[0m ThreadId(19) [2mzenoh::net::routing::dispatcher::queries[0m[2m:[0m Face{1, 40305f7b3f5b541aa0ec8ecbc8027690}:59 Route reply: Query not found!
[2m2026-08-24T05:00:50.864971Z[0m [33m WARN[0m ThreadId(19) [2mzenoh::net::routing::dispatcher::queries[0m[2m:[0m Face{1, 40305f7b3f5b541aa0ec8ecbc8027690}:59 Route final reply: Query not found!
[2m2026-08-24T05:01:00.998228Z[0m [33m WARN[0m                net-0 ThreadId(14) [2mzenoh::net::routing::dispatcher::queries[0m[2m:[0m Face{1, 40305f7b3f5b541aa0ec8ecbc8027690}:66 Didn't receive final reply for query Face{2, d1aa1c0db8ee4a52adc3b1e68d42760d}:66: Timeout(10s)!
[2m2026-08-24T05:01:08.867607Z[0m [33m WARN[0m ThreadId(19) [2mzenoh::net::routing::dispatcher::queries[0m[2m:[0m Face{1, 40305f7b3f5b541aa0ec8ecbc8027690}:66 Route reply: Query not found!
[2m2026-08-24T05:01:08.867687Z[0m [33m WARN[0m ThreadId(19) [2mzenoh::net::routing::dispatcher::queries[0m[2m:[0m Face{1, 40305f7b3f5b541aa0ec8ecbc8027690}:66 Route final reply: Query not found!
[2m2026-08-24T05:01:23.443687Z[0m [33m WARN[0m                net-0 ThreadId(14) [2mzenoh::net::routing::dispatcher::queries[0m[2m:[0m Face{1, 40305f7b3f5b541aa0ec8ecbc8027690}:135 Didn't receive final reply for query Face{2, d1aa1c0db8ee4a52adc3b1e68d42760d}:135: Timeout(10s)!
[2m2026-08-24T05:01:27.340004Z[0m [33m WARN[0m ThreadId(19) [2mzenoh::net::routing::dispatcher::queries[0m[2m:[0m Face{1, 40305f7b3f5b541aa0ec8ecbc8027690}:135 Route reply: Query not found!
[2m2026-08-24T05:01:27.340052Z[0m [33m WARN[0m ThreadId(19) [2mzenoh::net::routing::dispatcher::queries[0m[2m:[0m Face{1, 40305f7b3f5b541aa0ec8ecbc8027690}:135 Route final reply: Query not found!
[2m2026-08-24T05:01:37.448832Z[0m [33m WARN[0m                net-0 ThreadId(14) [2mzenoh::net::routing::dispatcher::queries[0m[2m:[0m Face{1, 40305f7b3f5b541aa0ec8ecbc8027690}:143 Didn't receive final reply for query Face{2, d1aa1c0db8ee4a52adc3b1e68d42760d}:143: Timeout(10s)!
[2m2026-08-24T05:01:43.679424Z[0m [33m WARN[0m ThreadId(19) [2mzenoh::net::routing::dispatcher::queries[0m[2m:[0m Face{1, 40305f7b3f5b541aa0ec8ecbc8027690}:143 Route reply: Query not found!
[2m2026-08-24T05:01:43.679498Z[0m [33m WARN[0m ThreadId(19) [2mzenoh::net::routing::dispatcher::queries[0m[2m:[0m Face{1, 40305f7b3f5b541aa0ec8ecbc8027690}:143 Route final reply: Query not found!
[2m2026-08-24T05:01:53.817758Z[0m [33m WARN[0m                net-0 ThreadId(14) [2mzenoh::net::routing::dispatcher::queries[0m[2m:[0m Face{1, 40305f7b3f5b541aa0ec8ecbc8027690}:147 Didn't receive final reply for query Face{2, d1aa1c0db8ee4a52adc3b1e68d42760d}:147: Timeout(10s)!
[2m2026-08-24T05:02:00.859127Z[0m [33m WARN[0m ThreadId(19) [2mzenoh::net::routing::dispatcher::queries[0m[2m:[0m Face{1, 40305f7b3f5b541aa0ec8ecbc8027690}:147 Route reply: Query not found!
[2m2026-08-24T05:02:00.859202Z[0m [33m WARN[0m ThreadId(19) [2mzenoh::net::routing::dispatcher::queries[0m[2m:[0m Face{1, 40305f7b3f5b541aa0ec8ecbc8027690}:147 Route final reply: Query not found!
[2m2026-08-24T05:02:16.943694Z[0m [33m WARN[0m                net-0 ThreadId(14) [2mzenoh::net::routing::dispatcher::queries[0m[2m:[0m Face{1, 40305f7b3f5b541aa0ec8ecbc8027690}:177 Didn't receive final reply for query Face{2, d1aa1c0db8ee4a52adc3b1e68d42760d}:177: Timeout(10s)!
[2m2026-08-24T05:02:20.554469Z[0m [33m WARN[0m ThreadId(19) [2mzenoh::net::routing::dispatcher::queries[0m[2m:[0m Face{1, 40305f7b3f5b541aa0ec8ecbc8027690}:177 Route reply: Query not found!
[2m2026-08-24T05:02:20.554514Z[0m [33m WARN[0m ThreadId(19) [2mzenoh::net::routing::dispatcher::queries[0m[2m:[0m Face{1, 40305f7b3f5b541aa0ec8ecbc8027690}:177 Route final reply: Query not found!
[2m2026-08-24T05:02:30.643717Z[0m [33m WARN[0m                net-0 ThreadId(14) [2mzenoh::net::routing::dispatcher::queries[0m[2m:[0m Face{1, 40305f7b3f5b541aa0ec8ecbc8027690}:185 Didn't receive final reply for query Face{2, d1aa1c0db8ee4a52adc3b1e68d42760d}:185: Timeout(10s)!
[2m2026-08-24T05:02:36.370225Z[0m [33m WARN[0m ThreadId(19) [2mzenoh::net::routing::dispatcher::queries[0m[2m:[0m Face{1, 40305f7b3f5b541aa0ec8ecbc8027690}:185 Route reply: Query not found!
[2m2026-08-24T05:02:36.370277Z[0m [33m WARN[0m ThreadId(19) [2mzenoh::net::routing::dispatcher::queries[0m[2m:[0m Face{1, 40305f7b3f5b541aa0ec8ecbc8027690}:185 Route final reply: Query not found!
[2m2026-08-24T05:02:46.514714Z[0m [33m WARN[0m                net-0 ThreadId(14) [2mzenoh::net::routing::dispatcher::queries[0m[2m:[0m Face{1, 40305f7b3f5b541aa0ec8ecbc8027690}:189 Didn't receive final reply for query Face{2, d1aa1c0db8ee4a52adc3b1e68d42760d}:189: Timeout(10s)!
[2m2026-08-24T05:02:53.861859Z[0m [33m WARN[0m ThreadId(19) [2mzenoh::net::routing::dispatcher::queries[0m[2m:[0m Face{1, 40305f7b3f5b541aa0ec8ecbc8027690}:189 Route reply: Query not found!
[2m2026-08-24T05:02:53.861892Z[0m [33m WARN[0m ThreadId(19) [2mzenoh::net::routing::dispatcher::queries[0m[2m:[0m Face{1, 40305f7b3f5b541aa0ec8ecbc8027690}:189 Route final reply: Query not found!
[2m2026-08-24T05:03:03.964732Z[0m [33m WARN[0m                net-0 ThreadId(14) [2mzenoh::net::routing::dispatcher::queries[0m[2m:[0m Face{1, 40305f7b3f5b541aa0ec8ecbc8027690}:193 Didn't receive final reply for query Face{2, d1aa1c0db8ee4a52adc3b1e68d42760d}:193: Timeout(10s)!
[2m2026-08-24T05:03:11.866287Z[0m [33m WARN[0m ThreadId(19) [2mzenoh::net::routing::dispatcher::queries[0m[2m:[0m Face{1, 40305f7b3f5b541aa0ec8ecbc8027690}:193 Route reply: Query not found!
[2m2026-08-24T05:03:11.866329Z[0m [33m WARN[0m ThreadId(19) [2mzenoh::net::routing::dispatcher::queries[0m[2m:[0m Face{1, 40305f7b3f5b541aa0ec8ecbc8027690}:193 Route final reply: Query not found!
[2m2026-08-24T05:03:21.918749Z[0m [33m WARN[0m                net-0 ThreadId(14) [2mzenoh::net::routing::dispatcher::queries[0m[2m:[0m Face{1, 40305f7b3f5b541aa0ec8ecbc8027690}:197 Didn't receive final reply for query Face{2, d1aa1c0db8ee4a52adc3b1e68d42760d}:197: Timeout(10s)!
[2m2026-08-24T05:03:29.861387Z[0m [33m WARN[0m ThreadId(19) [2mzenoh::net::routing::dispatcher::queries[0m[2m:[0m Face{1, 40305f7b3f5b541aa0ec8ecbc8027690}:197 Route reply: Query not found!
[2m2026-08-24T05:03:29.861436Z[0m [33m WARN[0m ThreadId(19) [2mzenoh::net::routing::dispatcher::queries[0m[2m:[0m Face{1, 40305f7b3f5b541aa0ec8ecbc8027690}:197 Route final reply: Query not found!
[2m2026-08-24T05:03:39.996680Z[0m [33m WARN[0m                net-0 ThreadId(14) [2mzenoh::net::routing::dispatcher::queries[0m[2m:[0m Face{1, 40305f7b3f5b541aa0ec8ecbc8027690}:201 Didn't receive final reply for query Face{2, d1aa1c0db8ee4a52adc3b1e68d42760d}:201: Timeout(10s)!
[2m2026-08-24T05:03:47.867852Z[0m [33m WARN[0m ThreadId(19) [2mzenoh::net::routing::dispatcher::queries[0m[2m:[0m Face{1, 40305f7b3f5b541aa0ec8ecbc8027690}:201 Route reply: Query not found!
[2m2026-08-24T05:03:47.868133Z[0m [33m WARN[0m ThreadId(19) [2mzenoh::net::routing::dispatcher::queries[0m[2m:[0m Face{1, 40305f7b3f5b541aa0ec8ecbc8027690}:201 Route final reply: Query not found!
[2m2026-08-24T05:03:57.949665Z[0m [33m WARN[0m                net-0 ThreadId(14) [2mzenoh::net::routing::dispatcher::queries[0m[2m:[0m Face{1, 40305f7b3f5b541aa0ec8ecbc8027690}:205 Didn't receive final reply for query Face{2, d1aa1c0db8ee4a52adc3b1e68d42760d}:205: Timeout(10s)!
[2m2026-08-24T05:04:05.860211Z[0m [33m WARN[0m ThreadId(19) [2mzenoh::net::routing::dispatcher::queries[0m[2m:[0m Face{1, 40305f7b3f5b541aa0ec8ecbc8027690}:205 Route reply: Query not found!
[2m2026-08-24T05:04:05.860262Z[0m [33m WARN[0m ThreadId(19) [2mzenoh::net::routing::dispatcher::queries[0m[2m:[0m Face{1, 40305f7b3f5b541aa0ec8ecbc8027690}:205 Route final reply: Query not found!
[2m2026-08-24T05:04:15.920861Z[0m [33m WARN[0m                net-0 ThreadId(14) [2mzenoh::net::routing::dispatcher::queries[0m[2m:[0m Face{1, 40305f7b3f5b541aa0ec8ecbc8027690}:209 Didn't receive final reply for query Face{2, d1aa1c0db8ee4a52adc3b1e68d42760d}:209: Timeout(10s)!
[2m2026-08-24T05:04:23.862769Z[0m [33m WARN[0m ThreadId(19) [2mzenoh::net::routing::dispatcher::queries[0m[2m:[0m Face{1, 40305f7b3f5b541aa0ec8ecbc8027690}:209 Route reply: Query not found!
[2m2026-08-24T05:04:23.862806Z[0m [33m WARN[0m ThreadId(19) [2mzenoh::net::routing::dispatcher::queries[0m[2m:[0m Face{1, 40305f7b3f5b541aa0ec8ecbc8027690}:209 Route final reply: Query not found!
[2m2026-08-24T05:04:33.894680Z[0m [33m WARN[0m                net-0 ThreadId(14) [2mzenoh::net::routing::dispatcher::queries[0m[2m:[0m Face{1, 40305f7b3f5b541aa0ec8ecbc8027690}:213 Didn't receive final reply for query Face{2, d1aa1c0db8ee4a52adc3b1e68d42760d}:213: Timeout(10s)!
[2m2026-08-24T05:04:41.867264Z[0m [33m WARN[0m ThreadId(19) [2mzenoh::net::routing::dispatcher::queries[0m[2m:[0m Face{1, 40305f7b3f5b541aa0ec8ecbc8027690}:213 Route reply: Query not found!
[2m2026-08-24T05:04:41.867320Z[0m [33m WARN[0m ThreadId(19) [2mzenoh::net::routing::dispatcher::queries[0m[2m:[0m Face{1, 40305f7b3f5b541aa0ec8ecbc8027690}:213 Route final reply: Query not found!
[2m2026-08-24T05:04:51.958725Z[0m [33m WARN[0m                net-0 ThreadId(14) [2mzenoh::net::routing::dispatcher::queries[0m[2m:[0m Face{1, 40305f7b3f5b541aa0ec8ecbc8027690}:217 Didn't receive final reply for query Face{2, d1aa1c0db8ee4a52adc3b1e68d42760d}:217: Timeout(10s)!
[2m2026-08-24T05:04:53.001202Z[0m [33m WARN[0m ThreadId(19) [2mzenoh::net::routing::dispatcher::queries[0m[2m:[0m Face{1, 40305f7b3f5b541aa0ec8ecbc8027690}:217 Route reply: Query not found!
[2m2026-08-24T05:04:53.001241Z[0m [33m WARN[0m ThreadId(19) [2mzenoh::net::routing::dispatcher::queries[0m[2m:[0m Face{1, 40305f7b3f5b541aa0ec8ecbc8027690}:217 Route final reply: Query not found!
[2m2026-08-24T05:05:03.149691Z[0m [33m WARN[0m                net-0 ThreadId(14) [2mzenoh::net::routing::dispatcher::queries[0m[2m:[0m Face{1, 40305f7b3f5b541aa0ec8ecbc8027690}:235 Didn't receive final reply for query Face{2, d1aa1c0db8ee4a52adc3b1e68d42760d}:235: Timeout(10s)!
[2m2026-08-24T05:05:10.861937Z[0m [33m WARN[0m ThreadId(19) [2mzenoh::net::routing::dispatcher::queries[0m[2m:[0m Face{1, 40305f7b3f5b541aa0ec8ecbc8027690}:235 Route reply: Query not found!
[2m2026-08-24T05:05:10.861976Z[0m [33m WARN[0m ThreadId(19) [2mzenoh::net::routing::dispatcher::queries[0m[2m:[0m Face{1, 40305f7b3f5b541aa0ec8ecbc8027690}:235 Route final reply: Query not found!
[2m2026-08-24T05:05:21.014682Z[0m [33m WARN[0m                net-0 ThreadId(14) [2mzenoh::net::routing::dispatcher::queries[0m[2m:[0m Face{1, 40305f7b3f5b541aa0ec8ecbc8027690}:246 Didn't receive final reply for query Face{2, d1aa1c0db8ee4a52adc3b1e68d42760d}:246: Timeout(10s)!
[2m2026-08-24T05:05:31.515671Z[0m [33m WARN[0m                net-0 ThreadId(14) [2mzenoh::net::routing::dispatcher::queries[0m[2m:[0m Face{1, 40305f7b3f5b541aa0ec8ecbc8027690}:247 Didn't receive final reply for query Face{2, d1aa1c0db8ee4a52adc3b1e68d42760d}:247: Timeout(10s)!
[2m2026-08-24T05:05:42.017209Z[0m [33m WARN[0m                net-0 ThreadId(14) [2mzenoh::net::routing::dispatcher::queries[0m[2m:[0m Face{1, 40305f7b3f5b541aa0ec8ecbc8027690}:248 Didn't receive final reply for query Face{2, d1aa1c0db8ee4a52adc3b1e68d42760d}:248: Timeout(10s)!
[2m2026-08-24T05:05:44.344716Z[0m [33m WARN[0m ThreadId(19) [2mzenoh::net::routing::dispatcher::queries[0m[2m:[0m Face{1, 40305f7b3f5b541aa0ec8ecbc8027690}:246 Route reply: Query not found!
[2m2026-08-24T05:05:44.344757Z[0m [33m WARN[0m ThreadId(19) [2mzenoh::net::routing::dispatcher::queries[0m[2m:[0m Face{1, 40305f7b3f5b541aa0ec8ecbc8027690}:246 Route final reply: Query not found!
[2m2026-08-24T05:05:44.344782Z[0m [33m WARN[0m ThreadId(19) [2mzenoh::net::routing::dispatcher::queries[0m[2m:[0m Face{1, 40305f7b3f5b541aa0ec8ecbc8027690}:247 Route reply: Query not found!
[2m2026-08-24T05:05:44.344806Z[0m [33m WARN[0m ThreadId(19) [2mzenoh::net::routing::dispatcher::queries[0m[2m:[0m Face{1, 40305f7b3f5b541aa0ec8ecbc8027690}:247 Route final reply: Query not found!
[2m2026-08-24T05:05:44.344825Z[0m [33m WARN[0m ThreadId(19) [2mzenoh::net::routing::dispatcher::queries[0m[2m:[0m Face{1, 40305f7b3f5b541aa0ec8ecbc8027690}:248 Route reply: Query not found!
[2m2026-08-24T05:05:44.344829Z[0m [33m WARN[0m ThreadId(19) [2mzenoh::net::routing::dispatcher::queries[0m[2m:[0m Face{1, 40305f7b3f5b541aa0ec8ecbc8027690}:248 Route final reply: Query not found!
[2m2026-08-24T05:05:54.100340Z[0m [33m WARN[0m                net-0 ThreadId(14) [2mzenoh::net::routing::dispatcher::queries[0m[2m:[0m Face{1, 40305f7b3f5b541aa0ec8ecbc8027690}:252 Didn't receive final reply for query Face{2, d1aa1c0db8ee4a52adc3b1e68d42760d}:252: Timeout(10s)!
[2m2026-08-24T05:06:01.868525Z[0m [33m WARN[0m ThreadId(19) [2mzenoh::net::routing::dispatcher::queries[0m[2m:[0m Face{1, 40305f7b3f5b541aa0ec8ecbc8027690}:252 Route reply: Query not found!
[2m2026-08-24T05:06:01.868578Z[0m [33m WARN[0m ThreadId(19) [2mzenoh::net::routing::dispatcher::queries[0m[2m:[0m Face{1, 40305f7b3f5b541aa0ec8ecbc8027690}:252 Route final reply: Query not found!
[2m2026-08-24T05:06:15.744695Z[0m [33m WARN[0m                net-0 ThreadId(14) [2mzenoh::net::routing::dispatcher::queries[0m[2m:[0m Face{1, 40305f7b3f5b541aa0ec8ecbc8027690}:337 Didn't receive final reply for query Face{2, d1aa1c0db8ee4a52adc3b1e68d42760d}:337: Timeout(10s)!
[2m2026-08-24T05:06:22.559391Z[0m [33m WARN[0m ThreadId(19) [2mzenoh::net::routing::dispatcher::queries[0m[2m:[0m Face{1, 40305f7b3f5b541aa0ec8ecbc8027690}:337 Route reply: Query not found!
[2m2026-08-24T05:06:22.559443Z[0m [33m WARN[0m ThreadId(19) [2mzenoh::net::routing::dispatcher::queries[0m[2m:[0m Face{1, 40305f7b3f5b541aa0ec8ecbc8027690}:337 Route final reply: Query not found!
[2m2026-08-24T05:06:32.665735Z[0m [33m WARN[0m                net-0 ThreadId(14) [2mzenoh::net::routing::dispatcher::queries[0m[2m:[0m Face{1, 40305f7b3f5b541aa0ec8ecbc8027690}:344 Didn't receive final reply for query Face{2, d1aa1c0db8ee4a52adc3b1e68d42760d}:344: Timeout(10s)!
[2m2026-08-24T05:06:37.896509Z[0m [33m WARN[0m ThreadId(19) [2mzenoh::net::routing::dispatcher::queries[0m[2m:[0m Face{1, 40305f7b3f5b541aa0ec8ecbc8027690}:344 Route reply: Query not found!
[2m2026-08-24T05:06:37.896558Z[0m [33m WARN[0m ThreadId(19) [2mzenoh::net::routing::dispatcher::queries[0m[2m:[0m Face{1, 40305f7b3f5b541aa0ec8ecbc8027690}:344 Route final reply: Query not found!
[2m2026-08-24T05:06:48.045450Z[0m [33m WARN[0m                net-0 ThreadId(14) [2mzenoh::net::routing::dispatcher::queries[0m[2m:[0m Face{1, 40305f7b3f5b541aa0ec8ecbc8027690}:348 Didn't receive final reply for query Face{2, d1aa1c0db8ee4a52adc3b1e68d42760d}:348: Timeout(10s)!
[2m2026-08-24T05:06:55.860638Z[0m [33m WARN[0m ThreadId(19) [2mzenoh::net::routing::dispatcher::queries[0m[2m:[0m Face{1, 40305f7b3f5b541aa0ec8ecbc8027690}:348 Route reply: Query not found!
[2m2026-08-24T05:06:55.860681Z[0m [33m WARN[0m ThreadId(19) [2mzenoh::net::routing::dispatcher::queries[0m[2m:[0m Face{1, 40305f7b3f5b541aa0ec8ecbc8027690}:348 Route final reply: Query not found!
[2m2026-08-24T05:07:03.699792Z[0m [33m WARN[0m                net-0 ThreadId(14) [2mzenoh::net::routing::dispatcher::queries[0m[2m:[0m Face{1, 40305f7b3f5b541aa0ec8ecbc8027690}:352 Didn't receive final reply for query Face{2, d1aa1c0db8ee4a52adc3b1e68d42760d}:352: Timeout(10s)!
[2m2026-08-24T05:07:05.895689Z[0m [33m WARN[0m                net-0 ThreadId(14) [2mzenoh::net::routing::dispatcher::queries[0m[2m:[0m Face{1, 40305f7b3f5b541aa0ec8ecbc8027690}:355 Didn't receive final reply for query Face{2, d1aa1c0db8ee4a52adc3b1e68d42760d}:355: Timeout(10s)!
[2m2026-08-24T05:07:13.341675Z[0m [33m WARN[0m ThreadId(19) [2mzenoh::net::routing::dispatcher::queries[0m[2m:[0m Face{1, 40305f7b3f5b541aa0ec8ecbc8027690}:352 Route reply: Query not found!
[2m2026-08-24T05:07:13.341725Z[0m [33m WARN[0m ThreadId(19) [2mzenoh::net::routing::dispatcher::queries[0m[2m:[0m Face{1, 40305f7b3f5b541aa0ec8ecbc8027690}:352 Route final reply: Query not found!
[2m2026-08-24T05:07:13.866677Z[0m [33m WARN[0m ThreadId(19) [2mzenoh::net::routing::dispatcher::queries[0m[2m:[0m Face{1, 40305f7b3f5b541aa0ec8ecbc8027690}:355 Route reply: Query not found!
[2m2026-08-24T05:07:13.866720Z[0m [33m WARN[0m ThreadId(19) [2mzenoh::net::routing::dispatcher::queries[0m[2m:[0m Face{1, 40305f7b3f5b541aa0ec8ecbc8027690}:355 Route final reply: Query not found!
[2m2026-08-24T05:07:23.467816Z[0m [33m WARN[0m                net-0 ThreadId(14) [2mzenoh::net::routing::dispatcher::queries[0m[2m:[0m Face{1, 40305f7b3f5b541aa0ec8ecbc8027690}:360 Didn't receive final reply for query Face{2, d1aa1c0db8ee4a52adc3b1e68d42760d}:360: Timeout(10s)!
[2m2026-08-24T05:07:23.957716Z[0m [33m WARN[0m                net-0 ThreadId(14) [2mzenoh::net::routing::dispatcher::queries[0m[2m:[0m Face{1, 40305f7b3f5b541aa0ec8ecbc8027690}:363 Didn't receive final reply for query Face{2, d1aa1c0db8ee4a52adc3b1e68d42760d}:363: Timeout(10s)!
[2m2026-08-24T05:07:31.860005Z[0m [33m WARN[0m ThreadId(19) [2mzenoh::net::routing::dispatcher::queries[0m[2m:[0m Face{1, 40305f7b3f5b541aa0ec8ecbc8027690}:363 Route reply: Query not found!
[2m2026-08-24T05:07:31.860065Z[0m [33m WARN[0m ThreadId(19) [2mzenoh::net::routing::dispatcher::queries[0m[2m:[0m Face{1, 40305f7b3f5b541aa0ec8ecbc8027690}:363 Route final reply: Query not found!
[2m2026-08-24T05:07:32.198695Z[0m [33m WARN[0m ThreadId(19) [2mzenoh::net::routing::dispatcher::queries[0m[2m:[0m Face{1, 40305f7b3f5b541aa0ec8ecbc8027690}:360 Route reply: Query not found!
[2m2026-08-24T05:07:32.199021Z[0m [33m WARN[0m ThreadId(19) [2mzenoh::net::routing::dispatcher::queries[0m[2m:[0m Face{1, 40305f7b3f5b541aa0ec8ecbc8027690}:360 Route final reply: Query not found!
[2m2026-08-24T05:07:41.930753Z[0m [33m WARN[0m                net-0 ThreadId(14) [2mzenoh::net::routing::dispatcher::queries[0m[2m:[0m Face{1, 40305f7b3f5b541aa0ec8ecbc8027690}:368 Didn't receive final reply for query Face{2, d1aa1c0db8ee4a52adc3b1e68d42760d}:368: Timeout(10s)!
[2m2026-08-24T05:07:42.346261Z[0m [33m WARN[0m                net-0 ThreadId(14) [2mzenoh::net::routing::dispatcher::queries[0m[2m:[0m Face{1, 40305f7b3f5b541aa0ec8ecbc8027690}:371 Didn't receive final reply for query Face{2, d1aa1c0db8ee4a52adc3b1e68d42760d}:371: Timeout(10s)!
[2m2026-08-24T05:07:49.868830Z[0m [33m WARN[0m ThreadId(19) [2mzenoh::net::routing::dispatcher::queries[0m[2m:[0m Face{1, 40305f7b3f5b541aa0ec8ecbc8027690}:368 Route reply: Query not found!
[2m2026-08-24T05:07:49.868869Z[0m [33m WARN[0m ThreadId(19) [2mzenoh::net::routing::dispatcher::queries[0m[2m:[0m Face{1, 40305f7b3f5b541aa0ec8ecbc8027690}:368 Route final reply: Query not found!
[2m2026-08-24T05:07:52.845667Z[0m [33m WARN[0m                net-0 ThreadId(14) [2mzenoh::net::routing::dispatcher::queries[0m[2m:[0m Face{1, 40305f7b3f5b541aa0ec8ecbc8027690}:373 Didn't receive final reply for query Face{2, d1aa1c0db8ee4a52adc3b1e68d42760d}:373: Timeout(10s)!
[2m2026-08-24T05:07:57.570038Z[0m [33m WARN[0m ThreadId(19) [2mzenoh::net::routing::dispatcher::queries[0m[2m:[0m Face{1, 40305f7b3f5b541aa0ec8ecbc8027690}:371 Route reply: Query not found!
[2m2026-08-24T05:07:57.570107Z[0m [33m WARN[0m ThreadId(19) [2mzenoh::net::routing::dispatcher::queries[0m[2m:[0m Face{1, 40305f7b3f5b541aa0ec8ecbc8027690}:371 Route final reply: Query not found!
[2m2026-08-24T05:07:57.570131Z[0m [33m WARN[0m ThreadId(19) [2mzenoh::net::routing::dispatcher::queries[0m[2m:[0m Face{1, 40305f7b3f5b541aa0ec8ecbc8027690}:373 Route reply: Query not found!
[2m2026-08-24T05:07:57.570134Z[0m [33m WARN[0m ThreadId(19) [2mzenoh::net::routing::dispatcher::queries[0m[2m:[0m Face{1, 40305f7b3f5b541aa0ec8ecbc8027690}:373 Route final reply: Query not found!
[2m2026-08-24T05:08:00.017736Z[0m [33m WARN[0m                net-0 ThreadId(14) [2mzenoh::net::routing::dispatcher::queries[0m[2m:[0m Face{1, 40305f7b3f5b541aa0ec8ecbc8027690}:376 Didn't receive final reply for query Face{2, d1aa1c0db8ee4a52adc3b1e68d42760d}:376: Timeout(10s)!
[2m2026-08-24T05:08:07.651696Z[0m [33m WARN[0m                net-0 ThreadId(14) [2mzenoh::net::routing::dispatcher::queries[0m[2m:[0m Face{1, 40305f7b3f5b541aa0ec8ecbc8027690}:380 Didn't receive final reply for query Face{2, d1aa1c0db8ee4a52adc3b1e68d42760d}:380: Timeout(10s)!
[2m2026-08-24T05:08:07.862756Z[0m [33m WARN[0m ThreadId(19) [2mzenoh::net::routing::dispatcher::queries[0m[2m:[0m Face{1, 40305f7b3f5b541aa0ec8ecbc8027690}:376 Route reply: Query not found!
[2m2026-08-24T05:08:07.862794Z[0m [33m WARN[0m ThreadId(19) [2mzenoh::net::routing::dispatcher::queries[0m[2m:[0m Face{1, 40305f7b3f5b541aa0ec8ecbc8027690}:376 Route final reply: Query not found!
[2m2026-08-24T05:08:17.985293Z[0m [33m WARN[0m                net-0 ThreadId(14) [2mzenoh::net::routing::dispatcher::queries[0m[2m:[0m Face{1, 40305f7b3f5b541aa0ec8ecbc8027690}:384 Didn't receive final reply for query Face{2, d1aa1c0db8ee4a52adc3b1e68d42760d}:384: Timeout(10s)!
[2m2026-08-24T05:08:18.152605Z[0m [33m WARN[0m                net-0 ThreadId(14) [2mzenoh::net::routing::dispatcher::queries[0m[2m:[0m Face{1, 40305f7b3f5b541aa0ec8ecbc8027690}:385 Didn't receive final reply for query Face{2, d1aa1c0db8ee4a52adc3b1e68d42760d}:385: Timeout(10s)!
[2m2026-08-24T05:08:19.332529Z[0m [33m WARN[0m ThreadId(19) [2mzenoh::net::routing::dispatcher::queries[0m[2m:[0m Face{1, 40305f7b3f5b541aa0ec8ecbc8027690}:380 Route reply: Query not found!
[2m2026-08-24T05:08:19.332568Z[0m [33m WARN[0m ThreadId(19) [2mzenoh::net::routing::dispatcher::queries[0m[2m:[0m Face{1, 40305f7b3f5b541aa0ec8ecbc8027690}:380 Route final reply: Query not found!
[2m2026-08-24T05:08:19.332594Z[0m [33m WARN[0m ThreadId(19) [2mzenoh::net::routing::dispatcher::queries[0m[2m:[0m Face{1, 40305f7b3f5b541aa0ec8ecbc8027690}:385 Route reply: Query not found!
[2m2026-08-24T05:08:19.332599Z[0m [33m WARN[0m ThreadId(19) [2mzenoh::net::routing::dispatcher::queries[0m[2m:[0m Face{1, 40305f7b3f5b541aa0ec8ecbc8027690}:385 Route final reply: Query not found!
[2m2026-08-24T05:08:19.341371Z[0m [33m WARN[0m ThreadId(19) [2mzenoh::net::routing::dispatcher::queries[0m[2m:[0m Face{1, 40305f7b3f5b541aa0ec8ecbc8027690}:384 Route reply: Query not found!
[2m2026-08-24T05:08:19.341406Z[0m [33m WARN[0m ThreadId(19) [2mzenoh::net::routing::dispatcher::queries[0m[2m:[0m Face{1, 40305f7b3f5b541aa0ec8ecbc8027690}:384 Route final reply: Query not found!
[2m2026-08-24T05:08:30.520236Z[0m [33m WARN[0m                net-0 ThreadId(14) [2mzenoh::net::routing::dispatcher::queries[0m[2m:[0m Face{1, 40305f7b3f5b541aa0ec8ecbc8027690}:438 Didn't receive final reply for query Face{2, d1aa1c0db8ee4a52adc3b1e68d42760d}:438: Timeout(10s)!
[2m2026-08-24T05:08:32.652676Z[0m [33m WARN[0m                net-0 ThreadId(14) [2mzenoh::net::routing::dispatcher::queries[0m[2m:[0m Face{1, 40305f7b3f5b541aa0ec8ecbc8027690}:441 Didn't receive final reply for query Face{2, d1aa1c0db8ee4a52adc3b1e68d42760d}:441: Timeout(10s)!
[2m2026-08-24T05:08:38.864708Z[0m [33m WARN[0m ThreadId(19) [2mzenoh::net::routing::dispatcher::queries[0m[2m:[0m Face{1, 40305f7b3f5b541aa0ec8ecbc8027690}:438 Route reply: Query not found!
[2m2026-08-24T05:08:38.864756Z[0m [33m WARN[0m ThreadId(19) [2mzenoh::net::routing::dispatcher::queries[0m[2m:[0m Face{1, 40305f7b3f5b541aa0ec8ecbc8027690}:438 Route final reply: Query not found!
[2m2026-08-24T05:08:40.981962Z[0m [33m WARN[0m ThreadId(19) [2mzenoh::net::routing::dispatcher::queries[0m[2m:[0m Face{1, 40305f7b3f5b541aa0ec8ecbc8027690}:441 Route reply: Query not found!
[2m2026-08-24T05:08:40.982015Z[0m [33m WARN[0m ThreadId(19) [2mzenoh::net::routing::dispatcher::queries[0m[2m:[0m Face{1, 40305f7b3f5b541aa0ec8ecbc8027690}:441 Route final reply: Query not found!
[2m2026-08-24T05:08:51.035627Z[0m [33m WARN[0m                net-0 ThreadId(14) [2mzenoh::net::routing::dispatcher::queries[0m[2m:[0m Face{1, 40305f7b3f5b541aa0ec8ecbc8027690}:446 Didn't receive final reply for query Face{2, d1aa1c0db8ee4a52adc3b1e68d42760d}:446: Timeout(10s)!
[2m2026-08-24T05:08:58.860690Z[0m [33m WARN[0m ThreadId(19) [2mzenoh::net::routing::dispatcher::queries[0m[2m:[0m Face{1, 40305f7b3f5b541aa0ec8ecbc8027690}:446 Route reply: Query not found!
[2m2026-08-24T05:08:58.860725Z[0m [33m WARN[0m ThreadId(19) [2mzenoh::net::routing::dispatcher::queries[0m[2m:[0m Face{1, 40305f7b3f5b541aa0ec8ecbc8027690}:446 Route final reply: Query not found!
[2m2026-08-24T05:09:08.977739Z[0m [33m WARN[0m                net-0 ThreadId(14) [2mzenoh::net::routing::dispatcher::queries[0m[2m:[0m Face{1, 40305f7b3f5b541aa0ec8ecbc8027690}:450 Didn't receive final reply for query Face{2, d1aa1c0db8ee4a52adc3b1e68d42760d}:450: Timeout(10s)!
[2m2026-08-24T05:09:16.866784Z[0m [33m WARN[0m ThreadId(19) [2mzenoh::net::routing::dispatcher::queries[0m[2m:[0m Face{1, 40305f7b3f5b541aa0ec8ecbc8027690}:450 Route reply: Query not found!
[2m2026-08-24T05:09:16.866831Z[0m [33m WARN[0m ThreadId(19) [2mzenoh::net::routing::dispatcher::queries[0m[2m:[0m Face{1, 40305f7b3f5b541aa0ec8ecbc8027690}:450 Route final reply: Query not found!
[2m2026-08-24T05:09:26.953667Z[0m [33m WARN[0m                net-0 ThreadId(14) [2mzenoh::net::routing::dispatcher::queries[0m[2m:[0m Face{1, 40305f7b3f5b541aa0ec8ecbc8027690}:454 Didn't receive final reply for query Face{2, d1aa1c0db8ee4a52adc3b1e68d42760d}:454: Timeout(10s)!
[2m2026-08-24T05:09:34.864904Z[0m [33m WARN[0m ThreadId(19) [2mzenoh::net::routing::dispatcher::queries[0m[2m:[0m Face{1, 40305f7b3f5b541aa0ec8ecbc8027690}:454 Route reply: Query not found!
[2m2026-08-24T05:09:34.864959Z[0m [33m WARN[0m ThreadId(19) [2mzenoh::net::routing::dispatcher::queries[0m[2m:[0m Face{1, 40305f7b3f5b541aa0ec8ecbc8027690}:454 Route final reply: Query not found!
[2m2026-08-24T05:09:44.933715Z[0m [33m WARN[0m                net-0 ThreadId(14) [2mzenoh::net::routing::dispatcher::queries[0m[2m:[0m Face{1, 40305f7b3f5b541aa0ec8ecbc8027690}:458 Didn't receive final reply for query Face{2, d1aa1c0db8ee4a52adc3b1e68d42760d}:458: Timeout(10s)!
[2m2026-08-24T05:09:52.863021Z[0m [33m WARN[0m ThreadId(19) [2mzenoh::net::routing::dispatcher::queries[0m[2m:[0m Face{1, 40305f7b3f5b541aa0ec8ecbc8027690}:458 Route reply: Query not found!
[2m2026-08-24T05:09:52.863055Z[0m [33m WARN[0m ThreadId(19) [2mzenoh::net::routing::dispatcher::queries[0m[2m:[0m Face{1, 40305f7b3f5b541aa0ec8ecbc8027690}:458 Route final reply: Query not found!
[2m2026-08-24T05:10:03.009671Z[0m [33m WARN[0m                net-0 ThreadId(14) [2mzenoh::net::routing::dispatcher::queries[0m[2m:[0m Face{1, 40305f7b3f5b541aa0ec8ecbc8027690}:462 Didn't receive final reply for query Face{2, d1aa1c0db8ee4a52adc3b1e68d42760d}:462: Timeout(10s)!
[2m2026-08-24T05:10:10.860284Z[0m [33m WARN[0m ThreadId(19) [2mzenoh::net::routing::dispatcher::queries[0m[2m:[0m Face{1, 40305f7b3f5b541aa0ec8ecbc8027690}:462 Route reply: Query not found!
[2m2026-08-24T05:10:10.860330Z[0m [33m WARN[0m ThreadId(19) [2mzenoh::net::routing::dispatcher::queries[0m[2m:[0m Face{1, 40305f7b3f5b541aa0ec8ecbc8027690}:462 Route final reply: Query not found!
[2m2026-08-24T05:10:20.984376Z[0m [33m WARN[0m                net-0 ThreadId(14) [2mzenoh::net::routing::dispatcher::queries[0m[2m:[0m Face{1, 40305f7b3f5b541aa0ec8ecbc8027690}:473 Didn't receive final reply for query Face{2, d1aa1c0db8ee4a52adc3b1e68d42760d}:473: Timeout(10s)!
[2m2026-08-24T05:10:23.108753Z[0m [33m WARN[0m ThreadId(19) [2mzenoh::net::routing::dispatcher::queries[0m[2m:[0m Face{1, 40305f7b3f5b541aa0ec8ecbc8027690}:473 Route reply: Query not found!
[2m2026-08-24T05:10:23.108799Z[0m [33m WARN[0m ThreadId(19) [2mzenoh::net::routing::dispatcher::queries[0m[2m:[0m Face{1, 40305f7b3f5b541aa0ec8ecbc8027690}:473 Route final reply: Query not found!
[2m2026-08-24T05:10:33.234336Z[0m [33m WARN[0m                net-0 ThreadId(14) [2mzenoh::net::routing::dispatcher::queries[0m[2m:[0m Face{1, 40305f7b3f5b541aa0ec8ecbc8027690}:477 Didn't receive final reply for query Face{2, d1aa1c0db8ee4a52adc3b1e68d42760d}:477: Timeout(10s)!
[2m2026-08-24T05:10:37.860640Z[0m [33m WARN[0m ThreadId(19) [2mzenoh::net::routing::dispatcher::queries[0m[2m:[0m Face{1, 40305f7b3f5b541aa0ec8ecbc8027690}:477 Route reply: Query not found!
[2m2026-08-24T05:10:37.860682Z[0m [33m WARN[0m ThreadId(19) [2mzenoh::net::routing::dispatcher::queries[0m[2m:[0m Face{1, 40305f7b3f5b541aa0ec8ecbc8027690}:477 Route final reply: Query not found!
[2m2026-08-24T05:10:47.989811Z[0m [33m WARN[0m                net-0 ThreadId(14) [2mzenoh::net::routing::dispatcher::queries[0m[2m:[0m Face{1, 40305f7b3f5b541aa0ec8ecbc8027690}:481 Didn't receive final reply for query Face{2, d1aa1c0db8ee4a52adc3b1e68d42760d}:481: Timeout(10s)!
[2m2026-08-24T05:10:58.491691Z[0m [33m WARN[0m                net-0 ThreadId(14) [2mzenoh::net::routing::dispatcher::queries[0m[2m:[0m Face{1, 40305f7b3f5b541aa0ec8ecbc8027690}:482 Didn't receive final reply for query Face{2, d1aa1c0db8ee4a52adc3b1e68d42760d}:482: Timeout(10s)!
[2m2026-08-24T05:11:01.411166Z[0m [33m WARN[0m ThreadId(19) [2mzenoh::net::routing::dispatcher::queries[0m[2m:[0m Face{1, 40305f7b3f5b541aa0ec8ecbc8027690}:481 Route reply: Query not found!
[2m2026-08-24T05:11:01.411503Z[0m [33m WARN[0m ThreadId(19) [2mzenoh::net::routing::dispatcher::queries[0m[2m:[0m Face{1, 40305f7b3f5b541aa0ec8ecbc8027690}:481 Route final reply: Query not found!
[2m2026-08-24T05:11:01.411546Z[0m [33m WARN[0m ThreadId(19) [2mzenoh::net::routing::dispatcher::queries[0m[2m:[0m Face{1, 40305f7b3f5b541aa0ec8ecbc8027690}:482 Route reply: Query not found!
[2m2026-08-24T05:11:01.411550Z[0m [33m WARN[0m ThreadId(19) [2mzenoh::net::routing::dispatcher::queries[0m[2m:[0m Face{1, 40305f7b3f5b541aa0ec8ecbc8027690}:482 Route final reply: Query not found!
[2m2026-08-24T05:11:11.472674Z[0m [33m WARN[0m                net-0 ThreadId(14) [2mzenoh::net::routing::dispatcher::queries[0m[2m:[0m Face{1, 40305f7b3f5b541aa0ec8ecbc8027690}:486 Didn't receive final reply for query Face{2, d1aa1c0db8ee4a52adc3b1e68d42760d}:486: Timeout(10s)!
[2m2026-08-24T05:11:11.566888Z[0m [33m WARN[0m                net-0 ThreadId(14) [2mzenoh::net::routing::dispatcher::queries[0m[2m:[0m Face{1, 40305f7b3f5b541aa0ec8ecbc8027690}:488 Didn't receive final reply for query Face{2, d1aa1c0db8ee4a52adc3b1e68d42760d}:488: Timeout(10s)!
[2m2026-08-24T05:11:18.860089Z[0m [33m WARN[0m ThreadId(19) [2mzenoh::net::routing::dispatcher::queries[0m[2m:[0m Face{1, 40305f7b3f5b541aa0ec8ecbc8027690}:488 Route reply: Query not found!
[2m2026-08-24T05:11:18.860166Z[0m [33m WARN[0m ThreadId(19) [2mzenoh::net::routing::dispatcher::queries[0m[2m:[0m Face{1, 40305f7b3f5b541aa0ec8ecbc8027690}:488 Route final reply: Query not found!
[2m2026-08-24T05:11:19.014324Z[0m [33m WARN[0m ThreadId(19) [2mzenoh::net::routing::dispatcher::queries[0m[2m:[0m Face{1, 40305f7b3f5b541aa0ec8ecbc8027690}:486 Route reply: Query not found!
[2m2026-08-24T05:11:19.014371Z[0m [33m WARN[0m ThreadId(19) [2mzenoh::net::routing::dispatcher::queries[0m[2m:[0m Face{1, 40305f7b3f5b541aa0ec8ecbc8027690}:486 Route final reply: Query not found!
[2m2026-08-24T05:11:28.941096Z[0m [33m WARN[0m                net-0 ThreadId(14) [2mzenoh::net::routing::dispatcher::queries[0m[2m:[0m Face{1, 40305f7b3f5b541aa0ec8ecbc8027690}:493 Didn't receive final reply for query Face{2, d1aa1c0db8ee4a52adc3b1e68d42760d}:493: Timeout(10s)!
[2m2026-08-24T05:11:36.867266Z[0m [33m WARN[0m ThreadId(19) [2mzenoh::net::routing::dispatcher::queries[0m[2m:[0m Face{1, 40305f7b3f5b541aa0ec8ecbc8027690}:493 Route reply: Query not found!
[2m2026-08-24T05:11:36.867332Z[0m [33m WARN[0m ThreadId(19) [2mzenoh::net::routing::dispatcher::queries[0m[2m:[0m Face{1, 40305f7b3f5b541aa0ec8ecbc8027690}:493 Route final reply: Query not found!
[2m2026-08-24T05:11:47.046127Z[0m [33m WARN[0m                net-0 ThreadId(14) [2mzenoh::net::routing::dispatcher::queries[0m[2m:[0m Face{1, 40305f7b3f5b541aa0ec8ecbc8027690}:503 Didn't receive final reply for query Face{2, d1aa1c0db8ee4a52adc3b1e68d42760d}:503: Timeout(10s)!
[2m2026-08-24T05:11:57.547745Z[0m [33m WARN[0m                net-0 ThreadId(14) [2mzenoh::net::routing::dispatcher::queries[0m[2m:[0m Face{1, 40305f7b3f5b541aa0ec8ecbc8027690}:504 Didn't receive final reply for query Face{2, d1aa1c0db8ee4a52adc3b1e68d42760d}:504: Timeout(10s)!
[2m2026-08-24T05:11:58.864485Z[0m [33m WARN[0m ThreadId(19) [2mzenoh::net::routing::dispatcher::queries[0m[2m:[0m Face{1, 40305f7b3f5b541aa0ec8ecbc8027690}:503 Route reply: Query not found!
[2m2026-08-24T05:11:58.864521Z[0m [33m WARN[0m ThreadId(19) [2mzenoh::net::routing::dispatcher::queries[0m[2m:[0m Face{1, 40305f7b3f5b541aa0ec8ecbc8027690}:503 Route final reply: Query not found!
[2m2026-08-24T05:11:58.864535Z[0m [33m WARN[0m ThreadId(19) [2mzenoh::net::routing::dispatcher::queries[0m[2m:[0m Face{1, 40305f7b3f5b541aa0ec8ecbc8027690}:504 Route reply: Query not found!
[2m2026-08-24T05:11:58.864538Z[0m [33m WARN[0m ThreadId(19) [2mzenoh::net::routing::dispatcher::queries[0m[2m:[0m Face{1, 40305f7b3f5b541aa0ec8ecbc8027690}:504 Route final reply: Query not found!
[2m2026-08-24T05:12:09.003758Z[0m [33m WARN[0m                net-0 ThreadId(14) [2mzenoh::net::routing::dispatcher::queries[0m[2m:[0m Face{1, 40305f7b3f5b541aa0ec8ecbc8027690}:508 Didn't receive final reply for query Face{2, d1aa1c0db8ee4a52adc3b1e68d42760d}:508: Timeout(10s)!
[2m2026-08-24T05:12:19.505160Z[0m [33m WARN[0m                net-0 ThreadId(14) [2mzenoh::net::routing::dispatcher::queries[0m[2m:[0m Face{1, 40305f7b3f5b541aa0ec8ecbc8027690}:509 Didn't receive final reply for query Face{2, d1aa1c0db8ee4a52adc3b1e68d42760d}:509: Timeout(10s)!
[2m2026-08-24T05:12:20.823575Z[0m [33m WARN[0m ThreadId(19) [2mzenoh::net::routing::dispatcher::queries[0m[2m:[0m Face{1, 40305f7b3f5b541aa0ec8ecbc8027690}:508 Route reply: Query not found!
[2m2026-08-24T05:12:20.823622Z[0m [33m WARN[0m ThreadId(19) [2mzenoh::net::routing::dispatcher::queries[0m[2m:[0m Face{1, 40305f7b3f5b541aa0ec8ecbc8027690}:508 Route final reply: Query not found!
[2m2026-08-24T05:12:20.823638Z[0m [33m WARN[0m ThreadId(19) [2mzenoh::net::routing::dispatcher::queries[0m[2m:[0m Face{1, 40305f7b3f5b541aa0ec8ecbc8027690}:509 Route reply: Query not found!
[2m2026-08-24T05:12:20.823642Z[0m [33m WARN[0m ThreadId(19) [2mzenoh::net::routing::dispatcher::queries[0m[2m:[0m Face{1, 40305f7b3f5b541aa0ec8ecbc8027690}:509 Route final reply: Query not found!
[2m2026-08-24T05:12:30.907763Z[0m [33m WARN[0m                net-0 ThreadId(14) [2mzenoh::net::routing::dispatcher::queries[0m[2m:[0m Face{1, 40305f7b3f5b541aa0ec8ecbc8027690}:515 Didn't receive final reply for query Face{2, d1aa1c0db8ee4a52adc3b1e68d42760d}:515: Timeout(10s)!
[2m2026-08-24T05:12:30.916921Z[0m [33m WARN[0m                net-0 ThreadId(14) [2mzenoh::net::routing::dispatcher::queries[0m[2m:[0m Face{1, 40305f7b3f5b541aa0ec8ecbc8027690}:516 Didn't receive final reply for query Face{2, d1aa1c0db8ee4a52adc3b1e68d42760d}:516: Timeout(10s)!
[2m2026-08-24T05:12:38.861714Z[0m [33m WARN[0m ThreadId(19) [2mzenoh::net::routing::dispatcher::queries[0m[2m:[0m Face{1, 40305f7b3f5b541aa0ec8ecbc8027690}:516 Route reply: Query not found!
[2m2026-08-24T05:12:38.861761Z[0m [33m WARN[0m ThreadId(19) [2mzenoh::net::routing::dispatcher::queries[0m[2m:[0m Face{1, 40305f7b3f5b541aa0ec8ecbc8027690}:516 Route final reply: Query not found!
[2m2026-08-24T05:12:41.408689Z[0m [33m WARN[0m                net-0 ThreadId(14) [2mzenoh::net::routing::dispatcher::queries[0m[2m:[0m Face{1, 40305f7b3f5b541aa0ec8ecbc8027690}:517 Didn't receive final reply for query Face{2, d1aa1c0db8ee4a52adc3b1e68d42760d}:517: Timeout(10s)!
[2m2026-08-24T05:12:48.008959Z[0m [33m WARN[0m ThreadId(19) [2mzenoh::net::routing::dispatcher::queries[0m[2m:[0m Face{1, 40305f7b3f5b541aa0ec8ecbc8027690}:515 Route reply: Query not found!
[2m2026-08-24T05:12:48.009006Z[0m [33m WARN[0m ThreadId(19) [2mzenoh::net::routing::dispatcher::queries[0m[2m:[0m Face{1, 40305f7b3f5b541aa0ec8ecbc8027690}:515 Route final reply: Query not found!
[2m2026-08-24T05:12:48.009029Z[0m [33m WARN[0m ThreadId(19) [2mzenoh::net::routing::dispatcher::queries[0m[2m:[0m Face{1, 40305f7b3f5b541aa0ec8ecbc8027690}:517 Route reply: Query not found!
[2m2026-08-24T05:12:48.009033Z[0m [33m WARN[0m ThreadId(19) [2mzenoh::net::routing::dispatcher::queries[0m[2m:[0m Face{1, 40305f7b3f5b541aa0ec8ecbc8027690}:517 Route final reply: Query not found!
[2m2026-08-24T05:12:57.166687Z[0m [33m WARN[0m                net-0 ThreadId(14) [2mzenoh::net::routing::dispatcher::queries[0m[2m:[0m Face{1, 40305f7b3f5b541aa0ec8ecbc8027690}:522 Didn't receive final reply for query Face{2, d1aa1c0db8ee4a52adc3b1e68d42760d}:522: Timeout(10s)!
[2m2026-08-24T05:12:58.069714Z[0m [33m WARN[0m                net-0 ThreadId(14) [2mzenoh::net::routing::dispatcher::queries[0m[2m:[0m Face{1, 40305f7b3f5b541aa0ec8ecbc8027690}:525 Didn't receive final reply for query Face{2, d1aa1c0db8ee4a52adc3b1e68d42760d}:525: Timeout(10s)!
[2m2026-08-24T05:13:04.860230Z[0m [33m WARN[0m ThreadId(19) [2mzenoh::net::routing::dispatcher::queries[0m[2m:[0m Face{1, 40305f7b3f5b541aa0ec8ecbc8027690}:522 Route reply: Query not found!
[2m2026-08-24T05:13:04.860331Z[0m [33m WARN[0m ThreadId(19) [2mzenoh::net::routing::dispatcher::queries[0m[2m:[0m Face{1, 40305f7b3f5b541aa0ec8ecbc8027690}:522 Route final reply: Query not found!
[2m2026-08-24T05:13:08.570199Z[0m [33m WARN[0m                net-0 ThreadId(14) [2mzenoh::net::routing::dispatcher::queries[0m[2m:[0m Face{1, 40305f7b3f5b541aa0ec8ecbc8027690}:527 Didn't receive final reply for query Face{2, d1aa1c0db8ee4a52adc3b1e68d42760d}:527: Timeout(10s)!
[2m2026-08-24T05:13:14.933663Z[0m [33m WARN[0m                net-0 ThreadId(14) [2mzenoh::net::routing::dispatcher::queries[0m[2m:[0m Face{1, 40305f7b3f5b541aa0ec8ecbc8027690}:530 Didn't receive final reply for query Face{2, d1aa1c0db8ee4a52adc3b1e68d42760d}:530: Timeout(10s)!
[2m2026-08-24T05:13:15.302287Z[0m [33m WARN[0m ThreadId(19) [2mzenoh::net::routing::dispatcher::queries[0m[2m:[0m Face{1, 40305f7b3f5b541aa0ec8ecbc8027690}:525 Route reply: Query not found!
[2m2026-08-24T05:13:15.302333Z[0m [33m WARN[0m ThreadId(19) [2mzenoh::net::routing::dispatcher::queries[0m[2m:[0m Face{1, 40305f7b3f5b541aa0ec8ecbc8027690}:525 Route final reply: Query not found!
[2m2026-08-24T05:13:15.302350Z[0m [33m WARN[0m ThreadId(19) [2mzenoh::net::routing::dispatcher::queries[0m[2m:[0m Face{1, 40305f7b3f5b541aa0ec8ecbc8027690}:527 Route reply: Query not found!
[2m2026-08-24T05:13:15.302354Z[0m [33m WARN[0m ThreadId(19) [2mzenoh::net::routing::dispatcher::queries[0m[2m:[0m Face{1, 40305f7b3f5b541aa0ec8ecbc8027690}:527 Route final reply: Query not found!
[2m2026-08-24T05:13:22.861047Z[0m [33m WARN[0m ThreadId(19) [2mzenoh::net::routing::dispatcher::queries[0m[2m:[0m Face{1, 40305f7b3f5b541aa0ec8ecbc8027690}:530 Route reply: Query not found!
[2m2026-08-24T05:13:22.861104Z[0m [33m WARN[0m ThreadId(19) [2mzenoh::net::routing::dispatcher::queries[0m[2m:[0m Face{1, 40305f7b3f5b541aa0ec8ecbc8027690}:530 Route final reply: Query not found!
[2m2026-08-24T05:13:25.476706Z[0m [33m WARN[0m                net-0 ThreadId(14) [2mzenoh::net::routing::dispatcher::queries[0m[2m:[0m Face{1, 40305f7b3f5b541aa0ec8ecbc8027690}:538 Didn't receive final reply for query Face{2, d1aa1c0db8ee4a52adc3b1e68d42760d}:538: Timeout(10s)!
[2m2026-08-24T05:13:32.900084Z[0m [33m WARN[0m                net-0 ThreadId(14) [2mzenoh::net::routing::dispatcher::queries[0m[2m:[0m Face{1, 40305f7b3f5b541aa0ec8ecbc8027690}:541 Didn't receive final reply for query Face{2, d1aa1c0db8ee4a52adc3b1e68d42760d}:541: Timeout(10s)!
[2m2026-08-24T05:13:33.014132Z[0m [33m WARN[0m ThreadId(19) [2mzenoh::net::routing::dispatcher::queries[0m[2m:[0m Face{1, 40305f7b3f5b541aa0ec8ecbc8027690}:538 Route reply: Query not found!
[2m2026-08-24T05:13:33.014176Z[0m [33m WARN[0m ThreadId(19) [2mzenoh::net::routing::dispatcher::queries[0m[2m:[0m Face{1, 40305f7b3f5b541aa0ec8ecbc8027690}:538 Route final reply: Query not found!
[2m2026-08-24T05:13:40.869153Z[0m [33m WARN[0m ThreadId(19) [2mzenoh::net::routing::dispatcher::queries[0m[2m:[0m Face{1, 40305f7b3f5b541aa0ec8ecbc8027690}:541 Route reply: Query not found!
[2m2026-08-24T05:13:40.869196Z[0m [33m WARN[0m ThreadId(19) [2mzenoh::net::routing::dispatcher::queries[0m[2m:[0m Face{1, 40305f7b3f5b541aa0ec8ecbc8027690}:541 Route final reply: Query not found!
[2m2026-08-24T05:14:06.560671Z[0m [33m WARN[0m                net-0 ThreadId(14) [2mzenoh::net::routing::dispatcher::queries[0m[2m:[0m Face{1, 40305f7b3f5b541aa0ec8ecbc8027690}:571 Didn't receive final reply for query Face{2, d1aa1c0db8ee4a52adc3b1e68d42760d}:571: Timeout(10s)!
[2m2026-08-24T05:14:13.285236Z[0m [33m WARN[0m ThreadId(19) [2mzenoh::net::routing::dispatcher::queries[0m[2m:[0m Face{1, 40305f7b3f5b541aa0ec8ecbc8027690}:571 Route reply: Query not found!
[2m2026-08-24T05:14:13.285287Z[0m [33m WARN[0m ThreadId(19) [2mzenoh::net::routing::dispatcher::queries[0m[2m:[0m Face{1, 40305f7b3f5b541aa0ec8ecbc8027690}:571 Route final reply: Query not found!
[2m2026-08-24T05:14:23.410740Z[0m [33m WARN[0m                net-0 ThreadId(14) [2mzenoh::net::routing::dispatcher::queries[0m[2m:[0m Face{1, 40305f7b3f5b541aa0ec8ecbc8027690}:574 Didn't receive final reply for query Face{2, d1aa1c0db8ee4a52adc3b1e68d42760d}:574: Timeout(10s)!
[2m2026-08-24T05:14:30.862477Z[0m [33m WARN[0m ThreadId(19) [2mzenoh::net::routing::dispatcher::queries[0m[2m:[0m Face{1, 40305f7b3f5b541aa0ec8ecbc8027690}:574 Route reply: Query not found!
[2m2026-08-24T05:14:30.862514Z[0m [33m WARN[0m ThreadId(19) [2mzenoh::net::routing::dispatcher::queries[0m[2m:[0m Face{1, 40305f7b3f5b541aa0ec8ecbc8027690}:574 Route final reply: Query not found!
[2m2026-08-24T05:14:40.965676Z[0m [33m WARN[0m                net-0 ThreadId(14) [2mzenoh::net::routing::dispatcher::queries[0m[2m:[0m Face{1, 40305f7b3f5b541aa0ec8ecbc8027690}:578 Didn't receive final reply for query Face{2, d1aa1c0db8ee4a52adc3b1e68d42760d}:578: Timeout(10s)!
[2m2026-08-24T05:14:48.866016Z[0m [33m WARN[0m ThreadId(19) [2mzenoh::net::routing::dispatcher::queries[0m[2m:[0m Face{1, 40305f7b3f5b541aa0ec8ecbc8027690}:578 Route reply: Query not found!
[2m2026-08-24T05:14:48.866046Z[0m [33m WARN[0m ThreadId(19) [2mzenoh::net::routing::dispatcher::queries[0m[2m:[0m Face{1, 40305f7b3f5b541aa0ec8ecbc8027690}:578 Route final reply: Query not found!
[2m2026-08-24T05:14:58.936909Z[0m [33m WARN[0m                net-0 ThreadId(14) [2mzenoh::net::routing::dispatcher::queries[0m[2m:[0m Face{1, 40305f7b3f5b541aa0ec8ecbc8027690}:582 Didn't receive final reply for query Face{2, d1aa1c0db8ee4a52adc3b1e68d42760d}:582: Timeout(10s)!
[2m2026-08-24T05:15:06.865281Z[0m [33m WARN[0m ThreadId(19) [2mzenoh::net::routing::dispatcher::queries[0m[2m:[0m Face{1, 40305f7b3f5b541aa0ec8ecbc8027690}:582 Route reply: Query not found!
[2m2026-08-24T05:15:06.865322Z[0m [33m WARN[0m ThreadId(19) [2mzenoh::net::routing::dispatcher::queries[0m[2m:[0m Face{1, 40305f7b3f5b541aa0ec8ecbc8027690}:582 Route final reply: Query not found!
[2m2026-08-24T05:15:13.102713Z[0m [33m WARN[0m                net-0 ThreadId(14) [2mzenoh::net::routing::dispatcher::queries[0m[2m:[0m Face{1, 40305f7b3f5b541aa0ec8ecbc8027690}:586 Didn't receive final reply for query Face{2, d1aa1c0db8ee4a52adc3b1e68d42760d}:586: Timeout(10s)!
[2m2026-08-24T05:15:23.605604Z[0m [33m WARN[0m                net-0 ThreadId(14) [2mzenoh::net::routing::dispatcher::queries[0m[2m:[0m Face{1, 40305f7b3f5b541aa0ec8ecbc8027690}:588 Didn't receive final reply for query Face{2, d1aa1c0db8ee4a52adc3b1e68d42760d}:588: Timeout(10s)!
[2m2026-08-24T05:15:25.234348Z[0m [33m WARN[0m ThreadId(19) [2mzenoh::net::routing::dispatcher::queries[0m[2m:[0m Face{1, 40305f7b3f5b541aa0ec8ecbc8027690}:586 Route reply: Query not found!
[2m2026-08-24T05:15:25.234390Z[0m [33m WARN[0m ThreadId(19) [2mzenoh::net::routing::dispatcher::queries[0m[2m:[0m Face{1, 40305f7b3f5b541aa0ec8ecbc8027690}:586 Route final reply: Query not found!
[2m2026-08-24T05:15:25.234406Z[0m [33m WARN[0m ThreadId(19) [2mzenoh::net::routing::dispatcher::queries[0m[2m:[0m Face{1, 40305f7b3f5b541aa0ec8ecbc8027690}:588 Route reply: Query not found!
[2m2026-08-24T05:15:25.234408Z[0m [33m WARN[0m ThreadId(19) [2mzenoh::net::routing::dispatcher::queries[0m[2m:[0m Face{1, 40305f7b3f5b541aa0ec8ecbc8027690}:588 Route final reply: Query not found!
[2m2026-08-24T05:15:35.079705Z[0m [33m WARN[0m                net-0 ThreadId(14) [2mzenoh::net::routing::dispatcher::queries[0m[2m:[0m Face{1, 40305f7b3f5b541aa0ec8ecbc8027690}:591 Didn't receive final reply for query Face{2, d1aa1c0db8ee4a52adc3b1e68d42760d}:591: Timeout(10s)!
[2m2026-08-24T05:15:42.859947Z[0m [33m WARN[0m ThreadId(19) [2mzenoh::net::routing::dispatcher::queries[0m[2m:[0m Face{1, 40305f7b3f5b541aa0ec8ecbc8027690}:591 Route reply: Query not found!
[2m2026-08-24T05:15:42.860000Z[0m [33m WARN[0m ThreadId(19) [2mzenoh::net::routing::dispatcher::queries[0m[2m:[0m Face{1, 40305f7b3f5b541aa0ec8ecbc8027690}:591 Route final reply: Query not found!
[2m2026-08-24T05:15:52.953584Z[0m [33m WARN[0m                net-0 ThreadId(14) [2mzenoh::net::routing::dispatcher::queries[0m[2m:[0m Face{1, 40305f7b3f5b541aa0ec8ecbc8027690}:599 Didn't receive final reply for query Face{2, d1aa1c0db8ee4a52adc3b1e68d42760d}:599: Timeout(10s)!
[2m2026-08-24T05:16:03.454690Z[0m [33m WARN[0m                net-0 ThreadId(14) [2mzenoh::net::routing::dispatcher::queries[0m[2m:[0m Face{1, 40305f7b3f5b541aa0ec8ecbc8027690}:600 Didn't receive final reply for query Face{2, d1aa1c0db8ee4a52adc3b1e68d42760d}:600: Timeout(10s)!
[2m2026-08-24T05:16:13.955680Z[0m [33m WARN[0m                net-0 ThreadId(14) [2mzenoh::net::routing::dispatcher::queries[0m[2m:[0m Face{1, 40305f7b3f5b541aa0ec8ecbc8027690}:601 Didn't receive final reply for query Face{2, d1aa1c0db8ee4a52adc3b1e68d42760d}:601: Timeout(10s)!
[2m2026-08-24T05:16:18.181785Z[0m [33m WARN[0m ThreadId(19) [2mzenoh::net::routing::dispatcher::queries[0m[2m:[0m Face{1, 40305f7b3f5b541aa0ec8ecbc8027690}:599 Route reply: Query not found!
[2m2026-08-24T05:16:18.181828Z[0m [33m WARN[0m ThreadId(19) [2mzenoh::net::routing::dispatcher::queries[0m[2m:[0m Face{1, 40305f7b3f5b541aa0ec8ecbc8027690}:599 Route final reply: Query not found!
[2m2026-08-24T05:16:18.181845Z[0m [33m WARN[0m ThreadId(19) [2mzenoh::net::routing::dispatcher::queries[0m[2m:[0m Face{1, 40305f7b3f5b541aa0ec8ecbc8027690}:600 Route reply: Query not found!
[2m2026-08-24T05:16:18.181848Z[0m [33m WARN[0m ThreadId(19) [2mzenoh::net::routing::dispatcher::queries[0m[2m:[0m Face{1, 40305f7b3f5b541aa0ec8ecbc8027690}:600 Route final reply: Query not found!
[2m2026-08-24T05:16:18.181854Z[0m [33m WARN[0m ThreadId(19) [2mzenoh::net::routing::dispatcher::queries[0m[2m:[0m Face{1, 40305f7b3f5b541aa0ec8ecbc8027690}:601 Route reply: Query not found!
[2m2026-08-24T05:16:18.181857Z[0m [33m WARN[0m ThreadId(19) [2mzenoh::net::routing::dispatcher::queries[0m[2m:[0m Face{1, 40305f7b3f5b541aa0ec8ecbc8027690}:601 Route final reply: Query not found!
[2m2026-08-24T05:16:22.953701Z[0m [33m WARN[0m                net-0 ThreadId(14) [2mzenoh::net::routing::dispatcher::queries[0m[2m:[0m Face{1, 40305f7b3f5b541aa0ec8ecbc8027690}:603 Didn't receive final reply for query Face{2, d1aa1c0db8ee4a52adc3b1e68d42760d}:603: Timeout(10s)!
[2m2026-08-24T05:16:30.859035Z[0m [33m WARN[0m ThreadId(19) [2mzenoh::net::routing::dispatcher::queries[0m[2m:[0m Face{1, 40305f7b3f5b541aa0ec8ecbc8027690}:603 Route reply: Query not found!
[2m2026-08-24T05:16:30.859138Z[0m [33m WARN[0m ThreadId(19) [2mzenoh::net::routing::dispatcher::queries[0m[2m:[0m Face{1, 40305f7b3f5b541aa0ec8ecbc8027690}:603 Route final reply: Query not found!
[2m2026-08-24T05:16:41.498108Z[0m [33m WARN[0m                net-0 ThreadId(14) [2mzenoh::net::routing::dispatcher::queries[0m[2m:[0m Face{1, 40305f7b3f5b541aa0ec8ecbc8027690}:614 Didn't receive final reply for query Face{2, d1aa1c0db8ee4a52adc3b1e68d42760d}:614: Timeout(10s)!
[2m2026-08-24T05:16:52.000602Z[0m [33m WARN[0m                net-0 ThreadId(14) [2mzenoh::net::routing::dispatcher::queries[0m[2m:[0m Face{1, 40305f7b3f5b541aa0ec8ecbc8027690}:615 Didn't receive final reply for query Face{2, d1aa1c0db8ee4a52adc3b1e68d42760d}:615: Timeout(10s)!
[2m2026-08-24T05:16:56.015439Z[0m [33m WARN[0m ThreadId(19) [2mzenoh::net::routing::dispatcher::queries[0m[2m:[0m Face{1, 40305f7b3f5b541aa0ec8ecbc8027690}:614 Route reply: Query not found!
[2m2026-08-24T05:16:56.015505Z[0m [33m WARN[0m ThreadId(19) [2mzenoh::net::routing::dispatcher::queries[0m[2m:[0m Face{1, 40305f7b3f5b541aa0ec8ecbc8027690}:614 Route final reply: Query not found!
[2m2026-08-24T05:16:56.015534Z[0m [33m WARN[0m ThreadId(19) [2mzenoh::net::routing::dispatcher::queries[0m[2m:[0m Face{1, 40305f7b3f5b541aa0ec8ecbc8027690}:615 Route reply: Query not found!
[2m2026-08-24T05:16:56.015538Z[0m [33m WARN[0m ThreadId(19) [2mzenoh::net::routing::dispatcher::queries[0m[2m:[0m Face{1, 40305f7b3f5b541aa0ec8ecbc8027690}:615 Route final reply: Query not found!
[2m2026-08-24T05:17:06.218219Z[0m [33m WARN[0m                net-0 ThreadId(14) [2mzenoh::net::routing::dispatcher::queries[0m[2m:[0m Face{1, 40305f7b3f5b541aa0ec8ecbc8027690}:619 Didn't receive final reply for query Face{2, d1aa1c0db8ee4a52adc3b1e68d42760d}:619: Timeout(10s)!
[2m2026-08-24T05:17:16.719710Z[0m [33m WARN[0m                net-0 ThreadId(14) [2mzenoh::net::routing::dispatcher::queries[0m[2m:[0m Face{1, 40305f7b3f5b541aa0ec8ecbc8027690}:620 Didn't receive final reply for query Face{2, d1aa1c0db8ee4a52adc3b1e68d42760d}:620: Timeout(10s)!
[2m2026-08-24T05:17:18.432251Z[0m [33m WARN[0m ThreadId(19) [2mzenoh::net::routing::dispatcher::queries[0m[2m:[0m Face{1, 40305f7b3f5b541aa0ec8ecbc8027690}:619 Route reply: Query not found!
[2m2026-08-24T05:17:18.432295Z[0m [33m WARN[0m ThreadId(19) [2mzenoh::net::routing::dispatcher::queries[0m[2m:[0m Face{1, 40305f7b3f5b541aa0ec8ecbc8027690}:619 Route final reply: Query not found!
[2m2026-08-24T05:17:18.432311Z[0m [33m WARN[0m ThreadId(19) [2mzenoh::net::routing::dispatcher::queries[0m[2m:[0m Face{1, 40305f7b3f5b541aa0ec8ecbc8027690}:620 Route reply: Query not found!
[2m2026-08-24T05:17:18.432314Z[0m [33m WARN[0m ThreadId(19) [2mzenoh::net::routing::dispatcher::queries[0m[2m:[0m Face{1, 40305f7b3f5b541aa0ec8ecbc8027690}:620 Route final reply: Query not found!
[2m2026-08-24T05:17:28.676668Z[0m [33m WARN[0m                net-0 ThreadId(14) [2mzenoh::net::routing::dispatcher::queries[0m[2m:[0m Face{1, 40305f7b3f5b541aa0ec8ecbc8027690}:637 Didn't receive final reply for query Face{2, d1aa1c0db8ee4a52adc3b1e68d42760d}:637: Timeout(10s)!
[2m2026-08-24T05:17:28.708864Z[0m [33m WARN[0m                net-0 ThreadId(14) [2mzenoh::net::routing::dispatcher::queries[0m[2m:[0m Face{1, 40305f7b3f5b541aa0ec8ecbc8027690}:639 Didn't receive final reply for query Face{2, d1aa1c0db8ee4a52adc3b1e68d42760d}:639: Timeout(10s)!
[2m2026-08-24T05:17:36.868943Z[0m [33m WARN[0m ThreadId(19) [2mzenoh::net::routing::dispatcher::queries[0m[2m:[0m Face{1, 40305f7b3f5b541aa0ec8ecbc8027690}:637 Route reply: Query not found!
[2m2026-08-24T05:17:36.868983Z[0m [33m WARN[0m ThreadId(19) [2mzenoh::net::routing::dispatcher::queries[0m[2m:[0m Face{1, 40305f7b3f5b541aa0ec8ecbc8027690}:637 Route final reply: Query not found!
[2m2026-08-24T05:17:39.211663Z[0m [33m WARN[0m                net-0 ThreadId(14) [2mzenoh::net::routing::dispatcher::queries[0m[2m:[0m Face{1, 40305f7b3f5b541aa0ec8ecbc8027690}:641 Didn't receive final reply for query Face{2, d1aa1c0db8ee4a52adc3b1e68d42760d}:641: Timeout(10s)!
[2m2026-08-24T05:17:44.838303Z[0m [33m WARN[0m ThreadId(19) [2mzenoh::net::routing::dispatcher::queries[0m[2m:[0m Face{1, 40305f7b3f5b541aa0ec8ecbc8027690}:639 Route reply: Query not found!
[2m2026-08-24T05:17:44.838394Z[0m [33m WARN[0m ThreadId(19) [2mzenoh::net::routing::dispatcher::queries[0m[2m:[0m Face{1, 40305f7b3f5b541aa0ec8ecbc8027690}:639 Route final reply: Query not found!
[2m2026-08-24T05:17:44.838438Z[0m [33m WARN[0m ThreadId(19) [2mzenoh::net::routing::dispatcher::queries[0m[2m:[0m Face{1, 40305f7b3f5b541aa0ec8ecbc8027690}:641 Route reply: Query not found!
[2m2026-08-24T05:17:44.838442Z[0m [33m WARN[0m ThreadId(19) [2mzenoh::net::routing::dispatcher::queries[0m[2m:[0m Face{1, 40305f7b3f5b541aa0ec8ecbc8027690}:641 Route final reply: Query not found!
[2m2026-08-24T05:17:46.948994Z[0m [33m WARN[0m                net-0 ThreadId(14) [2mzenoh::net::routing::dispatcher::queries[0m[2m:[0m Face{1, 40305f7b3f5b541aa0ec8ecbc8027690}:644 Didn't receive final reply for query Face{2, d1aa1c0db8ee4a52adc3b1e68d42760d}:644: Timeout(10s)!
[2m2026-08-24T05:17:54.866676Z[0m [33m WARN[0m ThreadId(19) [2mzenoh::net::routing::dispatcher::queries[0m[2m:[0m Face{1, 40305f7b3f5b541aa0ec8ecbc8027690}:644 Route reply: Query not found!
[2m2026-08-24T05:17:54.866719Z[0m [33m WARN[0m ThreadId(19) [2mzenoh::net::routing::dispatcher::queries[0m[2m:[0m Face{1, 40305f7b3f5b541aa0ec8ecbc8027690}:644 Route final reply: Query not found!
[2m2026-08-24T05:17:54.894698Z[0m [33m WARN[0m                net-0 ThreadId(14) [2mzenoh::net::routing::dispatcher::queries[0m[2m:[0m Face{1, 40305f7b3f5b541aa0ec8ecbc8027690}:648 Didn't receive final reply for query Face{2, d1aa1c0db8ee4a52adc3b1e68d42760d}:648: Timeout(10s)!
[2m2026-08-24T05:18:04.928789Z[0m [33m WARN[0m                net-0 ThreadId(14) [2mzenoh::net::routing::dispatcher::queries[0m[2m:[0m Face{1, 40305f7b3f5b541aa0ec8ecbc8027690}:652 Didn't receive final reply for query Face{2, d1aa1c0db8ee4a52adc3b1e68d42760d}:652: Timeout(10s)!
[2m2026-08-24T05:18:05.396370Z[0m [33m WARN[0m                net-0 ThreadId(14) [2mzenoh::net::routing::dispatcher::queries[0m[2m:[0m Face{1, 40305f7b3f5b541aa0ec8ecbc8027690}:653 Didn't receive final reply for query Face{2, d1aa1c0db8ee4a52adc3b1e68d42760d}:653: Timeout(10s)!
[2m2026-08-24T05:18:09.023921Z[0m [33m WARN[0m ThreadId(19) [2mzenoh::net::routing::dispatcher::queries[0m[2m:[0m Face{1, 40305f7b3f5b541aa0ec8ecbc8027690}:648 Route reply: Query not found!
[2m2026-08-24T05:18:09.023960Z[0m [33m WARN[0m ThreadId(19) [2mzenoh::net::routing::dispatcher::queries[0m[2m:[0m Face{1, 40305f7b3f5b541aa0ec8ecbc8027690}:648 Route final reply: Query not found!
[2m2026-08-24T05:18:09.023983Z[0m [33m WARN[0m ThreadId(19) [2mzenoh::net::routing::dispatcher::queries[0m[2m:[0m Face{1, 40305f7b3f5b541aa0ec8ecbc8027690}:653 Route reply: Query not found!
[2m2026-08-24T05:18:09.023987Z[0m [33m WARN[0m ThreadId(19) [2mzenoh::net::routing::dispatcher::queries[0m[2m:[0m Face{1, 40305f7b3f5b541aa0ec8ecbc8027690}:653 Route final reply: Query not found!
[2m2026-08-24T05:18:12.866594Z[0m [33m WARN[0m ThreadId(19) [2mzenoh::net::routing::dispatcher::queries[0m[2m:[0m Face{1, 40305f7b3f5b541aa0ec8ecbc8027690}:652 Route reply: Query not found!
[2m2026-08-24T05:18:12.866630Z[0m [33m WARN[0m ThreadId(19) [2mzenoh::net::routing::dispatcher::queries[0m[2m:[0m Face{1, 40305f7b3f5b541aa0ec8ecbc8027690}:652 Route final reply: Query not found!
[2m2026-08-24T05:18:19.106679Z[0m [33m WARN[0m                net-0 ThreadId(14) [2mzenoh::net::routing::dispatcher::queries[0m[2m:[0m Face{1, 40305f7b3f5b541aa0ec8ecbc8027690}:658 Didn't receive final reply for query Face{2, d1aa1c0db8ee4a52adc3b1e68d42760d}:658: Timeout(10s)!
[2m2026-08-24T05:18:22.907725Z[0m [33m WARN[0m                net-0 ThreadId(14) [2mzenoh::net::routing::dispatcher::queries[0m[2m:[0m Face{1, 40305f7b3f5b541aa0ec8ecbc8027690}:661 Didn't receive final reply for query Face{2, d1aa1c0db8ee4a52adc3b1e68d42760d}:661: Timeout(10s)!
[2m2026-08-24T05:18:24.036191Z[0m [33m WARN[0m ThreadId(19) [2mzenoh::net::routing::dispatcher::queries[0m[2m:[0m Face{1, 40305f7b3f5b541aa0ec8ecbc8027690}:658 Route reply: Query not found!
[2m2026-08-24T05:18:24.036233Z[0m [33m WARN[0m ThreadId(19) [2mzenoh::net::routing::dispatcher::queries[0m[2m:[0m Face{1, 40305f7b3f5b541aa0ec8ecbc8027690}:658 Route final reply: Query not found!
[2m2026-08-24T05:18:30.862767Z[0m [33m WARN[0m ThreadId(19) [2mzenoh::net::routing::dispatcher::queries[0m[2m:[0m Face{1, 40305f7b3f5b541aa0ec8ecbc8027690}:661 Route reply: Query not found!
[2m2026-08-24T05:18:30.862809Z[0m [33m WARN[0m ThreadId(19) [2mzenoh::net::routing::dispatcher::queries[0m[2m:[0m Face{1, 40305f7b3f5b541aa0ec8ecbc8027690}:661 Route final reply: Query not found!
[2m2026-08-24T05:18:55.045673Z[0m [33m WARN[0m                net-0 ThreadId(14) [2mzenoh::net::routing::dispatcher::queries[0m[2m:[0m Face{1, 40305f7b3f5b541aa0ec8ecbc8027690}:697 Didn't receive final reply for query Face{2, d1aa1c0db8ee4a52adc3b1e68d42760d}:697: Timeout(10s)!
[2m2026-08-24T05:18:59.071568Z[0m [33m WARN[0m ThreadId(19) [2mzenoh::net::routing::dispatcher::queries[0m[2m:[0m Face{1, 40305f7b3f5b541aa0ec8ecbc8027690}:697 Route reply: Query not found!
[2m2026-08-24T05:18:59.071664Z[0m [33m WARN[0m ThreadId(19) [2mzenoh::net::routing::dispatcher::queries[0m[2m:[0m Face{1, 40305f7b3f5b541aa0ec8ecbc8027690}:697 Route final reply: Query not found!
[2m2026-08-24T05:19:07.863969Z[0m [32m INFO[0m tokio-runtime-worker ThreadId(13) [2mzenoh_plugin_ros2dds::discovered_entities[0m[2m:[0m Undiscovered ROS Node /bench_task_planning_concurrent_runner
[2m2026-08-24T05:19:09.218111Z[0m [33m WARN[0m                net-0 ThreadId(14) [2mzenoh::net::routing::dispatcher::queries[0m[2m:[0m Face{1, 40305f7b3f5b541aa0ec8ecbc8027690}:700 Didn't receive final reply for query Face{2, d1aa1c0db8ee4a52adc3b1e68d42760d}:700: Timeout(10s)!
[2m2026-08-24T05:19:16.868523Z[0m [33m WARN[0m ThreadId(19) [2mzenoh::net::routing::dispatcher::queries[0m[2m:[0m Face{1, 40305f7b3f5b541aa0ec8ecbc8027690}:700 Route reply: Query not found!
[2m2026-08-24T05:19:16.868986Z[0m [33m WARN[0m ThreadId(19) [2mzenoh::net::routing::dispatcher::queries[0m[2m:[0m Face{1, 40305f7b3f5b541aa0ec8ecbc8027690}:700 Route final reply: Query not found!
[2m2026-08-24T05:19:26.957695Z[0m [33m WARN[0m                net-0 ThreadId(14) [2mzenoh::net::routing::dispatcher::queries[0m[2m:[0m Face{1, 40305f7b3f5b541aa0ec8ecbc8027690}:704 Didn't receive final reply for query Face{2, d1aa1c0db8ee4a52adc3b1e68d42760d}:704: Timeout(10s)!
[2m2026-08-24T05:19:34.866937Z[0m [33m WARN[0m ThreadId(19) [2mzenoh::net::routing::dispatcher::queries[0m[2m:[0m Face{1, 40305f7b3f5b541aa0ec8ecbc8027690}:704 Route reply: Query not found!
[2m2026-08-24T05:19:34.866975Z[0m [33m WARN[0m ThreadId(19) [2mzenoh::net::routing::dispatcher::queries[0m[2m:[0m Face{1, 40305f7b3f5b541aa0ec8ecbc8027690}:704 Route final reply: Query not found!
[2m2026-08-24T05:19:44.937818Z[0m [33m WARN[0m                net-0 ThreadId(14) [2mzenoh::net::routing::dispatcher::queries[0m[2m:[0m Face{1, 40305f7b3f5b541aa0ec8ecbc8027690}:708 Didn't receive final reply for query Face{2, d1aa1c0db8ee4a52adc3b1e68d42760d}:708: Timeout(10s)!
[2m2026-08-24T05:19:52.865707Z[0m [33m WARN[0m ThreadId(19) [2mzenoh::net::routing::dispatcher::queries[0m[2m:[0m Face{1, 40305f7b3f5b541aa0ec8ecbc8027690}:708 Route reply: Query not found!
[2m2026-08-24T05:19:52.865746Z[0m [33m WARN[0m ThreadId(19) [2mzenoh::net::routing::dispatcher::queries[0m[2m:[0m Face{1, 40305f7b3f5b541aa0ec8ecbc8027690}:708 Route final reply: Query not found!
[2m2026-08-24T05:20:02.905704Z[0m [33m WARN[0m                net-0 ThreadId(14) [2mzenoh::net::routing::dispatcher::queries[0m[2m:[0m Face{1, 40305f7b3f5b541aa0ec8ecbc8027690}:712 Didn't receive final reply for query Face{2, d1aa1c0db8ee4a52adc3b1e68d42760d}:712: Timeout(10s)!
[2m2026-08-24T05:20:10.862234Z[0m [33m WARN[0m ThreadId(19) [2mzenoh::net::routing::dispatcher::queries[0m[2m:[0m Face{1, 40305f7b3f5b541aa0ec8ecbc8027690}:712 Route reply: Query not found!
[2m2026-08-24T05:20:10.862270Z[0m [33m WARN[0m ThreadId(19) [2mzenoh::net::routing::dispatcher::queries[0m[2m:[0m Face{1, 40305f7b3f5b541aa0ec8ecbc8027690}:712 Route final reply: Query not found!
[2m2026-08-24T05:20:20.967759Z[0m [33m WARN[0m                net-0 ThreadId(14) [2mzenoh::net::routing::dispatcher::queries[0m[2m:[0m Face{1, 40305f7b3f5b541aa0ec8ecbc8027690}:716 Didn't receive final reply for query Face{2, d1aa1c0db8ee4a52adc3b1e68d42760d}:716: Timeout(10s)!
[2m2026-08-24T05:20:28.860788Z[0m [33m WARN[0m ThreadId(19) [2mzenoh::net::routing::dispatcher::queries[0m[2m:[0m Face{1, 40305f7b3f5b541aa0ec8ecbc8027690}:716 Route reply: Query not found!
[2m2026-08-24T05:20:28.860832Z[0m [33m WARN[0m ThreadId(19) [2mzenoh::net::routing::dispatcher::queries[0m[2m:[0m Face{1, 40305f7b3f5b541aa0ec8ecbc8027690}:716 Route final reply: Query not found!
[2m2026-08-24T05:20:38.960843Z[0m [33m WARN[0m                net-0 ThreadId(14) [2mzenoh::net::routing::dispatcher::queries[0m[2m:[0m Face{1, 40305f7b3f5b541aa0ec8ecbc8027690}:720 Didn't receive final reply for query Face{2, d1aa1c0db8ee4a52adc3b1e68d42760d}:720: Timeout(10s)!
[2m2026-08-24T05:20:46.861942Z[0m [33m WARN[0m ThreadId(19) [2mzenoh::net::routing::dispatcher::queries[0m[2m:[0m Face{1, 40305f7b3f5b541aa0ec8ecbc8027690}:720 Route reply: Query not found!
[2m2026-08-24T05:20:46.861983Z[0m [33m WARN[0m ThreadId(19) [2mzenoh::net::routing::dispatcher::queries[0m[2m:[0m Face{1, 40305f7b3f5b541aa0ec8ecbc8027690}:720 Route final reply: Query not found!
[2m2026-08-24T05:20:56.920798Z[0m [33m WARN[0m                net-0 ThreadId(14) [2mzenoh::net::routing::dispatcher::queries[0m[2m:[0m Face{1, 40305f7b3f5b541aa0ec8ecbc8027690}:724 Didn't receive final reply for query Face{2, d1aa1c0db8ee4a52adc3b1e68d42760d}:724: Timeout(10s)!
[2m2026-08-24T05:21:04.860020Z[0m [33m WARN[0m ThreadId(19) [2mzenoh::net::routing::dispatcher::queries[0m[2m:[0m Face{1, 40305f7b3f5b541aa0ec8ecbc8027690}:724 Route reply: Query not found!
[2m2026-08-24T05:21:04.860063Z[0m [33m WARN[0m ThreadId(19) [2mzenoh::net::routing::dispatcher::queries[0m[2m:[0m Face{1, 40305f7b3f5b541aa0ec8ecbc8027690}:724 Route final reply: Query not found!
[2m2026-08-24T05:21:14.988345Z[0m [33m WARN[0m                net-0 ThreadId(14) [2mzenoh::net::routing::dispatcher::queries[0m[2m:[0m Face{1, 40305f7b3f5b541aa0ec8ecbc8027690}:728 Didn't receive final reply for query Face{2, d1aa1c0db8ee4a52adc3b1e68d42760d}:728: Timeout(10s)!
[2m2026-08-24T05:21:22.866809Z[0m [33m WARN[0m ThreadId(19) [2mzenoh::net::routing::dispatcher::queries[0m[2m:[0m Face{1, 40305f7b3f5b541aa0ec8ecbc8027690}:728 Route reply: Query not found!
[2m2026-08-24T05:21:22.866854Z[0m [33m WARN[0m ThreadId(19) [2mzenoh::net::routing::dispatcher::queries[0m[2m:[0m Face{1, 40305f7b3f5b541aa0ec8ecbc8027690}:728 Route final reply: Query not found!
[2m2026-08-24T05:21:32.969683Z[0m [33m WARN[0m                net-0 ThreadId(14) [2mzenoh::net::routing::dispatcher::queries[0m[2m:[0m Face{1, 40305f7b3f5b541aa0ec8ecbc8027690}:732 Didn't receive final reply for query Face{2, d1aa1c0db8ee4a52adc3b1e68d42760d}:732: Timeout(10s)!
[2m2026-08-24T05:21:40.861230Z[0m [33m WARN[0m ThreadId(19) [2mzenoh::net::routing::dispatcher::queries[0m[2m:[0m Face{1, 40305f7b3f5b541aa0ec8ecbc8027690}:732 Route reply: Query not found!
[2m2026-08-24T05:21:40.861412Z[0m [33m WARN[0m ThreadId(19) [2mzenoh::net::routing::dispatcher::queries[0m[2m:[0m Face{1, 40305f7b3f5b541aa0ec8ecbc8027690}:732 Route final reply: Query not found!
[2m2026-08-24T05:21:50.944625Z[0m [33m WARN[0m                net-0 ThreadId(14) [2mzenoh::net::routing::dispatcher::queries[0m[2m:[0m Face{1, 40305f7b3f5b541aa0ec8ecbc8027690}:736 Didn't receive final reply for query Face{2, d1aa1c0db8ee4a52adc3b1e68d42760d}:736: Timeout(10s)!
[2m2026-08-24T05:21:58.867058Z[0m [33m WARN[0m ThreadId(19) [2mzenoh::net::routing::dispatcher::queries[0m[2m:[0m Face{1, 40305f7b3f5b541aa0ec8ecbc8027690}:736 Route reply: Query not found!
[2m2026-08-24T05:21:58.867101Z[0m [33m WARN[0m ThreadId(19) [2mzenoh::net::routing::dispatcher::queries[0m[2m:[0m Face{1, 40305f7b3f5b541aa0ec8ecbc8027690}:736 Route final reply: Query not found!
[2m2026-08-24T05:22:08.905720Z[0m [33m WARN[0m                net-0 ThreadId(14) [2mzenoh::net::routing::dispatcher::queries[0m[2m:[0m Face{1, 40305f7b3f5b541aa0ec8ecbc8027690}:740 Didn't receive final reply for query Face{2, d1aa1c0db8ee4a52adc3b1e68d42760d}:740: Timeout(10s)!
[2m2026-08-24T05:22:16.863315Z[0m [33m WARN[0m ThreadId(19) [2mzenoh::net::routing::dispatcher::queries[0m[2m:[0m Face{1, 40305f7b3f5b541aa0ec8ecbc8027690}:740 Route reply: Query not found!
[2m2026-08-24T05:22:16.863356Z[0m [33m WARN[0m ThreadId(19) [2mzenoh::net::routing::dispatcher::queries[0m[2m:[0m Face{1, 40305f7b3f5b541aa0ec8ecbc8027690}:740 Route final reply: Query not found!
[2m2026-08-24T05:22:26.966286Z[0m [33m WARN[0m                net-0 ThreadId(14) [2mzenoh::net::routing::dispatcher::queries[0m[2m:[0m Face{1, 40305f7b3f5b541aa0ec8ecbc8027690}:744 Didn't receive final reply for query Face{2, d1aa1c0db8ee4a52adc3b1e68d42760d}:744: Timeout(10s)!
[2m2026-08-24T05:22:34.867787Z[0m [33m WARN[0m ThreadId(19) [2mzenoh::net::routing::dispatcher::queries[0m[2m:[0m Face{1, 40305f7b3f5b541aa0ec8ecbc8027690}:744 Route reply: Query not found!
[2m2026-08-24T05:22:34.867838Z[0m [33m WARN[0m ThreadId(19) [2mzenoh::net::routing::dispatcher::queries[0m[2m:[0m Face{1, 40305f7b3f5b541aa0ec8ecbc8027690}:744 Route final reply: Query not found!
[2m2026-08-24T05:22:44.943688Z[0m [33m WARN[0m                net-0 ThreadId(14) [2mzenoh::net::routing::dispatcher::queries[0m[2m:[0m Face{1, 40305f7b3f5b541aa0ec8ecbc8027690}:748 Didn't receive final reply for query Face{2, d1aa1c0db8ee4a52adc3b1e68d42760d}:748: Timeout(10s)!
[2m2026-08-24T05:22:52.860160Z[0m [33m WARN[0m ThreadId(19) [2mzenoh::net::routing::dispatcher::queries[0m[2m:[0m Face{1, 40305f7b3f5b541aa0ec8ecbc8027690}:748 Route reply: Query not found!
[2m2026-08-24T05:22:52.860210Z[0m [33m WARN[0m ThreadId(19) [2mzenoh::net::routing::dispatcher::queries[0m[2m:[0m Face{1, 40305f7b3f5b541aa0ec8ecbc8027690}:748 Route final reply: Query not found!
[2m2026-08-24T05:23:02.910342Z[0m [33m WARN[0m                net-0 ThreadId(14) [2mzenoh::net::routing::dispatcher::queries[0m[2m:[0m Face{1, 40305f7b3f5b541aa0ec8ecbc8027690}:752 Didn't receive final reply for query Face{2, d1aa1c0db8ee4a52adc3b1e68d42760d}:752: Timeout(10s)!
[2m2026-08-24T05:23:10.869774Z[0m [33m WARN[0m ThreadId(19) [2mzenoh::net::routing::dispatcher::queries[0m[2m:[0m Face{1, 40305f7b3f5b541aa0ec8ecbc8027690}:752 Route reply: Query not found!
[2m2026-08-24T05:23:10.869810Z[0m [33m WARN[0m ThreadId(19) [2mzenoh::net::routing::dispatcher::queries[0m[2m:[0m Face{1, 40305f7b3f5b541aa0ec8ecbc8027690}:752 Route final reply: Query not found!
[2m2026-08-24T05:23:20.992610Z[0m [33m WARN[0m                net-0 ThreadId(14) [2mzenoh::net::routing::dispatcher::queries[0m[2m:[0m Face{1, 40305f7b3f5b541aa0ec8ecbc8027690}:756 Didn't receive final reply for query Face{2, d1aa1c0db8ee4a52adc3b1e68d42760d}:756: Timeout(10s)!
[2m2026-08-24T05:23:28.864792Z[0m [33m WARN[0m ThreadId(19) [2mzenoh::net::routing::dispatcher::queries[0m[2m:[0m Face{1, 40305f7b3f5b541aa0ec8ecbc8027690}:756 Route reply: Query not found!
[2m2026-08-24T05:23:28.864842Z[0m [33m WARN[0m ThreadId(19) [2mzenoh::net::routing::dispatcher::queries[0m[2m:[0m Face{1, 40305f7b3f5b541aa0ec8ecbc8027690}:756 Route final reply: Query not found!
[2m2026-08-24T05:23:38.956686Z[0m [33m WARN[0m                net-0 ThreadId(14) [2mzenoh::net::routing::dispatcher::queries[0m[2m:[0m Face{1, 40305f7b3f5b541aa0ec8ecbc8027690}:760 Didn't receive final reply for query Face{2, d1aa1c0db8ee4a52adc3b1e68d42760d}:760: Timeout(10s)!
[2m2026-08-24T05:23:46.864707Z[0m [33m WARN[0m ThreadId(19) [2mzenoh::net::routing::dispatcher::queries[0m[2m:[0m Face{1, 40305f7b3f5b541aa0ec8ecbc8027690}:760 Route reply: Query not found!
[2m2026-08-24T05:23:46.864762Z[0m [33m WARN[0m ThreadId(19) [2mzenoh::net::routing::dispatcher::queries[0m[2m:[0m Face{1, 40305f7b3f5b541aa0ec8ecbc8027690}:760 Route final reply: Query not found!
[2m2026-08-24T05:23:56.914703Z[0m [33m WARN[0m                net-0 ThreadId(14) [2mzenoh::net::routing::dispatcher::queries[0m[2m:[0m Face{1, 40305f7b3f5b541aa0ec8ecbc8027690}:764 Didn't receive final reply for query Face{2, d1aa1c0db8ee4a52adc3b1e68d42760d}:764: Timeout(10s)!
[2m2026-08-24T05:24:04.864903Z[0m [33m WARN[0m ThreadId(19) [2mzenoh::net::routing::dispatcher::queries[0m[2m:[0m Face{1, 40305f7b3f5b541aa0ec8ecbc8027690}:764 Route reply: Query not found!
[2m2026-08-24T05:24:04.865206Z[0m [33m WARN[0m ThreadId(19) [2mzenoh::net::routing::dispatcher::queries[0m[2m:[0m Face{1, 40305f7b3f5b541aa0ec8ecbc8027690}:764 Route final reply: Query not found!
[2m2026-08-24T05:24:14.991899Z[0m [33m WARN[0m                net-0 ThreadId(14) [2mzenoh::net::routing::dispatcher::queries[0m[2m:[0m Face{1, 40305f7b3f5b541aa0ec8ecbc8027690}:768 Didn't receive final reply for query Face{2, d1aa1c0db8ee4a52adc3b1e68d42760d}:768: Timeout(10s)!
[2m2026-08-24T05:24:22.867131Z[0m [33m WARN[0m ThreadId(19) [2mzenoh::net::routing::dispatcher::queries[0m[2m:[0m Face{1, 40305f7b3f5b541aa0ec8ecbc8027690}:768 Route reply: Query not found!
[2m2026-08-24T05:24:22.867173Z[0m [33m WARN[0m ThreadId(19) [2mzenoh::net::routing::dispatcher::queries[0m[2m:[0m Face{1, 40305f7b3f5b541aa0ec8ecbc8027690}:768 Route final reply: Query not found!
[2m2026-08-24T05:24:32.958287Z[0m [33m WARN[0m                net-0 ThreadId(14) [2mzenoh::net::routing::dispatcher::queries[0m[2m:[0m Face{1, 40305f7b3f5b541aa0ec8ecbc8027690}:772 Didn't receive final reply for query Face{2, d1aa1c0db8ee4a52adc3b1e68d42760d}:772: Timeout(10s)!
[2m2026-08-24T05:24:40.860253Z[0m [33m WARN[0m ThreadId(19) [2mzenoh::net::routing::dispatcher::queries[0m[2m:[0m Face{1, 40305f7b3f5b541aa0ec8ecbc8027690}:772 Route reply: Query not found!
[2m2026-08-24T05:24:40.860297Z[0m [33m WARN[0m ThreadId(19) [2mzenoh::net::routing::dispatcher::queries[0m[2m:[0m Face{1, 40305f7b3f5b541aa0ec8ecbc8027690}:772 Route final reply: Query not found!
[2m2026-08-24T05:24:50.926699Z[0m [33m WARN[0m                net-0 ThreadId(14) [2mzenoh::net::routing::dispatcher::queries[0m[2m:[0m Face{1, 40305f7b3f5b541aa0ec8ecbc8027690}:776 Didn't receive final reply for query Face{2, d1aa1c0db8ee4a52adc3b1e68d42760d}:776: Timeout(10s)!
[2m2026-08-24T05:24:58.866662Z[0m [33m WARN[0m ThreadId(19) [2mzenoh::net::routing::dispatcher::queries[0m[2m:[0m Face{1, 40305f7b3f5b541aa0ec8ecbc8027690}:776 Route reply: Query not found!
[2m2026-08-24T05:24:58.866704Z[0m [33m WARN[0m ThreadId(19) [2mzenoh::net::routing::dispatcher::queries[0m[2m:[0m Face{1, 40305f7b3f5b541aa0ec8ecbc8027690}:776 Route final reply: Query not found!
[2m2026-08-24T05:25:09.001715Z[0m [33m WARN[0m                net-0 ThreadId(14) [2mzenoh::net::routing::dispatcher::queries[0m[2m:[0m Face{1, 40305f7b3f5b541aa0ec8ecbc8027690}:780 Didn't receive final reply for query Face{2, d1aa1c0db8ee4a52adc3b1e68d42760d}:780: Timeout(10s)!
[2m2026-08-24T05:25:16.865597Z[0m [33m WARN[0m ThreadId(19) [2mzenoh::net::routing::dispatcher::queries[0m[2m:[0m Face{1, 40305f7b3f5b541aa0ec8ecbc8027690}:780 Route reply: Query not found!
[2m2026-08-24T05:25:16.865641Z[0m [33m WARN[0m ThreadId(19) [2mzenoh::net::routing::dispatcher::queries[0m[2m:[0m Face{1, 40305f7b3f5b541aa0ec8ecbc8027690}:780 Route final reply: Query not found!
[2m2026-08-24T05:25:26.959702Z[0m [33m WARN[0m                net-0 ThreadId(14) [2mzenoh::net::routing::dispatcher::queries[0m[2m:[0m Face{1, 40305f7b3f5b541aa0ec8ecbc8027690}:784 Didn't receive final reply for query Face{2, d1aa1c0db8ee4a52adc3b1e68d42760d}:784: Timeout(10s)!
[2m2026-08-24T05:25:34.862710Z[0m [33m WARN[0m ThreadId(19) [2mzenoh::net::routing::dispatcher::queries[0m[2m:[0m Face{1, 40305f7b3f5b541aa0ec8ecbc8027690}:784 Route reply: Query not found!
[2m2026-08-24T05:25:34.862745Z[0m [33m WARN[0m ThreadId(19) [2mzenoh::net::routing::dispatcher::queries[0m[2m:[0m Face{1, 40305f7b3f5b541aa0ec8ecbc8027690}:784 Route final reply: Query not found!
[2m2026-08-24T05:25:44.940949Z[0m [33m WARN[0m                net-0 ThreadId(14) [2mzenoh::net::routing::dispatcher::queries[0m[2m:[0m Face{1, 40305f7b3f5b541aa0ec8ecbc8027690}:788 Didn't receive final reply for query Face{2, d1aa1c0db8ee4a52adc3b1e68d42760d}:788: Timeout(10s)!
[2m2026-08-24T05:25:52.868271Z[0m [33m WARN[0m ThreadId(19) [2mzenoh::net::routing::dispatcher::queries[0m[2m:[0m Face{1, 40305f7b3f5b541aa0ec8ecbc8027690}:788 Route reply: Query not found!
[2m2026-08-24T05:25:52.868315Z[0m [33m WARN[0m ThreadId(19) [2mzenoh::net::routing::dispatcher::queries[0m[2m:[0m Face{1, 40305f7b3f5b541aa0ec8ecbc8027690}:788 Route final reply: Query not found!
[2m2026-08-24T05:26:03.004316Z[0m [33m WARN[0m                net-0 ThreadId(14) [2mzenoh::net::routing::dispatcher::queries[0m[2m:[0m Face{1, 40305f7b3f5b541aa0ec8ecbc8027690}:792 Didn't receive final reply for query Face{2, d1aa1c0db8ee4a52adc3b1e68d42760d}:792: Timeout(10s)!
[2m2026-08-24T05:26:10.866812Z[0m [33m WARN[0m ThreadId(19) [2mzenoh::net::routing::dispatcher::queries[0m[2m:[0m Face{1, 40305f7b3f5b541aa0ec8ecbc8027690}:792 Route reply: Query not found!
[2m2026-08-24T05:26:10.866855Z[0m [33m WARN[0m ThreadId(19) [2mzenoh::net::routing::dispatcher::queries[0m[2m:[0m Face{1, 40305f7b3f5b541aa0ec8ecbc8027690}:792 Route final reply: Query not found!
[2m2026-08-24T05:26:20.960616Z[0m [33m WARN[0m                net-0 ThreadId(14) [2mzenoh::net::routing::dispatcher::queries[0m[2m:[0m Face{1, 40305f7b3f5b541aa0ec8ecbc8027690}:796 Didn't receive final reply for query Face{2, d1aa1c0db8ee4a52adc3b1e68d42760d}:796: Timeout(10s)!
[2m2026-08-24T05:26:28.863780Z[0m [33m WARN[0m ThreadId(19) [2mzenoh::net::routing::dispatcher::queries[0m[2m:[0m Face{1, 40305f7b3f5b541aa0ec8ecbc8027690}:796 Route reply: Query not found!
[2m2026-08-24T05:26:28.863828Z[0m [33m WARN[0m ThreadId(19) [2mzenoh::net::routing::dispatcher::queries[0m[2m:[0m Face{1, 40305f7b3f5b541aa0ec8ecbc8027690}:796 Route final reply: Query not found!
[2m2026-08-24T05:26:38.937447Z[0m [33m WARN[0m                net-0 ThreadId(14) [2mzenoh::net::routing::dispatcher::queries[0m[2m:[0m Face{1, 40305f7b3f5b541aa0ec8ecbc8027690}:800 Didn't receive final reply for query Face{2, d1aa1c0db8ee4a52adc3b1e68d42760d}:800: Timeout(10s)!
[2m2026-08-24T05:26:46.860610Z[0m [33m WARN[0m ThreadId(19) [2mzenoh::net::routing::dispatcher::queries[0m[2m:[0m Face{1, 40305f7b3f5b541aa0ec8ecbc8027690}:800 Route reply: Query not found!
[2m2026-08-24T05:26:46.860674Z[0m [33m WARN[0m ThreadId(19) [2mzenoh::net::routing::dispatcher::queries[0m[2m:[0m Face{1, 40305f7b3f5b541aa0ec8ecbc8027690}:800 Route final reply: Query not found!
[2m2026-08-24T05:26:56.939762Z[0m [33m WARN[0m                net-0 ThreadId(14) [2mzenoh::net::routing::dispatcher::queries[0m[2m:[0m Face{1, 40305f7b3f5b541aa0ec8ecbc8027690}:804 Didn't receive final reply for query Face{2, d1aa1c0db8ee4a52adc3b1e68d42760d}:804: Timeout(10s)!
[2m2026-08-24T05:27:04.862090Z[0m [33m WARN[0m ThreadId(19) [2mzenoh::net::routing::dispatcher::queries[0m[2m:[0m Face{1, 40305f7b3f5b541aa0ec8ecbc8027690}:804 Route reply: Query not found!
[2m2026-08-24T05:27:04.862121Z[0m [33m WARN[0m ThreadId(19) [2mzenoh::net::routing::dispatcher::queries[0m[2m:[0m Face{1, 40305f7b3f5b541aa0ec8ecbc8027690}:804 Route final reply: Query not found!
[2m2026-08-24T05:27:14.912606Z[0m [33m WARN[0m                net-0 ThreadId(14) [2mzenoh::net::routing::dispatcher::queries[0m[2m:[0m Face{1, 40305f7b3f5b541aa0ec8ecbc8027690}:808 Didn't receive final reply for query Face{2, d1aa1c0db8ee4a52adc3b1e68d42760d}:808: Timeout(10s)!
[2m2026-08-24T05:27:17.552175Z[0m [32m INFO[0m tokio-runtime-worker ThreadId(07) [2mzenoh_plugin_ros2dds::discovered_entities[0m[2m:[0m Undiscovered ROS Node /toggle_floors
[2m2026-08-24T05:27:22.862397Z[0m [33m WARN[0m ThreadId(19) [2mzenoh::net::routing::dispatcher::queries[0m[2m:[0m Face{1, 40305f7b3f5b541aa0ec8ecbc8027690}:808 Route reply: Query not found!
[2m2026-08-24T05:27:22.862456Z[0m [33m WARN[0m ThreadId(19) [2mzenoh::net::routing::dispatcher::queries[0m[2m:[0m Face{1, 40305f7b3f5b541aa0ec8ecbc8027690}:808 Route final reply: Query not found!
[2m2026-08-24T05:27:33.000426Z[0m [33m WARN[0m                net-0 ThreadId(14) [2mzenoh::net::routing::dispatcher::queries[0m[2m:[0m Face{1, 40305f7b3f5b541aa0ec8ecbc8027690}:812 Didn't receive final reply for query Face{2, d1aa1c0db8ee4a52adc3b1e68d42760d}:812: Timeout(10s)!
[2m2026-08-24T05:27:40.863049Z[0m [33m WARN[0m ThreadId(19) [2mzenoh::net::routing::dispatcher::queries[0m[2m:[0m Face{1, 40305f7b3f5b541aa0ec8ecbc8027690}:812 Route reply: Query not found!
[2m2026-08-24T05:27:40.863095Z[0m [33m WARN[0m ThreadId(19) [2mzenoh::net::routing::dispatcher::queries[0m[2m:[0m Face{1, 40305f7b3f5b541aa0ec8ecbc8027690}:812 Route final reply: Query not found!
[2m2026-08-24T05:27:51.005725Z[0m [33m WARN[0m                net-0 ThreadId(14) [2mzenoh::net::routing::dispatcher::queries[0m[2m:[0m Face{1, 40305f7b3f5b541aa0ec8ecbc8027690}:816 Didn't receive final reply for query Face{2, d1aa1c0db8ee4a52adc3b1e68d42760d}:816: Timeout(10s)!
[2m2026-08-24T05:27:58.862657Z[0m [33m WARN[0m ThreadId(19) [2mzenoh::net::routing::dispatcher::queries[0m[2m:[0m Face{1, 40305f7b3f5b541aa0ec8ecbc8027690}:816 Route reply: Query not found!
[2m2026-08-24T05:27:58.862711Z[0m [33m WARN[0m ThreadId(19) [2mzenoh::net::routing::dispatcher::queries[0m[2m:[0m Face{1, 40305f7b3f5b541aa0ec8ecbc8027690}:816 Route final reply: Query not found!
[2m2026-08-24T05:28:08.969949Z[0m [33m WARN[0m                net-0 ThreadId(14) [2mzenoh::net::routing::dispatcher::queries[0m[2m:[0m Face{1, 40305f7b3f5b541aa0ec8ecbc8027690}:820 Didn't receive final reply for query Face{2, d1aa1c0db8ee4a52adc3b1e68d42760d}:820: Timeout(10s)!
[2m2026-08-24T05:28:16.867358Z[0m [33m WARN[0m ThreadId(19) [2mzenoh::net::routing::dispatcher::queries[0m[2m:[0m Face{1, 40305f7b3f5b541aa0ec8ecbc8027690}:820 Route reply: Query not found!
[2m2026-08-24T05:28:16.867434Z[0m [33m WARN[0m ThreadId(19) [2mzenoh::net::routing::dispatcher::queries[0m[2m:[0m Face{1, 40305f7b3f5b541aa0ec8ecbc8027690}:820 Route final reply: Query not found!
[2m2026-08-24T05:28:26.915775Z[0m [33m WARN[0m                net-0 ThreadId(14) [2mzenoh::net::routing::dispatcher::queries[0m[2m:[0m Face{1, 40305f7b3f5b541aa0ec8ecbc8027690}:824 Didn't receive final reply for query Face{2, d1aa1c0db8ee4a52adc3b1e68d42760d}:824: Timeout(10s)!
[2m2026-08-24T05:28:34.866247Z[0m [33m WARN[0m ThreadId(19) [2mzenoh::net::routing::dispatcher::queries[0m[2m:[0m Face{1, 40305f7b3f5b541aa0ec8ecbc8027690}:824 Route reply: Query not found!
[2m2026-08-24T05:28:34.866301Z[0m [33m WARN[0m ThreadId(19) [2mzenoh::net::routing::dispatcher::queries[0m[2m:[0m Face{1, 40305f7b3f5b541aa0ec8ecbc8027690}:824 Route final reply: Query not found!
[2m2026-08-24T05:28:44.982677Z[0m [33m WARN[0m                net-0 ThreadId(14) [2mzenoh::net::routing::dispatcher::queries[0m[2m:[0m Face{1, 40305f7b3f5b541aa0ec8ecbc8027690}:828 Didn't receive final reply for query Face{2, d1aa1c0db8ee4a52adc3b1e68d42760d}:828: Timeout(10s)!
[2m2026-08-24T05:28:52.865703Z[0m [33m WARN[0m ThreadId(19) [2mzenoh::net::routing::dispatcher::queries[0m[2m:[0m Face{1, 40305f7b3f5b541aa0ec8ecbc8027690}:828 Route reply: Query not found!
[2m2026-08-24T05:28:52.865764Z[0m [33m WARN[0m ThreadId(19) [2mzenoh::net::routing::dispatcher::queries[0m[2m:[0m Face{1, 40305f7b3f5b541aa0ec8ecbc8027690}:828 Route final reply: Query not found!
[2m2026-08-24T05:29:02.968761Z[0m [33m WARN[0m                net-0 ThreadId(14) [2mzenoh::net::routing::dispatcher::queries[0m[2m:[0m Face{1, 40305f7b3f5b541aa0ec8ecbc8027690}:832 Didn't receive final reply for query Face{2, d1aa1c0db8ee4a52adc3b1e68d42760d}:832: Timeout(10s)!
[2m2026-08-24T05:29:10.861785Z[0m [33m WARN[0m ThreadId(19) [2mzenoh::net::routing::dispatcher::queries[0m[2m:[0m Face{1, 40305f7b3f5b541aa0ec8ecbc8027690}:832 Route reply: Query not found!
[2m2026-08-24T05:29:10.861817Z[0m [33m WARN[0m ThreadId(19) [2mzenoh::net::routing::dispatcher::queries[0m[2m:[0m Face{1, 40305f7b3f5b541aa0ec8ecbc8027690}:832 Route final reply: Query not found!
[2m2026-08-24T05:29:20.943684Z[0m [33m WARN[0m                net-0 ThreadId(14) [2mzenoh::net::routing::dispatcher::queries[0m[2m:[0m Face{1, 40305f7b3f5b541aa0ec8ecbc8027690}:836 Didn't receive final reply for query Face{2, d1aa1c0db8ee4a52adc3b1e68d42760d}:836: Timeout(10s)!
[2m2026-08-24T05:29:28.859639Z[0m [33m WARN[0m ThreadId(19) [2mzenoh::net::routing::dispatcher::queries[0m[2m:[0m Face{1, 40305f7b3f5b541aa0ec8ecbc8027690}:836 Route reply: Query not found!
[2m2026-08-24T05:29:28.859691Z[0m [33m WARN[0m ThreadId(19) [2mzenoh::net::routing::dispatcher::queries[0m[2m:[0m Face{1, 40305f7b3f5b541aa0ec8ecbc8027690}:836 Route final reply: Query not found!
[2m2026-08-24T05:29:38.901680Z[0m [33m WARN[0m                net-0 ThreadId(14) [2mzenoh::net::routing::dispatcher::queries[0m[2m:[0m Face{1, 40305f7b3f5b541aa0ec8ecbc8027690}:840 Didn't receive final reply for query Face{2, d1aa1c0db8ee4a52adc3b1e68d42760d}:840: Timeout(10s)!
[2m2026-08-24T05:29:46.860454Z[0m [33m WARN[0m ThreadId(19) [2mzenoh::net::routing::dispatcher::queries[0m[2m:[0m Face{1, 40305f7b3f5b541aa0ec8ecbc8027690}:840 Route reply: Query not found!
[2m2026-08-24T05:29:46.860522Z[0m [33m WARN[0m ThreadId(19) [2mzenoh::net::routing::dispatcher::queries[0m[2m:[0m Face{1, 40305f7b3f5b541aa0ec8ecbc8027690}:840 Route final reply: Query not found!
[2m2026-08-24T05:29:56.986781Z[0m [33m WARN[0m                net-0 ThreadId(14) [2mzenoh::net::routing::dispatcher::queries[0m[2m:[0m Face{1, 40305f7b3f5b541aa0ec8ecbc8027690}:844 Didn't receive final reply for query Face{2, d1aa1c0db8ee4a52adc3b1e68d42760d}:844: Timeout(10s)!
[2m2026-08-24T05:30:04.867551Z[0m [33m WARN[0m ThreadId(19) [2mzenoh::net::routing::dispatcher::queries[0m[2m:[0m Face{1, 40305f7b3f5b541aa0ec8ecbc8027690}:844 Route reply: Query not found!
[2m2026-08-24T05:30:04.867597Z[0m [33m WARN[0m ThreadId(19) [2mzenoh::net::routing::dispatcher::queries[0m[2m:[0m Face{1, 40305f7b3f5b541aa0ec8ecbc8027690}:844 Route final reply: Query not found!
[2m2026-08-24T05:30:14.949716Z[0m [33m WARN[0m                net-0 ThreadId(14) [2mzenoh::net::routing::dispatcher::queries[0m[2m:[0m Face{1, 40305f7b3f5b541aa0ec8ecbc8027690}:848 Didn't receive final reply for query Face{2, d1aa1c0db8ee4a52adc3b1e68d42760d}:848: Timeout(10s)!
[2m2026-08-24T05:30:22.859704Z[0m [33m WARN[0m ThreadId(19) [2mzenoh::net::routing::dispatcher::queries[0m[2m:[0m Face{1, 40305f7b3f5b541aa0ec8ecbc8027690}:848 Route reply: Query not found!
[2m2026-08-24T05:30:22.859754Z[0m [33m WARN[0m ThreadId(19) [2mzenoh::net::routing::dispatcher::queries[0m[2m:[0m Face{1, 40305f7b3f5b541aa0ec8ecbc8027690}:848 Route final reply: Query not found!
[2m2026-08-24T05:30:32.934823Z[0m [33m WARN[0m                net-0 ThreadId(14) [2mzenoh::net::routing::dispatcher::queries[0m[2m:[0m Face{1, 40305f7b3f5b541aa0ec8ecbc8027690}:852 Didn't receive final reply for query Face{2, d1aa1c0db8ee4a52adc3b1e68d42760d}:852: Timeout(10s)!
[2m2026-08-24T05:30:40.868146Z[0m [33m WARN[0m ThreadId(19) [2mzenoh::net::routing::dispatcher::queries[0m[2m:[0m Face{1, 40305f7b3f5b541aa0ec8ecbc8027690}:852 Route reply: Query not found!
[2m2026-08-24T05:30:40.868196Z[0m [33m WARN[0m ThreadId(19) [2mzenoh::net::routing::dispatcher::queries[0m[2m:[0m Face{1, 40305f7b3f5b541aa0ec8ecbc8027690}:852 Route final reply: Query not found!
[2m2026-08-24T05:30:50.901665Z[0m [33m WARN[0m                net-0 ThreadId(14) [2mzenoh::net::routing::dispatcher::queries[0m[2m:[0m Face{1, 40305f7b3f5b541aa0ec8ecbc8027690}:856 Didn't receive final reply for query Face{2, d1aa1c0db8ee4a52adc3b1e68d42760d}:856: Timeout(10s)!
[2m2026-08-24T05:30:58.865180Z[0m [33m WARN[0m ThreadId(19) [2mzenoh::net::routing::dispatcher::queries[0m[2m:[0m Face{1, 40305f7b3f5b541aa0ec8ecbc8027690}:856 Route reply: Query not found!
[2m2026-08-24T05:30:58.865230Z[0m [33m WARN[0m ThreadId(19) [2mzenoh::net::routing::dispatcher::queries[0m[2m:[0m Face{1, 40305f7b3f5b541aa0ec8ecbc8027690}:856 Route final reply: Query not found!
[2m2026-08-24T05:31:08.961666Z[0m [33m WARN[0m                net-0 ThreadId(14) [2mzenoh::net::routing::dispatcher::queries[0m[2m:[0m Face{1, 40305f7b3f5b541aa0ec8ecbc8027690}:860 Didn't receive final reply for query Face{2, d1aa1c0db8ee4a52adc3b1e68d42760d}:860: Timeout(10s)!
[2m2026-08-24T05:31:16.863833Z[0m [33m WARN[0m ThreadId(19) [2mzenoh::net::routing::dispatcher::queries[0m[2m:[0m Face{1, 40305f7b3f5b541aa0ec8ecbc8027690}:860 Route reply: Query not found!
[2m2026-08-24T05:31:16.863879Z[0m [33m WARN[0m ThreadId(19) [2mzenoh::net::routing::dispatcher::queries[0m[2m:[0m Face{1, 40305f7b3f5b541aa0ec8ecbc8027690}:860 Route final reply: Query not found!
[2m2026-08-24T05:31:26.925749Z[0m [33m WARN[0m                net-0 ThreadId(14) [2mzenoh::net::routing::dispatcher::queries[0m[2m:[0m Face{1, 40305f7b3f5b541aa0ec8ecbc8027690}:864 Didn't receive final reply for query Face{2, d1aa1c0db8ee4a52adc3b1e68d42760d}:864: Timeout(10s)!
[2m2026-08-24T05:31:34.868263Z[0m [33m WARN[0m ThreadId(19) [2mzenoh::net::routing::dispatcher::queries[0m[2m:[0m Face{1, 40305f7b3f5b541aa0ec8ecbc8027690}:864 Route reply: Query not found!
[2m2026-08-24T05:31:34.868311Z[0m [33m WARN[0m ThreadId(19) [2mzenoh::net::routing::dispatcher::queries[0m[2m:[0m Face{1, 40305f7b3f5b541aa0ec8ecbc8027690}:864 Route final reply: Query not found!
[2m2026-08-24T05:31:44.983746Z[0m [33m WARN[0m                net-0 ThreadId(14) [2mzenoh::net::routing::dispatcher::queries[0m[2m:[0m Face{1, 40305f7b3f5b541aa0ec8ecbc8027690}:868 Didn't receive final reply for query Face{2, d1aa1c0db8ee4a52adc3b1e68d42760d}:868: Timeout(10s)!
[2m2026-08-24T05:31:52.867850Z[0m [33m WARN[0m ThreadId(19) [2mzenoh::net::routing::dispatcher::queries[0m[2m:[0m Face{1, 40305f7b3f5b541aa0ec8ecbc8027690}:868 Route reply: Query not found!
[2m2026-08-24T05:31:52.867886Z[0m [33m WARN[0m ThreadId(19) [2mzenoh::net::routing::dispatcher::queries[0m[2m:[0m Face{1, 40305f7b3f5b541aa0ec8ecbc8027690}:868 Route final reply: Query not found!
[2m2026-08-24T05:32:02.943840Z[0m [33m WARN[0m                net-0 ThreadId(14) [2mzenoh::net::routing::dispatcher::queries[0m[2m:[0m Face{1, 40305f7b3f5b541aa0ec8ecbc8027690}:872 Didn't receive final reply for query Face{2, d1aa1c0db8ee4a52adc3b1e68d42760d}:872: Timeout(10s)!
[2m2026-08-24T05:32:10.866691Z[0m [33m WARN[0m ThreadId(19) [2mzenoh::net::routing::dispatcher::queries[0m[2m:[0m Face{1, 40305f7b3f5b541aa0ec8ecbc8027690}:872 Route reply: Query not found!
[2m2026-08-24T05:32:10.866758Z[0m [33m WARN[0m ThreadId(19) [2mzenoh::net::routing::dispatcher::queries[0m[2m:[0m Face{1, 40305f7b3f5b541aa0ec8ecbc8027690}:872 Route final reply: Query not found!
[2m2026-08-24T05:32:20.950686Z[0m [33m WARN[0m                net-0 ThreadId(14) [2mzenoh::net::routing::dispatcher::queries[0m[2m:[0m Face{1, 40305f7b3f5b541aa0ec8ecbc8027690}:876 Didn't receive final reply for query Face{2, d1aa1c0db8ee4a52adc3b1e68d42760d}:876: Timeout(10s)!
[2m2026-08-24T05:32:28.861103Z[0m [33m WARN[0m ThreadId(19) [2mzenoh::net::routing::dispatcher::queries[0m[2m:[0m Face{1, 40305f7b3f5b541aa0ec8ecbc8027690}:876 Route reply: Query not found!
[2m2026-08-24T05:32:28.861134Z[0m [33m WARN[0m ThreadId(19) [2mzenoh::net::routing::dispatcher::queries[0m[2m:[0m Face{1, 40305f7b3f5b541aa0ec8ecbc8027690}:876 Route final reply: Query not found!
[2m2026-08-24T05:32:38.906111Z[0m [33m WARN[0m                net-0 ThreadId(14) [2mzenoh::net::routing::dispatcher::queries[0m[2m:[0m Face{1, 40305f7b3f5b541aa0ec8ecbc8027690}:880 Didn't receive final reply for query Face{2, d1aa1c0db8ee4a52adc3b1e68d42760d}:880: Timeout(10s)!
[2m2026-08-24T05:32:46.858020Z[0m [33m WARN[0m ThreadId(19) [2mzenoh::net::routing::dispatcher::queries[0m[2m:[0m Face{1, 40305f7b3f5b541aa0ec8ecbc8027690}:880 Route reply: Query not found!
[2m2026-08-24T05:32:46.858060Z[0m [33m WARN[0m ThreadId(19) [2mzenoh::net::routing::dispatcher::queries[0m[2m:[0m Face{1, 40305f7b3f5b541aa0ec8ecbc8027690}:880 Route final reply: Query not found!
[2m2026-08-24T05:32:56.976654Z[0m [33m WARN[0m                net-0 ThreadId(14) [2mzenoh::net::routing::dispatcher::queries[0m[2m:[0m Face{1, 40305f7b3f5b541aa0ec8ecbc8027690}:884 Didn't receive final reply for query Face{2, d1aa1c0db8ee4a52adc3b1e68d42760d}:884: Timeout(10s)!
[2m2026-08-24T05:33:04.868091Z[0m [33m WARN[0m ThreadId(19) [2mzenoh::net::routing::dispatcher::queries[0m[2m:[0m Face{1, 40305f7b3f5b541aa0ec8ecbc8027690}:884 Route reply: Query not found!
[2m2026-08-24T05:33:04.868129Z[0m [33m WARN[0m ThreadId(19) [2mzenoh::net::routing::dispatcher::queries[0m[2m:[0m Face{1, 40305f7b3f5b541aa0ec8ecbc8027690}:884 Route final reply: Query not found!
[2m2026-08-24T05:33:14.945661Z[0m [33m WARN[0m                net-0 ThreadId(14) [2mzenoh::net::routing::dispatcher::queries[0m[2m:[0m Face{1, 40305f7b3f5b541aa0ec8ecbc8027690}:888 Didn't receive final reply for query Face{2, d1aa1c0db8ee4a52adc3b1e68d42760d}:888: Timeout(10s)!
[2m2026-08-24T05:33:22.859027Z[0m [33m WARN[0m ThreadId(19) [2mzenoh::net::routing::dispatcher::queries[0m[2m:[0m Face{1, 40305f7b3f5b541aa0ec8ecbc8027690}:888 Route reply: Query not found!
[2m2026-08-24T05:33:22.859070Z[0m [33m WARN[0m ThreadId(19) [2mzenoh::net::routing::dispatcher::queries[0m[2m:[0m Face{1, 40305f7b3f5b541aa0ec8ecbc8027690}:888 Route final reply: Query not found!
[2m2026-08-24T05:33:32.927806Z[0m [33m WARN[0m                net-0 ThreadId(14) [2mzenoh::net::routing::dispatcher::queries[0m[2m:[0m Face{1, 40305f7b3f5b541aa0ec8ecbc8027690}:892 Didn't receive final reply for query Face{2, d1aa1c0db8ee4a52adc3b1e68d42760d}:892: Timeout(10s)!
[2m2026-08-24T05:33:40.865134Z[0m [33m WARN[0m ThreadId(19) [2mzenoh::net::routing::dispatcher::queries[0m[2m:[0m Face{1, 40305f7b3f5b541aa0ec8ecbc8027690}:892 Route reply: Query not found!
[2m2026-08-24T05:33:40.865175Z[0m [33m WARN[0m ThreadId(19) [2mzenoh::net::routing::dispatcher::queries[0m[2m:[0m Face{1, 40305f7b3f5b541aa0ec8ecbc8027690}:892 Route final reply: Query not found!
[2m2026-08-24T05:33:50.920011Z[0m [33m WARN[0m                net-0 ThreadId(14) [2mzenoh::net::routing::dispatcher::queries[0m[2m:[0m Face{1, 40305f7b3f5b541aa0ec8ecbc8027690}:896 Didn't receive final reply for query Face{2, d1aa1c0db8ee4a52adc3b1e68d42760d}:896: Timeout(10s)!
[2m2026-08-24T05:33:58.869968Z[0m [33m WARN[0m ThreadId(19) [2mzenoh::net::routing::dispatcher::queries[0m[2m:[0m Face{1, 40305f7b3f5b541aa0ec8ecbc8027690}:896 Route reply: Query not found!
[2m2026-08-24T05:33:58.870011Z[0m [33m WARN[0m ThreadId(19) [2mzenoh::net::routing::dispatcher::queries[0m[2m:[0m Face{1, 40305f7b3f5b541aa0ec8ecbc8027690}:896 Route final reply: Query not found!
[2m2026-08-24T05:34:08.983663Z[0m [33m WARN[0m                net-0 ThreadId(14) [2mzenoh::net::routing::dispatcher::queries[0m[2m:[0m Face{1, 40305f7b3f5b541aa0ec8ecbc8027690}:900 Didn't receive final reply for query Face{2, d1aa1c0db8ee4a52adc3b1e68d42760d}:900: Timeout(10s)!
[2m2026-08-24T05:34:16.862751Z[0m [33m WARN[0m ThreadId(19) [2mzenoh::net::routing::dispatcher::queries[0m[2m:[0m Face{1, 40305f7b3f5b541aa0ec8ecbc8027690}:900 Route reply: Query not found!
[2m2026-08-24T05:34:16.862795Z[0m [33m WARN[0m ThreadId(19) [2mzenoh::net::routing::dispatcher::queries[0m[2m:[0m Face{1, 40305f7b3f5b541aa0ec8ecbc8027690}:900 Route final reply: Query not found!
[2m2026-08-24T05:34:26.947667Z[0m [33m WARN[0m                net-0 ThreadId(14) [2mzenoh::net::routing::dispatcher::queries[0m[2m:[0m Face{1, 40305f7b3f5b541aa0ec8ecbc8027690}:904 Didn't receive final reply for query Face{2, d1aa1c0db8ee4a52adc3b1e68d42760d}:904: Timeout(10s)!
[2m2026-08-24T05:34:34.859092Z[0m [33m WARN[0m ThreadId(19) [2mzenoh::net::routing::dispatcher::queries[0m[2m:[0m Face{1, 40305f7b3f5b541aa0ec8ecbc8027690}:904 Route reply: Query not found!
[2m2026-08-24T05:34:34.859132Z[0m [33m WARN[0m ThreadId(19) [2mzenoh::net::routing::dispatcher::queries[0m[2m:[0m Face{1, 40305f7b3f5b541aa0ec8ecbc8027690}:904 Route final reply: Query not found!
[2m2026-08-24T05:34:44.901654Z[0m [33m WARN[0m                net-0 ThreadId(14) [2mzenoh::net::routing::dispatcher::queries[0m[2m:[0m Face{1, 40305f7b3f5b541aa0ec8ecbc8027690}:908 Didn't receive final reply for query Face{2, d1aa1c0db8ee4a52adc3b1e68d42760d}:908: Timeout(10s)!
[2m2026-08-24T05:34:52.865073Z[0m [33m WARN[0m ThreadId(19) [2mzenoh::net::routing::dispatcher::queries[0m[2m:[0m Face{1, 40305f7b3f5b541aa0ec8ecbc8027690}:908 Route reply: Query not found!
[2m2026-08-24T05:34:52.865116Z[0m [33m WARN[0m ThreadId(19) [2mzenoh::net::routing::dispatcher::queries[0m[2m:[0m Face{1, 40305f7b3f5b541aa0ec8ecbc8027690}:908 Route final reply: Query not found!
[2m2026-08-24T05:35:02.985704Z[0m [33m WARN[0m                net-0 ThreadId(14) [2mzenoh::net::routing::dispatcher::queries[0m[2m:[0m Face{1, 40305f7b3f5b541aa0ec8ecbc8027690}:912 Didn't receive final reply for query Face{2, d1aa1c0db8ee4a52adc3b1e68d42760d}:912: Timeout(10s)!
[2m2026-08-24T05:35:10.865633Z[0m [33m WARN[0m ThreadId(19) [2mzenoh::net::routing::dispatcher::queries[0m[2m:[0m Face{1, 40305f7b3f5b541aa0ec8ecbc8027690}:912 Route reply: Query not found!
[2m2026-08-24T05:35:10.865674Z[0m [33m WARN[0m ThreadId(19) [2mzenoh::net::routing::dispatcher::queries[0m[2m:[0m Face{1, 40305f7b3f5b541aa0ec8ecbc8027690}:912 Route final reply: Query not found!
[2m2026-08-24T05:35:20.946844Z[0m [33m WARN[0m                net-0 ThreadId(14) [2mzenoh::net::routing::dispatcher::queries[0m[2m:[0m Face{1, 40305f7b3f5b541aa0ec8ecbc8027690}:916 Didn't receive final reply for query Face{2, d1aa1c0db8ee4a52adc3b1e68d42760d}:916: Timeout(10s)!
[2m2026-08-24T05:35:28.859889Z[0m [33m WARN[0m ThreadId(19) [2mzenoh::net::routing::dispatcher::queries[0m[2m:[0m Face{1, 40305f7b3f5b541aa0ec8ecbc8027690}:916 Route reply: Query not found!
[2m2026-08-24T05:35:28.859930Z[0m [33m WARN[0m ThreadId(19) [2mzenoh::net::routing::dispatcher::queries[0m[2m:[0m Face{1, 40305f7b3f5b541aa0ec8ecbc8027690}:916 Route final reply: Query not found!
[2m2026-08-24T05:35:38.913597Z[0m [33m WARN[0m                net-0 ThreadId(14) [2mzenoh::net::routing::dispatcher::queries[0m[2m:[0m Face{1, 40305f7b3f5b541aa0ec8ecbc8027690}:920 Didn't receive final reply for query Face{2, d1aa1c0db8ee4a52adc3b1e68d42760d}:920: Timeout(10s)!
[2m2026-08-24T05:35:46.864471Z[0m [33m WARN[0m ThreadId(19) [2mzenoh::net::routing::dispatcher::queries[0m[2m:[0m Face{1, 40305f7b3f5b541aa0ec8ecbc8027690}:920 Route reply: Query not found!
[2m2026-08-24T05:35:46.864542Z[0m [33m WARN[0m ThreadId(19) [2mzenoh::net::routing::dispatcher::queries[0m[2m:[0m Face{1, 40305f7b3f5b541aa0ec8ecbc8027690}:920 Route final reply: Query not found!
[2m2026-08-24T05:35:56.988083Z[0m [33m WARN[0m                net-0 ThreadId(14) [2mzenoh::net::routing::dispatcher::queries[0m[2m:[0m Face{1, 40305f7b3f5b541aa0ec8ecbc8027690}:924 Didn't receive final reply for query Face{2, d1aa1c0db8ee4a52adc3b1e68d42760d}:924: Timeout(10s)!
[2m2026-08-24T05:36:04.860236Z[0m [33m WARN[0m ThreadId(19) [2mzenoh::net::routing::dispatcher::queries[0m[2m:[0m Face{1, 40305f7b3f5b541aa0ec8ecbc8027690}:924 Route reply: Query not found!
[2m2026-08-24T05:36:04.860299Z[0m [33m WARN[0m ThreadId(19) [2mzenoh::net::routing::dispatcher::queries[0m[2m:[0m Face{1, 40305f7b3f5b541aa0ec8ecbc8027690}:924 Route final reply: Query not found!
[2m2026-08-24T05:36:14.941674Z[0m [33m WARN[0m                net-0 ThreadId(14) [2mzenoh::net::routing::dispatcher::queries[0m[2m:[0m Face{1, 40305f7b3f5b541aa0ec8ecbc8027690}:928 Didn't receive final reply for query Face{2, d1aa1c0db8ee4a52adc3b1e68d42760d}:928: Timeout(10s)!
[2m2026-08-24T05:36:22.863357Z[0m [33m WARN[0m ThreadId(19) [2mzenoh::net::routing::dispatcher::queries[0m[2m:[0m Face{1, 40305f7b3f5b541aa0ec8ecbc8027690}:928 Route reply: Query not found!
[2m2026-08-24T05:36:22.863402Z[0m [33m WARN[0m ThreadId(19) [2mzenoh::net::routing::dispatcher::queries[0m[2m:[0m Face{1, 40305f7b3f5b541aa0ec8ecbc8027690}:928 Route final reply: Query not found!
[2m2026-08-24T05:36:32.921680Z[0m [33m WARN[0m                net-0 ThreadId(14) [2mzenoh::net::routing::dispatcher::queries[0m[2m:[0m Face{1, 40305f7b3f5b541aa0ec8ecbc8027690}:932 Didn't receive final reply for query Face{2, d1aa1c0db8ee4a52adc3b1e68d42760d}:932: Timeout(10s)!
[2m2026-08-24T05:36:40.862501Z[0m [33m WARN[0m ThreadId(19) [2mzenoh::net::routing::dispatcher::queries[0m[2m:[0m Face{1, 40305f7b3f5b541aa0ec8ecbc8027690}:932 Route reply: Query not found!
[2m2026-08-24T05:36:40.862539Z[0m [33m WARN[0m ThreadId(19) [2mzenoh::net::routing::dispatcher::queries[0m[2m:[0m Face{1, 40305f7b3f5b541aa0ec8ecbc8027690}:932 Route final reply: Query not found!
[2m2026-08-24T05:36:50.989745Z[0m [33m WARN[0m                net-0 ThreadId(14) [2mzenoh::net::routing::dispatcher::queries[0m[2m:[0m Face{1, 40305f7b3f5b541aa0ec8ecbc8027690}:936 Didn't receive final reply for query Face{2, d1aa1c0db8ee4a52adc3b1e68d42760d}:936: Timeout(10s)!
[2m2026-08-24T05:36:58.862314Z[0m [33m WARN[0m ThreadId(19) [2mzenoh::net::routing::dispatcher::queries[0m[2m:[0m Face{1, 40305f7b3f5b541aa0ec8ecbc8027690}:936 Route reply: Query not found!
[2m2026-08-24T05:36:58.862367Z[0m [33m WARN[0m ThreadId(19) [2mzenoh::net::routing::dispatcher::queries[0m[2m:[0m Face{1, 40305f7b3f5b541aa0ec8ecbc8027690}:936 Route final reply: Query not found!
[2m2026-08-24T05:37:08.962104Z[0m [33m WARN[0m                net-0 ThreadId(14) [2mzenoh::net::routing::dispatcher::queries[0m[2m:[0m Face{1, 40305f7b3f5b541aa0ec8ecbc8027690}:940 Didn't receive final reply for query Face{2, d1aa1c0db8ee4a52adc3b1e68d42760d}:940: Timeout(10s)!
[2m2026-08-24T05:37:16.861956Z[0m [33m WARN[0m ThreadId(19) [2mzenoh::net::routing::dispatcher::queries[0m[2m:[0m Face{1, 40305f7b3f5b541aa0ec8ecbc8027690}:940 Route reply: Query not found!
[2m2026-08-24T05:37:16.861994Z[0m [33m WARN[0m ThreadId(19) [2mzenoh::net::routing::dispatcher::queries[0m[2m:[0m Face{1, 40305f7b3f5b541aa0ec8ecbc8027690}:940 Route final reply: Query not found!
[2m2026-08-24T05:37:26.924210Z[0m [33m WARN[0m                net-0 ThreadId(14) [2mzenoh::net::routing::dispatcher::queries[0m[2m:[0m Face{1, 40305f7b3f5b541aa0ec8ecbc8027690}:944 Didn't receive final reply for query Face{2, d1aa1c0db8ee4a52adc3b1e68d42760d}:944: Timeout(10s)!
[2m2026-08-24T05:37:34.863604Z[0m [33m WARN[0m ThreadId(19) [2mzenoh::net::routing::dispatcher::queries[0m[2m:[0m Face{1, 40305f7b3f5b541aa0ec8ecbc8027690}:944 Route reply: Query not found!
[2m2026-08-24T05:37:34.863664Z[0m [33m WARN[0m ThreadId(19) [2mzenoh::net::routing::dispatcher::queries[0m[2m:[0m Face{1, 40305f7b3f5b541aa0ec8ecbc8027690}:944 Route final reply: Query not found!
[2m2026-08-24T05:37:44.986673Z[0m [33m WARN[0m                net-0 ThreadId(14) [2mzenoh::net::routing::dispatcher::queries[0m[2m:[0m Face{1, 40305f7b3f5b541aa0ec8ecbc8027690}:948 Didn't receive final reply for query Face{2, d1aa1c0db8ee4a52adc3b1e68d42760d}:948: Timeout(10s)!
[2m2026-08-24T05:37:52.870688Z[0m [33m WARN[0m ThreadId(19) [2mzenoh::net::routing::dispatcher::queries[0m[2m:[0m Face{1, 40305f7b3f5b541aa0ec8ecbc8027690}:948 Route reply: Query not found!
[2m2026-08-24T05:37:52.870754Z[0m [33m WARN[0m ThreadId(19) [2mzenoh::net::routing::dispatcher::queries[0m[2m:[0m Face{1, 40305f7b3f5b541aa0ec8ecbc8027690}:948 Route final reply: Query not found!
[2m2026-08-24T05:38:02.977707Z[0m [33m WARN[0m                net-0 ThreadId(14) [2mzenoh::net::routing::dispatcher::queries[0m[2m:[0m Face{1, 40305f7b3f5b541aa0ec8ecbc8027690}:952 Didn't receive final reply for query Face{2, d1aa1c0db8ee4a52adc3b1e68d42760d}:952: Timeout(10s)!
[2m2026-08-24T05:38:10.865547Z[0m [33m WARN[0m ThreadId(19) [2mzenoh::net::routing::dispatcher::queries[0m[2m:[0m Face{1, 40305f7b3f5b541aa0ec8ecbc8027690}:952 Route reply: Query not found!
[2m2026-08-24T05:38:10.865596Z[0m [33m WARN[0m ThreadId(19) [2mzenoh::net::routing::dispatcher::queries[0m[2m:[0m Face{1, 40305f7b3f5b541aa0ec8ecbc8027690}:952 Route final reply: Query not found!
[2m2026-08-24T05:38:20.936681Z[0m [33m WARN[0m                net-0 ThreadId(14) [2mzenoh::net::routing::dispatcher::queries[0m[2m:[0m Face{1, 40305f7b3f5b541aa0ec8ecbc8027690}:956 Didn't receive final reply for query Face{2, d1aa1c0db8ee4a52adc3b1e68d42760d}:956: Timeout(10s)!
[2m2026-08-24T05:38:28.868761Z[0m [33m WARN[0m ThreadId(19) [2mzenoh::net::routing::dispatcher::queries[0m[2m:[0m Face{1, 40305f7b3f5b541aa0ec8ecbc8027690}:956 Route reply: Query not found!
[2m2026-08-24T05:38:28.868792Z[0m [33m WARN[0m ThreadId(19) [2mzenoh::net::routing::dispatcher::queries[0m[2m:[0m Face{1, 40305f7b3f5b541aa0ec8ecbc8027690}:956 Route final reply: Query not found!
[2m2026-08-24T05:38:38.905681Z[0m [33m WARN[0m                net-0 ThreadId(14) [2mzenoh::net::routing::dispatcher::queries[0m[2m:[0m Face{1, 40305f7b3f5b541aa0ec8ecbc8027690}:960 Didn't receive final reply for query Face{2, d1aa1c0db8ee4a52adc3b1e68d42760d}:960: Timeout(10s)!
[2m2026-08-24T05:38:46.866635Z[0m [33m WARN[0m ThreadId(19) [2mzenoh::net::routing::dispatcher::queries[0m[2m:[0m Face{1, 40305f7b3f5b541aa0ec8ecbc8027690}:960 Route reply: Query not found!
[2m2026-08-24T05:38:46.866676Z[0m [33m WARN[0m ThreadId(19) [2mzenoh::net::routing::dispatcher::queries[0m[2m:[0m Face{1, 40305f7b3f5b541aa0ec8ecbc8027690}:960 Route final reply: Query not found!
[2m2026-08-24T05:38:56.970123Z[0m [33m WARN[0m                net-0 ThreadId(14) [2mzenoh::net::routing::dispatcher::queries[0m[2m:[0m Face{1, 40305f7b3f5b541aa0ec8ecbc8027690}:964 Didn't receive final reply for query Face{2, d1aa1c0db8ee4a52adc3b1e68d42760d}:964: Timeout(10s)!
[2m2026-08-24T05:39:04.863191Z[0m [33m WARN[0m ThreadId(19) [2mzenoh::net::routing::dispatcher::queries[0m[2m:[0m Face{1, 40305f7b3f5b541aa0ec8ecbc8027690}:964 Route reply: Query not found!
[2m2026-08-24T05:39:04.863297Z[0m [33m WARN[0m ThreadId(19) [2mzenoh::net::routing::dispatcher::queries[0m[2m:[0m Face{1, 40305f7b3f5b541aa0ec8ecbc8027690}:964 Route final reply: Query not found!
[2m2026-08-24T05:39:14.934778Z[0m [33m WARN[0m                net-0 ThreadId(14) [2mzenoh::net::routing::dispatcher::queries[0m[2m:[0m Face{1, 40305f7b3f5b541aa0ec8ecbc8027690}:968 Didn't receive final reply for query Face{2, d1aa1c0db8ee4a52adc3b1e68d42760d}:968: Timeout(10s)!
[2m2026-08-24T05:39:22.867488Z[0m [33m WARN[0m ThreadId(19) [2mzenoh::net::routing::dispatcher::queries[0m[2m:[0m Face{1, 40305f7b3f5b541aa0ec8ecbc8027690}:968 Route reply: Query not found!
[2m2026-08-24T05:39:22.867547Z[0m [33m WARN[0m ThreadId(19) [2mzenoh::net::routing::dispatcher::queries[0m[2m:[0m Face{1, 40305f7b3f5b541aa0ec8ecbc8027690}:968 Route final reply: Query not found!
[2m2026-08-24T05:39:32.910729Z[0m [33m WARN[0m                net-0 ThreadId(14) [2mzenoh::net::routing::dispatcher::queries[0m[2m:[0m Face{1, 40305f7b3f5b541aa0ec8ecbc8027690}:972 Didn't receive final reply for query Face{2, d1aa1c0db8ee4a52adc3b1e68d42760d}:972: Timeout(10s)!
[2m2026-08-24T05:39:40.865553Z[0m [33m WARN[0m ThreadId(19) [2mzenoh::net::routing::dispatcher::queries[0m[2m:[0m Face{1, 40305f7b3f5b541aa0ec8ecbc8027690}:972 Route reply: Query not found!
[2m2026-08-24T05:39:40.865605Z[0m [33m WARN[0m ThreadId(19) [2mzenoh::net::routing::dispatcher::queries[0m[2m:[0m Face{1, 40305f7b3f5b541aa0ec8ecbc8027690}:972 Route final reply: Query not found!
[2m2026-08-24T05:39:50.984685Z[0m [33m WARN[0m                net-0 ThreadId(14) [2mzenoh::net::routing::dispatcher::queries[0m[2m:[0m Face{1, 40305f7b3f5b541aa0ec8ecbc8027690}:976 Didn't receive final reply for query Face{2, d1aa1c0db8ee4a52adc3b1e68d42760d}:976: Timeout(10s)!
[2m2026-08-24T05:39:58.862274Z[0m [33m WARN[0m ThreadId(19) [2mzenoh::net::routing::dispatcher::queries[0m[2m:[0m Face{1, 40305f7b3f5b541aa0ec8ecbc8027690}:976 Route reply: Query not found!
[2m2026-08-24T05:39:58.862325Z[0m [33m WARN[0m ThreadId(19) [2mzenoh::net::routing::dispatcher::queries[0m[2m:[0m Face{1, 40305f7b3f5b541aa0ec8ecbc8027690}:976 Route final reply: Query not found!
[2m2026-08-24T05:40:08.986108Z[0m [33m WARN[0m                net-0 ThreadId(14) [2mzenoh::net::routing::dispatcher::queries[0m[2m:[0m Face{1, 40305f7b3f5b541aa0ec8ecbc8027690}:980 Didn't receive final reply for query Face{2, d1aa1c0db8ee4a52adc3b1e68d42760d}:980: Timeout(10s)!
[2m2026-08-24T05:40:16.866390Z[0m [33m WARN[0m ThreadId(19) [2mzenoh::net::routing::dispatcher::queries[0m[2m:[0m Face{1, 40305f7b3f5b541aa0ec8ecbc8027690}:980 Route reply: Query not found!
[2m2026-08-24T05:40:16.866438Z[0m [33m WARN[0m ThreadId(19) [2mzenoh::net::routing::dispatcher::queries[0m[2m:[0m Face{1, 40305f7b3f5b541aa0ec8ecbc8027690}:980 Route final reply: Query not found!
[2m2026-08-24T05:40:26.908940Z[0m [33m WARN[0m                net-0 ThreadId(14) [2mzenoh::net::routing::dispatcher::queries[0m[2m:[0m Face{1, 40305f7b3f5b541aa0ec8ecbc8027690}:984 Didn't receive final reply for query Face{2, d1aa1c0db8ee4a52adc3b1e68d42760d}:984: Timeout(10s)!
[2m2026-08-24T05:40:34.860793Z[0m [33m WARN[0m ThreadId(19) [2mzenoh::net::routing::dispatcher::queries[0m[2m:[0m Face{1, 40305f7b3f5b541aa0ec8ecbc8027690}:984 Route reply: Query not found!
[2m2026-08-24T05:40:34.860825Z[0m [33m WARN[0m ThreadId(19) [2mzenoh::net::routing::dispatcher::queries[0m[2m:[0m Face{1, 40305f7b3f5b541aa0ec8ecbc8027690}:984 Route final reply: Query not found!
[2m2026-08-24T05:40:44.977729Z[0m [33m WARN[0m                net-0 ThreadId(14) [2mzenoh::net::routing::dispatcher::queries[0m[2m:[0m Face{1, 40305f7b3f5b541aa0ec8ecbc8027690}:988 Didn't receive final reply for query Face{2, d1aa1c0db8ee4a52adc3b1e68d42760d}:988: Timeout(10s)!
[2m2026-08-24T05:40:52.868848Z[0m [33m WARN[0m ThreadId(19) [2mzenoh::net::routing::dispatcher::queries[0m[2m:[0m Face{1, 40305f7b3f5b541aa0ec8ecbc8027690}:988 Route reply: Query not found!
[2m2026-08-24T05:40:52.868883Z[0m [33m WARN[0m ThreadId(19) [2mzenoh::net::routing::dispatcher::queries[0m[2m:[0m Face{1, 40305f7b3f5b541aa0ec8ecbc8027690}:988 Route final reply: Query not found!
[2m2026-08-24T05:41:02.950132Z[0m [33m WARN[0m                net-0 ThreadId(14) [2mzenoh::net::routing::dispatcher::queries[0m[2m:[0m Face{1, 40305f7b3f5b541aa0ec8ecbc8027690}:992 Didn't receive final reply for query Face{2, d1aa1c0db8ee4a52adc3b1e68d42760d}:992: Timeout(10s)!
[2m2026-08-24T05:41:10.860031Z[0m [33m WARN[0m ThreadId(19) [2mzenoh::net::routing::dispatcher::queries[0m[2m:[0m Face{1, 40305f7b3f5b541aa0ec8ecbc8027690}:992 Route reply: Query not found!
[2m2026-08-24T05:41:10.860109Z[0m [33m WARN[0m ThreadId(19) [2mzenoh::net::routing::dispatcher::queries[0m[2m:[0m Face{1, 40305f7b3f5b541aa0ec8ecbc8027690}:992 Route final reply: Query not found!
[2m2026-08-24T05:41:20.918671Z[0m [33m WARN[0m                net-0 ThreadId(14) [2mzenoh::net::routing::dispatcher::queries[0m[2m:[0m Face{1, 40305f7b3f5b541aa0ec8ecbc8027690}:996 Didn't receive final reply for query Face{2, d1aa1c0db8ee4a52adc3b1e68d42760d}:996: Timeout(10s)!
[2m2026-08-24T05:41:28.866538Z[0m [33m WARN[0m ThreadId(19) [2mzenoh::net::routing::dispatcher::queries[0m[2m:[0m Face{1, 40305f7b3f5b541aa0ec8ecbc8027690}:996 Route reply: Query not found!
[2m2026-08-24T05:41:28.866563Z[0m [33m WARN[0m ThreadId(19) [2mzenoh::net::routing::dispatcher::queries[0m[2m:[0m Face{1, 40305f7b3f5b541aa0ec8ecbc8027690}:996 Route final reply: Query not found!
[2m2026-08-24T05:41:38.977698Z[0m [33m WARN[0m                net-0 ThreadId(14) [2mzenoh::net::routing::dispatcher::queries[0m[2m:[0m Face{1, 40305f7b3f5b541aa0ec8ecbc8027690}:1000 Didn't receive final reply for query Face{2, d1aa1c0db8ee4a52adc3b1e68d42760d}:1000: Timeout(10s)!
[2m2026-08-24T05:41:46.868318Z[0m [33m WARN[0m ThreadId(19) [2mzenoh::net::routing::dispatcher::queries[0m[2m:[0m Face{1, 40305f7b3f5b541aa0ec8ecbc8027690}:1000 Route reply: Query not found!
[2m2026-08-24T05:41:46.868540Z[0m [33m WARN[0m ThreadId(19) [2mzenoh::net::routing::dispatcher::queries[0m[2m:[0m Face{1, 40305f7b3f5b541aa0ec8ecbc8027690}:1000 Route final reply: Query not found!
[2m2026-08-24T05:41:56.940882Z[0m [33m WARN[0m                net-0 ThreadId(14) [2mzenoh::net::routing::dispatcher::queries[0m[2m:[0m Face{1, 40305f7b3f5b541aa0ec8ecbc8027690}:1004 Didn't receive final reply for query Face{2, d1aa1c0db8ee4a52adc3b1e68d42760d}:1004: Timeout(10s)!
[2m2026-08-24T05:42:04.863623Z[0m [33m WARN[0m ThreadId(19) [2mzenoh::net::routing::dispatcher::queries[0m[2m:[0m Face{1, 40305f7b3f5b541aa0ec8ecbc8027690}:1004 Route reply: Query not found!
[2m2026-08-24T05:42:04.863744Z[0m [33m WARN[0m ThreadId(19) [2mzenoh::net::routing::dispatcher::queries[0m[2m:[0m Face{1, 40305f7b3f5b541aa0ec8ecbc8027690}:1004 Route final reply: Query not found!
[2m2026-08-24T05:42:14.905884Z[0m [33m WARN[0m                net-0 ThreadId(14) [2mzenoh::net::routing::dispatcher::queries[0m[2m:[0m Face{1, 40305f7b3f5b541aa0ec8ecbc8027690}:1008 Didn't receive final reply for query Face{2, d1aa1c0db8ee4a52adc3b1e68d42760d}:1008: Timeout(10s)!
[2m2026-08-24T05:42:22.863441Z[0m [33m WARN[0m ThreadId(19) [2mzenoh::net::routing::dispatcher::queries[0m[2m:[0m Face{1, 40305f7b3f5b541aa0ec8ecbc8027690}:1008 Route reply: Query not found!
[2m2026-08-24T05:42:22.863501Z[0m [33m WARN[0m ThreadId(19) [2mzenoh::net::routing::dispatcher::queries[0m[2m:[0m Face{1, 40305f7b3f5b541aa0ec8ecbc8027690}:1008 Route final reply: Query not found!
[2m2026-08-24T05:42:32.968047Z[0m [33m WARN[0m                net-0 ThreadId(14) [2mzenoh::net::routing::dispatcher::queries[0m[2m:[0m Face{1, 40305f7b3f5b541aa0ec8ecbc8027690}:1012 Didn't receive final reply for query Face{2, d1aa1c0db8ee4a52adc3b1e68d42760d}:1012: Timeout(10s)!
[2m2026-08-24T05:42:40.858913Z[0m [33m WARN[0m ThreadId(19) [2mzenoh::net::routing::dispatcher::queries[0m[2m:[0m Face{1, 40305f7b3f5b541aa0ec8ecbc8027690}:1012 Route reply: Query not found!
[2m2026-08-24T05:42:40.858961Z[0m [33m WARN[0m ThreadId(19) [2mzenoh::net::routing::dispatcher::queries[0m[2m:[0m Face{1, 40305f7b3f5b541aa0ec8ecbc8027690}:1012 Route final reply: Query not found!
[2m2026-08-24T05:42:50.928201Z[0m [33m WARN[0m                net-0 ThreadId(14) [2mzenoh::net::routing::dispatcher::queries[0m[2m:[0m Face{1, 40305f7b3f5b541aa0ec8ecbc8027690}:1016 Didn't receive final reply for query Face{2, d1aa1c0db8ee4a52adc3b1e68d42760d}:1016: Timeout(10s)!
[2m2026-08-24T05:42:58.867399Z[0m [33m WARN[0m ThreadId(19) [2mzenoh::net::routing::dispatcher::queries[0m[2m:[0m Face{1, 40305f7b3f5b541aa0ec8ecbc8027690}:1016 Route reply: Query not found!
[2m2026-08-24T05:42:58.867455Z[0m [33m WARN[0m ThreadId(19) [2mzenoh::net::routing::dispatcher::queries[0m[2m:[0m Face{1, 40305f7b3f5b541aa0ec8ecbc8027690}:1016 Route final reply: Query not found!
[2m2026-08-24T05:43:08.988782Z[0m [33m WARN[0m                net-0 ThreadId(14) [2mzenoh::net::routing::dispatcher::queries[0m[2m:[0m Face{1, 40305f7b3f5b541aa0ec8ecbc8027690}:1020 Didn't receive final reply for query Face{2, d1aa1c0db8ee4a52adc3b1e68d42760d}:1020: Timeout(10s)!
[2m2026-08-24T05:43:16.862617Z[0m [33m WARN[0m ThreadId(19) [2mzenoh::net::routing::dispatcher::queries[0m[2m:[0m Face{1, 40305f7b3f5b541aa0ec8ecbc8027690}:1020 Route reply: Query not found!
[2m2026-08-24T05:43:16.862658Z[0m [33m WARN[0m ThreadId(19) [2mzenoh::net::routing::dispatcher::queries[0m[2m:[0m Face{1, 40305f7b3f5b541aa0ec8ecbc8027690}:1020 Route final reply: Query not found!
[2m2026-08-24T05:43:26.958811Z[0m [33m WARN[0m                net-0 ThreadId(14) [2mzenoh::net::routing::dispatcher::queries[0m[2m:[0m Face{1, 40305f7b3f5b541aa0ec8ecbc8027690}:1024 Didn't receive final reply for query Face{2, d1aa1c0db8ee4a52adc3b1e68d42760d}:1024: Timeout(10s)!
[2m2026-08-24T05:43:34.861850Z[0m [33m WARN[0m ThreadId(19) [2mzenoh::net::routing::dispatcher::queries[0m[2m:[0m Face{1, 40305f7b3f5b541aa0ec8ecbc8027690}:1024 Route reply: Query not found!
[2m2026-08-24T05:43:34.861892Z[0m [33m WARN[0m ThreadId(19) [2mzenoh::net::routing::dispatcher::queries[0m[2m:[0m Face{1, 40305f7b3f5b541aa0ec8ecbc8027690}:1024 Route final reply: Query not found!
[2m2026-08-24T05:43:44.928687Z[0m [33m WARN[0m                net-0 ThreadId(14) [2mzenoh::net::routing::dispatcher::queries[0m[2m:[0m Face{1, 40305f7b3f5b541aa0ec8ecbc8027690}:1028 Didn't receive final reply for query Face{2, d1aa1c0db8ee4a52adc3b1e68d42760d}:1028: Timeout(10s)!
[2m2026-08-24T05:43:52.866198Z[0m [33m WARN[0m ThreadId(19) [2mzenoh::net::routing::dispatcher::queries[0m[2m:[0m Face{1, 40305f7b3f5b541aa0ec8ecbc8027690}:1028 Route reply: Query not found!
[2m2026-08-24T05:43:52.866251Z[0m [33m WARN[0m ThreadId(19) [2mzenoh::net::routing::dispatcher::queries[0m[2m:[0m Face{1, 40305f7b3f5b541aa0ec8ecbc8027690}:1028 Route final reply: Query not found!
[2m2026-08-24T05:44:02.901664Z[0m [33m WARN[0m                net-0 ThreadId(14) [2mzenoh::net::routing::dispatcher::queries[0m[2m:[0m Face{1, 40305f7b3f5b541aa0ec8ecbc8027690}:1032 Didn't receive final reply for query Face{2, d1aa1c0db8ee4a52adc3b1e68d42760d}:1032: Timeout(10s)!
[2m2026-08-24T05:44:10.864985Z[0m [33m WARN[0m ThreadId(19) [2mzenoh::net::routing::dispatcher::queries[0m[2m:[0m Face{1, 40305f7b3f5b541aa0ec8ecbc8027690}:1032 Route reply: Query not found!
[2m2026-08-24T05:44:10.865187Z[0m [33m WARN[0m ThreadId(19) [2mzenoh::net::routing::dispatcher::queries[0m[2m:[0m Face{1, 40305f7b3f5b541aa0ec8ecbc8027690}:1032 Route final reply: Query not found!
[2m2026-08-24T05:44:20.981654Z[0m [33m WARN[0m                net-0 ThreadId(14) [2mzenoh::net::routing::dispatcher::queries[0m[2m:[0m Face{1, 40305f7b3f5b541aa0ec8ecbc8027690}:1036 Didn't receive final reply for query Face{2, d1aa1c0db8ee4a52adc3b1e68d42760d}:1036: Timeout(10s)!
[2m2026-08-24T05:44:28.860032Z[0m [33m WARN[0m ThreadId(19) [2mzenoh::net::routing::dispatcher::queries[0m[2m:[0m Face{1, 40305f7b3f5b541aa0ec8ecbc8027690}:1036 Route reply: Query not found!
[2m2026-08-24T05:44:28.860076Z[0m [33m WARN[0m ThreadId(19) [2mzenoh::net::routing::dispatcher::queries[0m[2m:[0m Face{1, 40305f7b3f5b541aa0ec8ecbc8027690}:1036 Route final reply: Query not found!
[2m2026-08-24T05:44:38.940702Z[0m [33m WARN[0m                net-0 ThreadId(14) [2mzenoh::net::routing::dispatcher::queries[0m[2m:[0m Face{1, 40305f7b3f5b541aa0ec8ecbc8027690}:1040 Didn't receive final reply for query Face{2, d1aa1c0db8ee4a52adc3b1e68d42760d}:1040: Timeout(10s)!
[2m2026-08-24T05:44:46.859519Z[0m [33m WARN[0m ThreadId(19) [2mzenoh::net::routing::dispatcher::queries[0m[2m:[0m Face{1, 40305f7b3f5b541aa0ec8ecbc8027690}:1040 Route reply: Query not found!
[2m2026-08-24T05:44:46.859562Z[0m [33m WARN[0m ThreadId(19) [2mzenoh::net::routing::dispatcher::queries[0m[2m:[0m Face{1, 40305f7b3f5b541aa0ec8ecbc8027690}:1040 Route final reply: Query not found!
[2m2026-08-24T05:44:56.989696Z[0m [33m WARN[0m                net-0 ThreadId(14) [2mzenoh::net::routing::dispatcher::queries[0m[2m:[0m Face{1, 40305f7b3f5b541aa0ec8ecbc8027690}:1044 Didn't receive final reply for query Face{2, d1aa1c0db8ee4a52adc3b1e68d42760d}:1044: Timeout(10s)!
[2m2026-08-24T05:45:04.860102Z[0m [33m WARN[0m ThreadId(19) [2mzenoh::net::routing::dispatcher::queries[0m[2m:[0m Face{1, 40305f7b3f5b541aa0ec8ecbc8027690}:1044 Route reply: Query not found!
[2m2026-08-24T05:45:04.860150Z[0m [33m WARN[0m ThreadId(19) [2mzenoh::net::routing::dispatcher::queries[0m[2m:[0m Face{1, 40305f7b3f5b541aa0ec8ecbc8027690}:1044 Route final reply: Query not found!
[2m2026-08-24T05:45:14.954779Z[0m [33m WARN[0m                net-0 ThreadId(14) [2mzenoh::net::routing::dispatcher::queries[0m[2m:[0m Face{1, 40305f7b3f5b541aa0ec8ecbc8027690}:1048 Didn't receive final reply for query Face{2, d1aa1c0db8ee4a52adc3b1e68d42760d}:1048: Timeout(10s)!
[2m2026-08-24T05:45:22.859044Z[0m [33m WARN[0m ThreadId(19) [2mzenoh::net::routing::dispatcher::queries[0m[2m:[0m Face{1, 40305f7b3f5b541aa0ec8ecbc8027690}:1048 Route reply: Query not found!
[2m2026-08-24T05:45:22.859085Z[0m [33m WARN[0m ThreadId(19) [2mzenoh::net::routing::dispatcher::queries[0m[2m:[0m Face{1, 40305f7b3f5b541aa0ec8ecbc8027690}:1048 Route final reply: Query not found!
[2m2026-08-24T05:45:32.930693Z[0m [33m WARN[0m                net-0 ThreadId(14) [2mzenoh::net::routing::dispatcher::queries[0m[2m:[0m Face{1, 40305f7b3f5b541aa0ec8ecbc8027690}:1052 Didn't receive final reply for query Face{2, d1aa1c0db8ee4a52adc3b1e68d42760d}:1052: Timeout(10s)!
[2m2026-08-24T05:45:40.868823Z[0m [33m WARN[0m ThreadId(19) [2mzenoh::net::routing::dispatcher::queries[0m[2m:[0m Face{1, 40305f7b3f5b541aa0ec8ecbc8027690}:1052 Route reply: Query not found!
[2m2026-08-24T05:45:40.868854Z[0m [33m WARN[0m ThreadId(19) [2mzenoh::net::routing::dispatcher::queries[0m[2m:[0m Face{1, 40305f7b3f5b541aa0ec8ecbc8027690}:1052 Route final reply: Query not found!
[2m2026-08-24T05:45:51.006685Z[0m [33m WARN[0m                net-0 ThreadId(14) [2mzenoh::net::routing::dispatcher::queries[0m[2m:[0m Face{1, 40305f7b3f5b541aa0ec8ecbc8027690}:1056 Didn't receive final reply for query Face{2, d1aa1c0db8ee4a52adc3b1e68d42760d}:1056: Timeout(10s)!
[2m2026-08-24T05:45:58.864376Z[0m [33m WARN[0m ThreadId(19) [2mzenoh::net::routing::dispatcher::queries[0m[2m:[0m Face{1, 40305f7b3f5b541aa0ec8ecbc8027690}:1056 Route reply: Query not found!
[2m2026-08-24T05:45:58.864420Z[0m [33m WARN[0m ThreadId(19) [2mzenoh::net::routing::dispatcher::queries[0m[2m:[0m Face{1, 40305f7b3f5b541aa0ec8ecbc8027690}:1056 Route final reply: Query not found!
[2m2026-08-24T05:46:08.962679Z[0m [33m WARN[0m                net-0 ThreadId(14) [2mzenoh::net::routing::dispatcher::queries[0m[2m:[0m Face{1, 40305f7b3f5b541aa0ec8ecbc8027690}:1060 Didn't receive final reply for query Face{2, d1aa1c0db8ee4a52adc3b1e68d42760d}:1060: Timeout(10s)!
[2m2026-08-24T05:46:16.867886Z[0m [33m WARN[0m ThreadId(19) [2mzenoh::net::routing::dispatcher::queries[0m[2m:[0m Face{1, 40305f7b3f5b541aa0ec8ecbc8027690}:1060 Route reply: Query not found!
[2m2026-08-24T05:46:16.867928Z[0m [33m WARN[0m ThreadId(19) [2mzenoh::net::routing::dispatcher::queries[0m[2m:[0m Face{1, 40305f7b3f5b541aa0ec8ecbc8027690}:1060 Route final reply: Query not found!
[2m2026-08-24T05:46:26.919661Z[0m [33m WARN[0m                net-0 ThreadId(14) [2mzenoh::net::routing::dispatcher::queries[0m[2m:[0m Face{1, 40305f7b3f5b541aa0ec8ecbc8027690}:1064 Didn't receive final reply for query Face{2, d1aa1c0db8ee4a52adc3b1e68d42760d}:1064: Timeout(10s)!
[2m2026-08-24T05:46:34.862782Z[0m [33m WARN[0m ThreadId(19) [2mzenoh::net::routing::dispatcher::queries[0m[2m:[0m Face{1, 40305f7b3f5b541aa0ec8ecbc8027690}:1064 Route reply: Query not found!
[2m2026-08-24T05:46:34.862837Z[0m [33m WARN[0m ThreadId(19) [2mzenoh::net::routing::dispatcher::queries[0m[2m:[0m Face{1, 40305f7b3f5b541aa0ec8ecbc8027690}:1064 Route final reply: Query not found!
[2m2026-08-24T05:46:44.980680Z[0m [33m WARN[0m                net-0 ThreadId(14) [2mzenoh::net::routing::dispatcher::queries[0m[2m:[0m Face{1, 40305f7b3f5b541aa0ec8ecbc8027690}:1068 Didn't receive final reply for query Face{2, d1aa1c0db8ee4a52adc3b1e68d42760d}:1068: Timeout(10s)!
[2m2026-08-24T05:46:52.861194Z[0m [33m WARN[0m ThreadId(19) [2mzenoh::net::routing::dispatcher::queries[0m[2m:[0m Face{1, 40305f7b3f5b541aa0ec8ecbc8027690}:1068 Route reply: Query not found!
[2m2026-08-24T05:46:52.861244Z[0m [33m WARN[0m ThreadId(19) [2mzenoh::net::routing::dispatcher::queries[0m[2m:[0m Face{1, 40305f7b3f5b541aa0ec8ecbc8027690}:1068 Route final reply: Query not found!
[2m2026-08-24T05:47:02.941941Z[0m [33m WARN[0m                net-0 ThreadId(14) [2mzenoh::net::routing::dispatcher::queries[0m[2m:[0m Face{1, 40305f7b3f5b541aa0ec8ecbc8027690}:1072 Didn't receive final reply for query Face{2, d1aa1c0db8ee4a52adc3b1e68d42760d}:1072: Timeout(10s)!
[2m2026-08-24T05:47:10.861129Z[0m [33m WARN[0m ThreadId(19) [2mzenoh::net::routing::dispatcher::queries[0m[2m:[0m Face{1, 40305f7b3f5b541aa0ec8ecbc8027690}:1072 Route reply: Query not found!
[2m2026-08-24T05:47:10.861166Z[0m [33m WARN[0m ThreadId(19) [2mzenoh::net::routing::dispatcher::queries[0m[2m:[0m Face{1, 40305f7b3f5b541aa0ec8ecbc8027690}:1072 Route final reply: Query not found!
[2m2026-08-24T05:47:20.912306Z[0m [33m WARN[0m                net-0 ThreadId(14) [2mzenoh::net::routing::dispatcher::queries[0m[2m:[0m Face{1, 40305f7b3f5b541aa0ec8ecbc8027690}:1076 Didn't receive final reply for query Face{2, d1aa1c0db8ee4a52adc3b1e68d42760d}:1076: Timeout(10s)!
[2m2026-08-24T05:47:28.860954Z[0m [33m WARN[0m ThreadId(19) [2mzenoh::net::routing::dispatcher::queries[0m[2m:[0m Face{1, 40305f7b3f5b541aa0ec8ecbc8027690}:1076 Route reply: Query not found!
[2m2026-08-24T05:47:28.860994Z[0m [33m WARN[0m ThreadId(19) [2mzenoh::net::routing::dispatcher::queries[0m[2m:[0m Face{1, 40305f7b3f5b541aa0ec8ecbc8027690}:1076 Route final reply: Query not found!
[2m2026-08-24T05:47:38.983705Z[0m [33m WARN[0m                net-0 ThreadId(14) [2mzenoh::net::routing::dispatcher::queries[0m[2m:[0m Face{1, 40305f7b3f5b541aa0ec8ecbc8027690}:1080 Didn't receive final reply for query Face{2, d1aa1c0db8ee4a52adc3b1e68d42760d}:1080: Timeout(10s)!
[2m2026-08-24T05:47:46.863947Z[0m [33m WARN[0m ThreadId(19) [2mzenoh::net::routing::dispatcher::queries[0m[2m:[0m Face{1, 40305f7b3f5b541aa0ec8ecbc8027690}:1080 Route reply: Query not found!
[2m2026-08-24T05:47:46.863994Z[0m [33m WARN[0m ThreadId(19) [2mzenoh::net::routing::dispatcher::queries[0m[2m:[0m Face{1, 40305f7b3f5b541aa0ec8ecbc8027690}:1080 Route final reply: Query not found!
[2m2026-08-24T05:47:56.943728Z[0m [33m WARN[0m                net-0 ThreadId(14) [2mzenoh::net::routing::dispatcher::queries[0m[2m:[0m Face{1, 40305f7b3f5b541aa0ec8ecbc8027690}:1084 Didn't receive final reply for query Face{2, d1aa1c0db8ee4a52adc3b1e68d42760d}:1084: Timeout(10s)!
[2m2026-08-24T05:48:04.862632Z[0m [33m WARN[0m ThreadId(19) [2mzenoh::net::routing::dispatcher::queries[0m[2m:[0m Face{1, 40305f7b3f5b541aa0ec8ecbc8027690}:1084 Route reply: Query not found!
[2m2026-08-24T05:48:04.862686Z[0m [33m WARN[0m ThreadId(19) [2mzenoh::net::routing::dispatcher::queries[0m[2m:[0m Face{1, 40305f7b3f5b541aa0ec8ecbc8027690}:1084 Route final reply: Query not found!
[2m2026-08-24T05:48:14.959672Z[0m [33m WARN[0m                net-0 ThreadId(14) [2mzenoh::net::routing::dispatcher::queries[0m[2m:[0m Face{1, 40305f7b3f5b541aa0ec8ecbc8027690}:1088 Didn't receive final reply for query Face{2, d1aa1c0db8ee4a52adc3b1e68d42760d}:1088: Timeout(10s)!
[2m2026-08-24T05:48:22.861015Z[0m [33m WARN[0m ThreadId(19) [2mzenoh::net::routing::dispatcher::queries[0m[2m:[0m Face{1, 40305f7b3f5b541aa0ec8ecbc8027690}:1088 Route reply: Query not found!
[2m2026-08-24T05:48:22.861058Z[0m [33m WARN[0m ThreadId(19) [2mzenoh::net::routing::dispatcher::queries[0m[2m:[0m Face{1, 40305f7b3f5b541aa0ec8ecbc8027690}:1088 Route final reply: Query not found!
[2m2026-08-24T05:48:32.978669Z[0m [33m WARN[0m                net-0 ThreadId(14) [2mzenoh::net::routing::dispatcher::queries[0m[2m:[0m Face{1, 40305f7b3f5b541aa0ec8ecbc8027690}:1092 Didn't receive final reply for query Face{2, d1aa1c0db8ee4a52adc3b1e68d42760d}:1092: Timeout(10s)!
[2m2026-08-24T05:48:40.860412Z[0m [33m WARN[0m ThreadId(19) [2mzenoh::net::routing::dispatcher::queries[0m[2m:[0m Face{1, 40305f7b3f5b541aa0ec8ecbc8027690}:1092 Route reply: Query not found!
[2m2026-08-24T05:48:40.860456Z[0m [33m WARN[0m ThreadId(19) [2mzenoh::net::routing::dispatcher::queries[0m[2m:[0m Face{1, 40305f7b3f5b541aa0ec8ecbc8027690}:1092 Route final reply: Query not found!
[2m2026-08-24T05:48:50.905176Z[0m [33m WARN[0m                net-0 ThreadId(14) [2mzenoh::net::routing::dispatcher::queries[0m[2m:[0m Face{1, 40305f7b3f5b541aa0ec8ecbc8027690}:1096 Didn't receive final reply for query Face{2, d1aa1c0db8ee4a52adc3b1e68d42760d}:1096: Timeout(10s)!
[2m2026-08-24T05:48:58.864735Z[0m [33m WARN[0m ThreadId(19) [2mzenoh::net::routing::dispatcher::queries[0m[2m:[0m Face{1, 40305f7b3f5b541aa0ec8ecbc8027690}:1096 Route reply: Query not found!
[2m2026-08-24T05:48:58.864795Z[0m [33m WARN[0m ThreadId(19) [2mzenoh::net::routing::dispatcher::queries[0m[2m:[0m Face{1, 40305f7b3f5b541aa0ec8ecbc8027690}:1096 Route final reply: Query not found!
[2m2026-08-24T05:49:08.920739Z[0m [33m WARN[0m                net-0 ThreadId(14) [2mzenoh::net::routing::dispatcher::queries[0m[2m:[0m Face{1, 40305f7b3f5b541aa0ec8ecbc8027690}:1100 Didn't receive final reply for query Face{2, d1aa1c0db8ee4a52adc3b1e68d42760d}:1100: Timeout(10s)!
[2m2026-08-24T05:49:16.864676Z[0m [33m WARN[0m ThreadId(19) [2mzenoh::net::routing::dispatcher::queries[0m[2m:[0m Face{1, 40305f7b3f5b541aa0ec8ecbc8027690}:1100 Route reply: Query not found!
[2m2026-08-24T05:49:16.864740Z[0m [33m WARN[0m ThreadId(19) [2mzenoh::net::routing::dispatcher::queries[0m[2m:[0m Face{1, 40305f7b3f5b541aa0ec8ecbc8027690}:1100 Route final reply: Query not found!
[2m2026-08-24T05:49:26.996662Z[0m [33m WARN[0m                net-0 ThreadId(14) [2mzenoh::net::routing::dispatcher::queries[0m[2m:[0m Face{1, 40305f7b3f5b541aa0ec8ecbc8027690}:1104 Didn't receive final reply for query Face{2, d1aa1c0db8ee4a52adc3b1e68d42760d}:1104: Timeout(10s)!
[2m2026-08-24T05:49:34.860858Z[0m [33m WARN[0m ThreadId(19) [2mzenoh::net::routing::dispatcher::queries[0m[2m:[0m Face{1, 40305f7b3f5b541aa0ec8ecbc8027690}:1104 Route reply: Query not found!
[2m2026-08-24T05:49:34.860904Z[0m [33m WARN[0m ThreadId(19) [2mzenoh::net::routing::dispatcher::queries[0m[2m:[0m Face{1, 40305f7b3f5b541aa0ec8ecbc8027690}:1104 Route final reply: Query not found!
[2m2026-08-24T05:49:44.955665Z[0m [33m WARN[0m                net-0 ThreadId(14) [2mzenoh::net::routing::dispatcher::queries[0m[2m:[0m Face{1, 40305f7b3f5b541aa0ec8ecbc8027690}:1108 Didn't receive final reply for query Face{2, d1aa1c0db8ee4a52adc3b1e68d42760d}:1108: Timeout(10s)!
[2m2026-08-24T05:49:52.859240Z[0m [33m WARN[0m ThreadId(19) [2mzenoh::net::routing::dispatcher::queries[0m[2m:[0m Face{1, 40305f7b3f5b541aa0ec8ecbc8027690}:1108 Route reply: Query not found!
[2m2026-08-24T05:49:52.859281Z[0m [33m WARN[0m ThreadId(19) [2mzenoh::net::routing::dispatcher::queries[0m[2m:[0m Face{1, 40305f7b3f5b541aa0ec8ecbc8027690}:1108 Route final reply: Query not found!
[2m2026-08-24T05:50:02.913752Z[0m [33m WARN[0m                net-0 ThreadId(14) [2mzenoh::net::routing::dispatcher::queries[0m[2m:[0m Face{1, 40305f7b3f5b541aa0ec8ecbc8027690}:1112 Didn't receive final reply for query Face{2, d1aa1c0db8ee4a52adc3b1e68d42760d}:1112: Timeout(10s)!
[2m2026-08-24T05:50:10.865269Z[0m [33m WARN[0m ThreadId(19) [2mzenoh::net::routing::dispatcher::queries[0m[2m:[0m Face{1, 40305f7b3f5b541aa0ec8ecbc8027690}:1112 Route reply: Query not found!
[2m2026-08-24T05:50:10.865320Z[0m [33m WARN[0m ThreadId(19) [2mzenoh::net::routing::dispatcher::queries[0m[2m:[0m Face{1, 40305f7b3f5b541aa0ec8ecbc8027690}:1112 Route final reply: Query not found!
[2m2026-08-24T05:50:20.972154Z[0m [33m WARN[0m                net-0 ThreadId(14) [2mzenoh::net::routing::dispatcher::queries[0m[2m:[0m Face{1, 40305f7b3f5b541aa0ec8ecbc8027690}:1116 Didn't receive final reply for query Face{2, d1aa1c0db8ee4a52adc3b1e68d42760d}:1116: Timeout(10s)!
[2m2026-08-24T05:50:28.866409Z[0m [33m WARN[0m ThreadId(19) [2mzenoh::net::routing::dispatcher::queries[0m[2m:[0m Face{1, 40305f7b3f5b541aa0ec8ecbc8027690}:1116 Route reply: Query not found!
[2m2026-08-24T05:50:28.866466Z[0m [33m WARN[0m ThreadId(19) [2mzenoh::net::routing::dispatcher::queries[0m[2m:[0m Face{1, 40305f7b3f5b541aa0ec8ecbc8027690}:1116 Route final reply: Query not found!
[2m2026-08-24T05:50:38.929668Z[0m [33m WARN[0m                net-0 ThreadId(14) [2mzenoh::net::routing::dispatcher::queries[0m[2m:[0m Face{1, 40305f7b3f5b541aa0ec8ecbc8027690}:1120 Didn't receive final reply for query Face{2, d1aa1c0db8ee4a52adc3b1e68d42760d}:1120: Timeout(10s)!
[2m2026-08-24T05:50:46.860258Z[0m [33m WARN[0m ThreadId(19) [2mzenoh::net::routing::dispatcher::queries[0m[2m:[0m Face{1, 40305f7b3f5b541aa0ec8ecbc8027690}:1120 Route reply: Query not found!
[2m2026-08-24T05:50:46.860302Z[0m [33m WARN[0m ThreadId(19) [2mzenoh::net::routing::dispatcher::queries[0m[2m:[0m Face{1, 40305f7b3f5b541aa0ec8ecbc8027690}:1120 Route final reply: Query not found!
[2m2026-08-24T05:50:56.993759Z[0m [33m WARN[0m                net-0 ThreadId(14) [2mzenoh::net::routing::dispatcher::queries[0m[2m:[0m Face{1, 40305f7b3f5b541aa0ec8ecbc8027690}:1124 Didn't receive final reply for query Face{2, d1aa1c0db8ee4a52adc3b1e68d42760d}:1124: Timeout(10s)!
[2m2026-08-24T05:51:04.862016Z[0m [33m WARN[0m ThreadId(19) [2mzenoh::net::routing::dispatcher::queries[0m[2m:[0m Face{1, 40305f7b3f5b541aa0ec8ecbc8027690}:1124 Route reply: Query not found!
[2m2026-08-24T05:51:04.862065Z[0m [33m WARN[0m ThreadId(19) [2mzenoh::net::routing::dispatcher::queries[0m[2m:[0m Face{1, 40305f7b3f5b541aa0ec8ecbc8027690}:1124 Route final reply: Query not found!
[2m2026-08-24T05:51:14.993661Z[0m [33m WARN[0m                net-0 ThreadId(14) [2mzenoh::net::routing::dispatcher::queries[0m[2m:[0m Face{1, 40305f7b3f5b541aa0ec8ecbc8027690}:1128 Didn't receive final reply for query Face{2, d1aa1c0db8ee4a52adc3b1e68d42760d}:1128: Timeout(10s)!
[2m2026-08-24T05:51:22.864587Z[0m [33m WARN[0m ThreadId(19) [2mzenoh::net::routing::dispatcher::queries[0m[2m:[0m Face{1, 40305f7b3f5b541aa0ec8ecbc8027690}:1128 Route reply: Query not found!
[2m2026-08-24T05:51:22.864996Z[0m [33m WARN[0m ThreadId(19) [2mzenoh::net::routing::dispatcher::queries[0m[2m:[0m Face{1, 40305f7b3f5b541aa0ec8ecbc8027690}:1128 Route final reply: Query not found!
[2m2026-08-24T05:51:32.956666Z[0m [33m WARN[0m                net-0 ThreadId(14) [2mzenoh::net::routing::dispatcher::queries[0m[2m:[0m Face{1, 40305f7b3f5b541aa0ec8ecbc8027690}:1132 Didn't receive final reply for query Face{2, d1aa1c0db8ee4a52adc3b1e68d42760d}:1132: Timeout(10s)!
[2m2026-08-24T05:51:40.868663Z[0m [33m WARN[0m ThreadId(19) [2mzenoh::net::routing::dispatcher::queries[0m[2m:[0m Face{1, 40305f7b3f5b541aa0ec8ecbc8027690}:1132 Route reply: Query not found!
[2m2026-08-24T05:51:40.868700Z[0m [33m WARN[0m ThreadId(19) [2mzenoh::net::routing::dispatcher::queries[0m[2m:[0m Face{1, 40305f7b3f5b541aa0ec8ecbc8027690}:1132 Route final reply: Query not found!
[2m2026-08-24T05:51:50.920962Z[0m [33m WARN[0m                net-0 ThreadId(14) [2mzenoh::net::routing::dispatcher::queries[0m[2m:[0m Face{1, 40305f7b3f5b541aa0ec8ecbc8027690}:1136 Didn't receive final reply for query Face{2, d1aa1c0db8ee4a52adc3b1e68d42760d}:1136: Timeout(10s)!
[2m2026-08-24T05:51:58.862110Z[0m [33m WARN[0m ThreadId(19) [2mzenoh::net::routing::dispatcher::queries[0m[2m:[0m Face{1, 40305f7b3f5b541aa0ec8ecbc8027690}:1136 Route reply: Query not found!
[2m2026-08-24T05:51:58.862392Z[0m [33m WARN[0m ThreadId(19) [2mzenoh::net::routing::dispatcher::queries[0m[2m:[0m Face{1, 40305f7b3f5b541aa0ec8ecbc8027690}:1136 Route final reply: Query not found!
[2m2026-08-24T05:52:08.969671Z[0m [33m WARN[0m                net-0 ThreadId(14) [2mzenoh::net::routing::dispatcher::queries[0m[2m:[0m Face{1, 40305f7b3f5b541aa0ec8ecbc8027690}:1140 Didn't receive final reply for query Face{2, d1aa1c0db8ee4a52adc3b1e68d42760d}:1140: Timeout(10s)!
[2m2026-08-24T05:52:16.863387Z[0m [33m WARN[0m ThreadId(19) [2mzenoh::net::routing::dispatcher::queries[0m[2m:[0m Face{1, 40305f7b3f5b541aa0ec8ecbc8027690}:1140 Route reply: Query not found!
[2m2026-08-24T05:52:16.863461Z[0m [33m WARN[0m ThreadId(19) [2mzenoh::net::routing::dispatcher::queries[0m[2m:[0m Face{1, 40305f7b3f5b541aa0ec8ecbc8027690}:1140 Route final reply: Query not found!
[2m2026-08-24T05:52:26.950661Z[0m [33m WARN[0m                net-0 ThreadId(14) [2mzenoh::net::routing::dispatcher::queries[0m[2m:[0m Face{1, 40305f7b3f5b541aa0ec8ecbc8027690}:1144 Didn't receive final reply for query Face{2, d1aa1c0db8ee4a52adc3b1e68d42760d}:1144: Timeout(10s)!
[2m2026-08-24T05:52:34.863396Z[0m [33m WARN[0m ThreadId(19) [2mzenoh::net::routing::dispatcher::queries[0m[2m:[0m Face{1, 40305f7b3f5b541aa0ec8ecbc8027690}:1144 Route reply: Query not found!
[2m2026-08-24T05:52:34.863443Z[0m [33m WARN[0m ThreadId(19) [2mzenoh::net::routing::dispatcher::queries[0m[2m:[0m Face{1, 40305f7b3f5b541aa0ec8ecbc8027690}:1144 Route final reply: Query not found!
[2m2026-08-24T05:52:44.907727Z[0m [33m WARN[0m                net-0 ThreadId(14) [2mzenoh::net::routing::dispatcher::queries[0m[2m:[0m Face{1, 40305f7b3f5b541aa0ec8ecbc8027690}:1148 Didn't receive final reply for query Face{2, d1aa1c0db8ee4a52adc3b1e68d42760d}:1148: Timeout(10s)!
[2m2026-08-24T05:52:52.867985Z[0m [33m WARN[0m ThreadId(19) [2mzenoh::net::routing::dispatcher::queries[0m[2m:[0m Face{1, 40305f7b3f5b541aa0ec8ecbc8027690}:1148 Route reply: Query not found!
[2m2026-08-24T05:52:52.868020Z[0m [33m WARN[0m ThreadId(19) [2mzenoh::net::routing::dispatcher::queries[0m[2m:[0m Face{1, 40305f7b3f5b541aa0ec8ecbc8027690}:1148 Route final reply: Query not found!
[2m2026-08-24T05:53:02.969664Z[0m [33m WARN[0m                net-0 ThreadId(14) [2mzenoh::net::routing::dispatcher::queries[0m[2m:[0m Face{1, 40305f7b3f5b541aa0ec8ecbc8027690}:1152 Didn't receive final reply for query Face{2, d1aa1c0db8ee4a52adc3b1e68d42760d}:1152: Timeout(10s)!
[2m2026-08-24T05:53:10.864386Z[0m [33m WARN[0m ThreadId(19) [2mzenoh::net::routing::dispatcher::queries[0m[2m:[0m Face{1, 40305f7b3f5b541aa0ec8ecbc8027690}:1152 Route reply: Query not found!
[2m2026-08-24T05:53:10.864429Z[0m [33m WARN[0m ThreadId(19) [2mzenoh::net::routing::dispatcher::queries[0m[2m:[0m Face{1, 40305f7b3f5b541aa0ec8ecbc8027690}:1152 Route final reply: Query not found!
[2m2026-08-24T05:53:20.937859Z[0m [33m WARN[0m                net-0 ThreadId(14) [2mzenoh::net::routing::dispatcher::queries[0m[2m:[0m Face{1, 40305f7b3f5b541aa0ec8ecbc8027690}:1156 Didn't receive final reply for query Face{2, d1aa1c0db8ee4a52adc3b1e68d42760d}:1156: Timeout(10s)!
[2m2026-08-24T05:53:28.864192Z[0m [33m WARN[0m ThreadId(19) [2mzenoh::net::routing::dispatcher::queries[0m[2m:[0m Face{1, 40305f7b3f5b541aa0ec8ecbc8027690}:1156 Route reply: Query not found!
[2m2026-08-24T05:53:28.864241Z[0m [33m WARN[0m ThreadId(19) [2mzenoh::net::routing::dispatcher::queries[0m[2m:[0m Face{1, 40305f7b3f5b541aa0ec8ecbc8027690}:1156 Route final reply: Query not found!
[2m2026-08-24T05:53:38.993867Z[0m [33m WARN[0m                net-0 ThreadId(14) [2mzenoh::net::routing::dispatcher::queries[0m[2m:[0m Face{1, 40305f7b3f5b541aa0ec8ecbc8027690}:1160 Didn't receive final reply for query Face{2, d1aa1c0db8ee4a52adc3b1e68d42760d}:1160: Timeout(10s)!
[2m2026-08-24T05:53:46.862167Z[0m [33m WARN[0m ThreadId(19) [2mzenoh::net::routing::dispatcher::queries[0m[2m:[0m Face{1, 40305f7b3f5b541aa0ec8ecbc8027690}:1160 Route reply: Query not found!
[2m2026-08-24T05:53:46.862212Z[0m [33m WARN[0m ThreadId(19) [2mzenoh::net::routing::dispatcher::queries[0m[2m:[0m Face{1, 40305f7b3f5b541aa0ec8ecbc8027690}:1160 Route final reply: Query not found!
[2m2026-08-24T05:53:56.968664Z[0m [33m WARN[0m                net-0 ThreadId(14) [2mzenoh::net::routing::dispatcher::queries[0m[2m:[0m Face{1, 40305f7b3f5b541aa0ec8ecbc8027690}:1164 Didn't receive final reply for query Face{2, d1aa1c0db8ee4a52adc3b1e68d42760d}:1164: Timeout(10s)!
[2m2026-08-24T05:54:04.861380Z[0m [33m WARN[0m ThreadId(19) [2mzenoh::net::routing::dispatcher::queries[0m[2m:[0m Face{1, 40305f7b3f5b541aa0ec8ecbc8027690}:1164 Route reply: Query not found!
[2m2026-08-24T05:54:04.861434Z[0m [33m WARN[0m ThreadId(19) [2mzenoh::net::routing::dispatcher::queries[0m[2m:[0m Face{1, 40305f7b3f5b541aa0ec8ecbc8027690}:1164 Route final reply: Query not found!
[2m2026-08-24T05:54:14.934629Z[0m [33m WARN[0m                net-0 ThreadId(14) [2mzenoh::net::routing::dispatcher::queries[0m[2m:[0m Face{1, 40305f7b3f5b541aa0ec8ecbc8027690}:1168 Didn't receive final reply for query Face{2, d1aa1c0db8ee4a52adc3b1e68d42760d}:1168: Timeout(10s)!
[2m2026-08-24T05:54:22.862801Z[0m [33m WARN[0m ThreadId(19) [2mzenoh::net::routing::dispatcher::queries[0m[2m:[0m Face{1, 40305f7b3f5b541aa0ec8ecbc8027690}:1168 Route reply: Query not found!
[2m2026-08-24T05:54:22.862865Z[0m [33m WARN[0m ThreadId(19) [2mzenoh::net::routing::dispatcher::queries[0m[2m:[0m Face{1, 40305f7b3f5b541aa0ec8ecbc8027690}:1168 Route final reply: Query not found!
[2m2026-08-24T05:54:32.984713Z[0m [33m WARN[0m                net-0 ThreadId(14) [2mzenoh::net::routing::dispatcher::queries[0m[2m:[0m Face{1, 40305f7b3f5b541aa0ec8ecbc8027690}:1172 Didn't receive final reply for query Face{2, d1aa1c0db8ee4a52adc3b1e68d42760d}:1172: Timeout(10s)!
[2m2026-08-24T05:54:40.867693Z[0m [33m WARN[0m ThreadId(19) [2mzenoh::net::routing::dispatcher::queries[0m[2m:[0m Face{1, 40305f7b3f5b541aa0ec8ecbc8027690}:1172 Route reply: Query not found!
[2m2026-08-24T05:54:40.867728Z[0m [33m WARN[0m ThreadId(19) [2mzenoh::net::routing::dispatcher::queries[0m[2m:[0m Face{1, 40305f7b3f5b541aa0ec8ecbc8027690}:1172 Route final reply: Query not found!
[2m2026-08-24T05:54:50.960738Z[0m [33m WARN[0m                net-0 ThreadId(14) [2mzenoh::net::routing::dispatcher::queries[0m[2m:[0m Face{1, 40305f7b3f5b541aa0ec8ecbc8027690}:1176 Didn't receive final reply for query Face{2, d1aa1c0db8ee4a52adc3b1e68d42760d}:1176: Timeout(10s)!
[2m2026-08-24T05:54:58.864045Z[0m [33m WARN[0m ThreadId(19) [2mzenoh::net::routing::dispatcher::queries[0m[2m:[0m Face{1, 40305f7b3f5b541aa0ec8ecbc8027690}:1176 Route reply: Query not found!
[2m2026-08-24T05:54:58.864094Z[0m [33m WARN[0m ThreadId(19) [2mzenoh::net::routing::dispatcher::queries[0m[2m:[0m Face{1, 40305f7b3f5b541aa0ec8ecbc8027690}:1176 Route final reply: Query not found!
[2m2026-08-24T05:55:08.927667Z[0m [33m WARN[0m                net-0 ThreadId(14) [2mzenoh::net::routing::dispatcher::queries[0m[2m:[0m Face{1, 40305f7b3f5b541aa0ec8ecbc8027690}:1180 Didn't receive final reply for query Face{2, d1aa1c0db8ee4a52adc3b1e68d42760d}:1180: Timeout(10s)!
[2m2026-08-24T05:55:16.859847Z[0m [33m WARN[0m ThreadId(19) [2mzenoh::net::routing::dispatcher::queries[0m[2m:[0m Face{1, 40305f7b3f5b541aa0ec8ecbc8027690}:1180 Route reply: Query not found!
[2m2026-08-24T05:55:16.859887Z[0m [33m WARN[0m ThreadId(19) [2mzenoh::net::routing::dispatcher::queries[0m[2m:[0m Face{1, 40305f7b3f5b541aa0ec8ecbc8027690}:1180 Route final reply: Query not found!
[2m2026-08-24T05:55:26.984711Z[0m [33m WARN[0m                net-0 ThreadId(14) [2mzenoh::net::routing::dispatcher::queries[0m[2m:[0m Face{1, 40305f7b3f5b541aa0ec8ecbc8027690}:1184 Didn't receive final reply for query Face{2, d1aa1c0db8ee4a52adc3b1e68d42760d}:1184: Timeout(10s)!
[2m2026-08-24T05:55:34.868241Z[0m [33m WARN[0m ThreadId(19) [2mzenoh::net::routing::dispatcher::queries[0m[2m:[0m Face{1, 40305f7b3f5b541aa0ec8ecbc8027690}:1184 Route reply: Query not found!
[2m2026-08-24T05:55:34.868274Z[0m [33m WARN[0m ThreadId(19) [2mzenoh::net::routing::dispatcher::queries[0m[2m:[0m Face{1, 40305f7b3f5b541aa0ec8ecbc8027690}:1184 Route final reply: Query not found!
[2m2026-08-24T05:55:44.949526Z[0m [33m WARN[0m                net-0 ThreadId(14) [2mzenoh::net::routing::dispatcher::queries[0m[2m:[0m Face{1, 40305f7b3f5b541aa0ec8ecbc8027690}:1188 Didn't receive final reply for query Face{2, d1aa1c0db8ee4a52adc3b1e68d42760d}:1188: Timeout(10s)!
[2m2026-08-24T05:55:52.868765Z[0m [33m WARN[0m ThreadId(19) [2mzenoh::net::routing::dispatcher::queries[0m[2m:[0m Face{1, 40305f7b3f5b541aa0ec8ecbc8027690}:1188 Route reply: Query not found!
[2m2026-08-24T05:55:52.868791Z[0m [33m WARN[0m ThreadId(19) [2mzenoh::net::routing::dispatcher::queries[0m[2m:[0m Face{1, 40305f7b3f5b541aa0ec8ecbc8027690}:1188 Route final reply: Query not found!
[2m2026-08-24T05:56:02.918809Z[0m [33m WARN[0m                net-0 ThreadId(14) [2mzenoh::net::routing::dispatcher::queries[0m[2m:[0m Face{1, 40305f7b3f5b541aa0ec8ecbc8027690}:1192 Didn't receive final reply for query Face{2, d1aa1c0db8ee4a52adc3b1e68d42760d}:1192: Timeout(10s)!
[2m2026-08-24T05:56:10.866458Z[0m [33m WARN[0m ThreadId(19) [2mzenoh::net::routing::dispatcher::queries[0m[2m:[0m Face{1, 40305f7b3f5b541aa0ec8ecbc8027690}:1192 Route reply: Query not found!
[2m2026-08-24T05:56:10.866490Z[0m [33m WARN[0m ThreadId(19) [2mzenoh::net::routing::dispatcher::queries[0m[2m:[0m Face{1, 40305f7b3f5b541aa0ec8ecbc8027690}:1192 Route final reply: Query not found!
[2m2026-08-24T05:56:20.967599Z[0m [33m WARN[0m                net-0 ThreadId(14) [2mzenoh::net::routing::dispatcher::queries[0m[2m:[0m Face{1, 40305f7b3f5b541aa0ec8ecbc8027690}:1196 Didn't receive final reply for query Face{2, d1aa1c0db8ee4a52adc3b1e68d42760d}:1196: Timeout(10s)!
[2m2026-08-24T05:56:28.859798Z[0m [33m WARN[0m ThreadId(19) [2mzenoh::net::routing::dispatcher::queries[0m[2m:[0m Face{1, 40305f7b3f5b541aa0ec8ecbc8027690}:1196 Route reply: Query not found!
[2m2026-08-24T05:56:28.859841Z[0m [33m WARN[0m ThreadId(19) [2mzenoh::net::routing::dispatcher::queries[0m[2m:[0m Face{1, 40305f7b3f5b541aa0ec8ecbc8027690}:1196 Route final reply: Query not found!
[2m2026-08-24T05:56:38.934721Z[0m [33m WARN[0m                net-0 ThreadId(14) [2mzenoh::net::routing::dispatcher::queries[0m[2m:[0m Face{1, 40305f7b3f5b541aa0ec8ecbc8027690}:1200 Didn't receive final reply for query Face{2, d1aa1c0db8ee4a52adc3b1e68d42760d}:1200: Timeout(10s)!
[2m2026-08-24T05:56:46.866958Z[0m [33m WARN[0m ThreadId(19) [2mzenoh::net::routing::dispatcher::queries[0m[2m:[0m Face{1, 40305f7b3f5b541aa0ec8ecbc8027690}:1200 Route reply: Query not found!
[2m2026-08-24T05:56:46.867004Z[0m [33m WARN[0m ThreadId(19) [2mzenoh::net::routing::dispatcher::queries[0m[2m:[0m Face{1, 40305f7b3f5b541aa0ec8ecbc8027690}:1200 Route final reply: Query not found!
[2m2026-08-24T05:56:56.929610Z[0m [33m WARN[0m                net-0 ThreadId(14) [2mzenoh::net::routing::dispatcher::queries[0m[2m:[0m Face{1, 40305f7b3f5b541aa0ec8ecbc8027690}:1204 Didn't receive final reply for query Face{2, d1aa1c0db8ee4a52adc3b1e68d42760d}:1204: Timeout(10s)!
[2m2026-08-24T05:57:04.866979Z[0m [33m WARN[0m ThreadId(19) [2mzenoh::net::routing::dispatcher::queries[0m[2m:[0m Face{1, 40305f7b3f5b541aa0ec8ecbc8027690}:1204 Route reply: Query not found!
[2m2026-08-24T05:57:04.867022Z[0m [33m WARN[0m ThreadId(19) [2mzenoh::net::routing::dispatcher::queries[0m[2m:[0m Face{1, 40305f7b3f5b541aa0ec8ecbc8027690}:1204 Route final reply: Query not found!
[2m2026-08-24T05:57:14.985467Z[0m [33m WARN[0m                net-0 ThreadId(14) [2mzenoh::net::routing::dispatcher::queries[0m[2m:[0m Face{1, 40305f7b3f5b541aa0ec8ecbc8027690}:1208 Didn't receive final reply for query Face{2, d1aa1c0db8ee4a52adc3b1e68d42760d}:1208: Timeout(10s)!
[2m2026-08-24T05:57:22.867772Z[0m [33m WARN[0m ThreadId(19) [2mzenoh::net::routing::dispatcher::queries[0m[2m:[0m Face{1, 40305f7b3f5b541aa0ec8ecbc8027690}:1208 Route reply: Query not found!
[2m2026-08-24T05:57:22.867803Z[0m [33m WARN[0m ThreadId(19) [2mzenoh::net::routing::dispatcher::queries[0m[2m:[0m Face{1, 40305f7b3f5b541aa0ec8ecbc8027690}:1208 Route final reply: Query not found!
[2m2026-08-24T05:57:32.947667Z[0m [33m WARN[0m                net-0 ThreadId(14) [2mzenoh::net::routing::dispatcher::queries[0m[2m:[0m Face{1, 40305f7b3f5b541aa0ec8ecbc8027690}:1212 Didn't receive final reply for query Face{2, d1aa1c0db8ee4a52adc3b1e68d42760d}:1212: Timeout(10s)!
[2m2026-08-24T05:57:40.867920Z[0m [33m WARN[0m ThreadId(19) [2mzenoh::net::routing::dispatcher::queries[0m[2m:[0m Face{1, 40305f7b3f5b541aa0ec8ecbc8027690}:1212 Route reply: Query not found!
[2m2026-08-24T05:57:40.867951Z[0m [33m WARN[0m ThreadId(19) [2mzenoh::net::routing::dispatcher::queries[0m[2m:[0m Face{1, 40305f7b3f5b541aa0ec8ecbc8027690}:1212 Route final reply: Query not found!
[2m2026-08-24T05:57:50.909659Z[0m [33m WARN[0m                net-0 ThreadId(14) [2mzenoh::net::routing::dispatcher::queries[0m[2m:[0m Face{1, 40305f7b3f5b541aa0ec8ecbc8027690}:1216 Didn't receive final reply for query Face{2, d1aa1c0db8ee4a52adc3b1e68d42760d}:1216: Timeout(10s)!
[2m2026-08-24T05:57:58.865293Z[0m [33m WARN[0m ThreadId(19) [2mzenoh::net::routing::dispatcher::queries[0m[2m:[0m Face{1, 40305f7b3f5b541aa0ec8ecbc8027690}:1216 Route reply: Query not found!
[2m2026-08-24T05:57:58.865372Z[0m [33m WARN[0m ThreadId(19) [2mzenoh::net::routing::dispatcher::queries[0m[2m:[0m Face{1, 40305f7b3f5b541aa0ec8ecbc8027690}:1216 Route final reply: Query not found!
[2m2026-08-24T05:58:08.969668Z[0m [33m WARN[0m                net-0 ThreadId(14) [2mzenoh::net::routing::dispatcher::queries[0m[2m:[0m Face{1, 40305f7b3f5b541aa0ec8ecbc8027690}:1220 Didn't receive final reply for query Face{2, d1aa1c0db8ee4a52adc3b1e68d42760d}:1220: Timeout(10s)!
[2m2026-08-24T05:58:16.862366Z[0m [33m WARN[0m ThreadId(19) [2mzenoh::net::routing::dispatcher::queries[0m[2m:[0m Face{1, 40305f7b3f5b541aa0ec8ecbc8027690}:1220 Route reply: Query not found!
[2m2026-08-24T05:58:16.862406Z[0m [33m WARN[0m ThreadId(19) [2mzenoh::net::routing::dispatcher::queries[0m[2m:[0m Face{1, 40305f7b3f5b541aa0ec8ecbc8027690}:1220 Route final reply: Query not found!
[2m2026-08-24T05:58:26.963108Z[0m [33m WARN[0m                net-0 ThreadId(14) [2mzenoh::net::routing::dispatcher::queries[0m[2m:[0m Face{1, 40305f7b3f5b541aa0ec8ecbc8027690}:1224 Didn't receive final reply for query Face{2, d1aa1c0db8ee4a52adc3b1e68d42760d}:1224: Timeout(10s)!
[2m2026-08-24T05:58:34.867478Z[0m [33m WARN[0m ThreadId(19) [2mzenoh::net::routing::dispatcher::queries[0m[2m:[0m Face{1, 40305f7b3f5b541aa0ec8ecbc8027690}:1224 Route reply: Query not found!
[2m2026-08-24T05:58:34.867535Z[0m [33m WARN[0m ThreadId(19) [2mzenoh::net::routing::dispatcher::queries[0m[2m:[0m Face{1, 40305f7b3f5b541aa0ec8ecbc8027690}:1224 Route final reply: Query not found!
[2m2026-08-24T05:58:44.947354Z[0m [33m WARN[0m                net-0 ThreadId(14) [2mzenoh::net::routing::dispatcher::queries[0m[2m:[0m Face{1, 40305f7b3f5b541aa0ec8ecbc8027690}:1228 Didn't receive final reply for query Face{2, d1aa1c0db8ee4a52adc3b1e68d42760d}:1228: Timeout(10s)!
[2m2026-08-24T05:58:52.868526Z[0m [33m WARN[0m ThreadId(19) [2mzenoh::net::routing::dispatcher::queries[0m[2m:[0m Face{1, 40305f7b3f5b541aa0ec8ecbc8027690}:1228 Route reply: Query not found!
[2m2026-08-24T05:58:52.868560Z[0m [33m WARN[0m ThreadId(19) [2mzenoh::net::routing::dispatcher::queries[0m[2m:[0m Face{1, 40305f7b3f5b541aa0ec8ecbc8027690}:1228 Route final reply: Query not found!
[2m2026-08-24T05:59:02.994697Z[0m [33m WARN[0m                net-0 ThreadId(14) [2mzenoh::net::routing::dispatcher::queries[0m[2m:[0m Face{1, 40305f7b3f5b541aa0ec8ecbc8027690}:1232 Didn't receive final reply for query Face{2, d1aa1c0db8ee4a52adc3b1e68d42760d}:1232: Timeout(10s)!
[2m2026-08-24T05:59:10.861859Z[0m [33m WARN[0m ThreadId(19) [2mzenoh::net::routing::dispatcher::queries[0m[2m:[0m Face{1, 40305f7b3f5b541aa0ec8ecbc8027690}:1232 Route reply: Query not found!
[2m2026-08-24T05:59:10.861896Z[0m [33m WARN[0m ThreadId(19) [2mzenoh::net::routing::dispatcher::queries[0m[2m:[0m Face{1, 40305f7b3f5b541aa0ec8ecbc8027690}:1232 Route final reply: Query not found!
[2m2026-08-24T05:59:20.948658Z[0m [33m WARN[0m                net-0 ThreadId(14) [2mzenoh::net::routing::dispatcher::queries[0m[2m:[0m Face{1, 40305f7b3f5b541aa0ec8ecbc8027690}:1236 Didn't receive final reply for query Face{2, d1aa1c0db8ee4a52adc3b1e68d42760d}:1236: Timeout(10s)!
[2m2026-08-24T05:59:28.859087Z[0m [33m WARN[0m ThreadId(19) [2mzenoh::net::routing::dispatcher::queries[0m[2m:[0m Face{1, 40305f7b3f5b541aa0ec8ecbc8027690}:1236 Route reply: Query not found!
[2m2026-08-24T05:59:28.859200Z[0m [33m WARN[0m ThreadId(19) [2mzenoh::net::routing::dispatcher::queries[0m[2m:[0m Face{1, 40305f7b3f5b541aa0ec8ecbc8027690}:1236 Route final reply: Query not found!
[2m2026-08-24T05:59:38.942696Z[0m [33m WARN[0m                net-0 ThreadId(14) [2mzenoh::net::routing::dispatcher::queries[0m[2m:[0m Face{1, 40305f7b3f5b541aa0ec8ecbc8027690}:1240 Didn't receive final reply for query Face{2, d1aa1c0db8ee4a52adc3b1e68d42760d}:1240: Timeout(10s)!
[2m2026-08-24T05:59:46.862034Z[0m [33m WARN[0m ThreadId(19) [2mzenoh::net::routing::dispatcher::queries[0m[2m:[0m Face{1, 40305f7b3f5b541aa0ec8ecbc8027690}:1240 Route reply: Query not found!
[2m2026-08-24T05:59:46.862064Z[0m [33m WARN[0m ThreadId(19) [2mzenoh::net::routing::dispatcher::queries[0m[2m:[0m Face{1, 40305f7b3f5b541aa0ec8ecbc8027690}:1240 Route final reply: Query not found!
[2m2026-08-24T05:59:56.902748Z[0m [33m WARN[0m                net-0 ThreadId(14) [2mzenoh::net::routing::dispatcher::queries[0m[2m:[0m Face{1, 40305f7b3f5b541aa0ec8ecbc8027690}:1244 Didn't receive final reply for query Face{2, d1aa1c0db8ee4a52adc3b1e68d42760d}:1244: Timeout(10s)!
[2m2026-08-24T06:00:04.861965Z[0m [33m WARN[0m ThreadId(19) [2mzenoh::net::routing::dispatcher::queries[0m[2m:[0m Face{1, 40305f7b3f5b541aa0ec8ecbc8027690}:1244 Route reply: Query not found!
[2m2026-08-24T06:00:04.862002Z[0m [33m WARN[0m ThreadId(19) [2mzenoh::net::routing::dispatcher::queries[0m[2m:[0m Face{1, 40305f7b3f5b541aa0ec8ecbc8027690}:1244 Route final reply: Query not found!
[2m2026-08-24T06:00:14.963207Z[0m [33m WARN[0m                net-0 ThreadId(14) [2mzenoh::net::routing::dispatcher::queries[0m[2m:[0m Face{1, 40305f7b3f5b541aa0ec8ecbc8027690}:1248 Didn't receive final reply for query Face{2, d1aa1c0db8ee4a52adc3b1e68d42760d}:1248: Timeout(10s)!
[2m2026-08-24T06:00:22.867261Z[0m [33m WARN[0m ThreadId(19) [2mzenoh::net::routing::dispatcher::queries[0m[2m:[0m Face{1, 40305f7b3f5b541aa0ec8ecbc8027690}:1248 Route reply: Query not found!
[2m2026-08-24T06:00:22.867309Z[0m [33m WARN[0m ThreadId(19) [2mzenoh::net::routing::dispatcher::queries[0m[2m:[0m Face{1, 40305f7b3f5b541aa0ec8ecbc8027690}:1248 Route final reply: Query not found!
[2m2026-08-24T06:00:32.929690Z[0m [33m WARN[0m                net-0 ThreadId(14) [2mzenoh::net::routing::dispatcher::queries[0m[2m:[0m Face{1, 40305f7b3f5b541aa0ec8ecbc8027690}:1252 Didn't receive final reply for query Face{2, d1aa1c0db8ee4a52adc3b1e68d42760d}:1252: Timeout(10s)!
[2m2026-08-24T06:00:40.862972Z[0m [33m WARN[0m ThreadId(19) [2mzenoh::net::routing::dispatcher::queries[0m[2m:[0m Face{1, 40305f7b3f5b541aa0ec8ecbc8027690}:1252 Route reply: Query not found!
[2m2026-08-24T06:00:40.863025Z[0m [33m WARN[0m ThreadId(19) [2mzenoh::net::routing::dispatcher::queries[0m[2m:[0m Face{1, 40305f7b3f5b541aa0ec8ecbc8027690}:1252 Route final reply: Query not found!
[2m2026-08-24T06:00:50.980668Z[0m [33m WARN[0m                net-0 ThreadId(14) [2mzenoh::net::routing::dispatcher::queries[0m[2m:[0m Face{1, 40305f7b3f5b541aa0ec8ecbc8027690}:1256 Didn't receive final reply for query Face{2, d1aa1c0db8ee4a52adc3b1e68d42760d}:1256: Timeout(10s)!
[2m2026-08-24T06:00:58.864694Z[0m [33m WARN[0m ThreadId(19) [2mzenoh::net::routing::dispatcher::queries[0m[2m:[0m Face{1, 40305f7b3f5b541aa0ec8ecbc8027690}:1256 Route reply: Query not found!
[2m2026-08-24T06:00:58.864733Z[0m [33m WARN[0m ThreadId(19) [2mzenoh::net::routing::dispatcher::queries[0m[2m:[0m Face{1, 40305f7b3f5b541aa0ec8ecbc8027690}:1256 Route final reply: Query not found!
[2m2026-08-24T06:01:08.961686Z[0m [33m WARN[0m                net-0 ThreadId(14) [2mzenoh::net::routing::dispatcher::queries[0m[2m:[0m Face{1, 40305f7b3f5b541aa0ec8ecbc8027690}:1260 Didn't receive final reply for query Face{2, d1aa1c0db8ee4a52adc3b1e68d42760d}:1260: Timeout(10s)!
[2m2026-08-24T06:01:16.862557Z[0m [33m WARN[0m ThreadId(19) [2mzenoh::net::routing::dispatcher::queries[0m[2m:[0m Face{1, 40305f7b3f5b541aa0ec8ecbc8027690}:1260 Route reply: Query not found!
[2m2026-08-24T06:01:16.862693Z[0m [33m WARN[0m ThreadId(19) [2mzenoh::net::routing::dispatcher::queries[0m[2m:[0m Face{1, 40305f7b3f5b541aa0ec8ecbc8027690}:1260 Route final reply: Query not found!
[2m2026-08-24T06:01:26.920748Z[0m [33m WARN[0m                net-0 ThreadId(14) [2mzenoh::net::routing::dispatcher::queries[0m[2m:[0m Face{1, 40305f7b3f5b541aa0ec8ecbc8027690}:1264 Didn't receive final reply for query Face{2, d1aa1c0db8ee4a52adc3b1e68d42760d}:1264: Timeout(10s)!
[2m2026-08-24T06:01:34.866496Z[0m [33m WARN[0m ThreadId(19) [2mzenoh::net::routing::dispatcher::queries[0m[2m:[0m Face{1, 40305f7b3f5b541aa0ec8ecbc8027690}:1264 Route reply: Query not found!
[2m2026-08-24T06:01:34.866542Z[0m [33m WARN[0m ThreadId(19) [2mzenoh::net::routing::dispatcher::queries[0m[2m:[0m Face{1, 40305f7b3f5b541aa0ec8ecbc8027690}:1264 Route final reply: Query not found!
[2m2026-08-24T06:01:44.971088Z[0m [33m WARN[0m                net-0 ThreadId(14) [2mzenoh::net::routing::dispatcher::queries[0m[2m:[0m Face{1, 40305f7b3f5b541aa0ec8ecbc8027690}:1268 Didn't receive final reply for query Face{2, d1aa1c0db8ee4a52adc3b1e68d42760d}:1268: Timeout(10s)!
[2m2026-08-24T06:01:52.864714Z[0m [33m WARN[0m ThreadId(19) [2mzenoh::net::routing::dispatcher::queries[0m[2m:[0m Face{1, 40305f7b3f5b541aa0ec8ecbc8027690}:1268 Route reply: Query not found!
[2m2026-08-24T06:01:52.864759Z[0m [33m WARN[0m ThreadId(19) [2mzenoh::net::routing::dispatcher::queries[0m[2m:[0m Face{1, 40305f7b3f5b541aa0ec8ecbc8027690}:1268 Route final reply: Query not found!
[2m2026-08-24T06:02:02.934700Z[0m [33m WARN[0m                net-0 ThreadId(14) [2mzenoh::net::routing::dispatcher::queries[0m[2m:[0m Face{1, 40305f7b3f5b541aa0ec8ecbc8027690}:1272 Didn't receive final reply for query Face{2, d1aa1c0db8ee4a52adc3b1e68d42760d}:1272: Timeout(10s)!
[2m2026-08-24T06:02:10.859765Z[0m [33m WARN[0m ThreadId(19) [2mzenoh::net::routing::dispatcher::queries[0m[2m:[0m Face{1, 40305f7b3f5b541aa0ec8ecbc8027690}:1272 Route reply: Query not found!
[2m2026-08-24T06:02:10.859808Z[0m [33m WARN[0m ThreadId(19) [2mzenoh::net::routing::dispatcher::queries[0m[2m:[0m Face{1, 40305f7b3f5b541aa0ec8ecbc8027690}:1272 Route final reply: Query not found!
[2m2026-08-24T06:02:20.890687Z[0m [33m WARN[0m                net-0 ThreadId(14) [2mzenoh::net::routing::dispatcher::queries[0m[2m:[0m Face{1, 40305f7b3f5b541aa0ec8ecbc8027690}:1276 Didn't receive final reply for query Face{2, d1aa1c0db8ee4a52adc3b1e68d42760d}:1276: Timeout(10s)!
[2m2026-08-24T06:02:28.862303Z[0m [33m WARN[0m ThreadId(19) [2mzenoh::net::routing::dispatcher::queries[0m[2m:[0m Face{1, 40305f7b3f5b541aa0ec8ecbc8027690}:1276 Route reply: Query not found!
[2m2026-08-24T06:02:28.862335Z[0m [33m WARN[0m ThreadId(19) [2mzenoh::net::routing::dispatcher::queries[0m[2m:[0m Face{1, 40305f7b3f5b541aa0ec8ecbc8027690}:1276 Route final reply: Query not found!
[2m2026-08-24T06:02:38.955665Z[0m [33m WARN[0m                net-0 ThreadId(14) [2mzenoh::net::routing::dispatcher::queries[0m[2m:[0m Face{1, 40305f7b3f5b541aa0ec8ecbc8027690}:1280 Didn't receive final reply for query Face{2, d1aa1c0db8ee4a52adc3b1e68d42760d}:1280: Timeout(10s)!
[2m2026-08-24T06:02:46.866490Z[0m [33m WARN[0m ThreadId(19) [2mzenoh::net::routing::dispatcher::queries[0m[2m:[0m Face{1, 40305f7b3f5b541aa0ec8ecbc8027690}:1280 Route reply: Query not found!
[2m2026-08-24T06:02:46.866535Z[0m [33m WARN[0m ThreadId(19) [2mzenoh::net::routing::dispatcher::queries[0m[2m:[0m Face{1, 40305f7b3f5b541aa0ec8ecbc8027690}:1280 Route final reply: Query not found!
[2m2026-08-24T06:02:56.928605Z[0m [33m WARN[0m                net-0 ThreadId(14) [2mzenoh::net::routing::dispatcher::queries[0m[2m:[0m Face{1, 40305f7b3f5b541aa0ec8ecbc8027690}:1284 Didn't receive final reply for query Face{2, d1aa1c0db8ee4a52adc3b1e68d42760d}:1284: Timeout(10s)!
[2m2026-08-24T06:03:04.861029Z[0m [33m WARN[0m ThreadId(19) [2mzenoh::net::routing::dispatcher::queries[0m[2m:[0m Face{1, 40305f7b3f5b541aa0ec8ecbc8027690}:1284 Route reply: Query not found!
[2m2026-08-24T06:03:04.861058Z[0m [33m WARN[0m ThreadId(19) [2mzenoh::net::routing::dispatcher::queries[0m[2m:[0m Face{1, 40305f7b3f5b541aa0ec8ecbc8027690}:1284 Route final reply: Query not found!
[2m2026-08-24T06:03:14.992015Z[0m [33m WARN[0m                net-0 ThreadId(14) [2mzenoh::net::routing::dispatcher::queries[0m[2m:[0m Face{1, 40305f7b3f5b541aa0ec8ecbc8027690}:1288 Didn't receive final reply for query Face{2, d1aa1c0db8ee4a52adc3b1e68d42760d}:1288: Timeout(10s)!
[2m2026-08-24T06:03:22.861943Z[0m [33m WARN[0m ThreadId(19) [2mzenoh::net::routing::dispatcher::queries[0m[2m:[0m Face{1, 40305f7b3f5b541aa0ec8ecbc8027690}:1288 Route reply: Query not found!
[2m2026-08-24T06:03:22.861975Z[0m [33m WARN[0m ThreadId(19) [2mzenoh::net::routing::dispatcher::queries[0m[2m:[0m Face{1, 40305f7b3f5b541aa0ec8ecbc8027690}:1288 Route final reply: Query not found!
[2m2026-08-24T06:03:32.950674Z[0m [33m WARN[0m                net-0 ThreadId(14) [2mzenoh::net::routing::dispatcher::queries[0m[2m:[0m Face{1, 40305f7b3f5b541aa0ec8ecbc8027690}:1292 Didn't receive final reply for query Face{2, d1aa1c0db8ee4a52adc3b1e68d42760d}:1292: Timeout(10s)!
[2m2026-08-24T06:03:40.860608Z[0m [33m WARN[0m ThreadId(19) [2mzenoh::net::routing::dispatcher::queries[0m[2m:[0m Face{1, 40305f7b3f5b541aa0ec8ecbc8027690}:1292 Route reply: Query not found!
[2m2026-08-24T06:03:40.860642Z[0m [33m WARN[0m ThreadId(19) [2mzenoh::net::routing::dispatcher::queries[0m[2m:[0m Face{1, 40305f7b3f5b541aa0ec8ecbc8027690}:1292 Route final reply: Query not found!
[2m2026-08-24T06:03:50.908698Z[0m [33m WARN[0m                net-0 ThreadId(14) [2mzenoh::net::routing::dispatcher::queries[0m[2m:[0m Face{1, 40305f7b3f5b541aa0ec8ecbc8027690}:1296 Didn't receive final reply for query Face{2, d1aa1c0db8ee4a52adc3b1e68d42760d}:1296: Timeout(10s)!
[2m2026-08-24T06:03:58.864007Z[0m [33m WARN[0m ThreadId(19) [2mzenoh::net::routing::dispatcher::queries[0m[2m:[0m Face{1, 40305f7b3f5b541aa0ec8ecbc8027690}:1296 Route reply: Query not found!
[2m2026-08-24T06:03:58.864059Z[0m [33m WARN[0m ThreadId(19) [2mzenoh::net::routing::dispatcher::queries[0m[2m:[0m Face{1, 40305f7b3f5b541aa0ec8ecbc8027690}:1296 Route final reply: Query not found!
[2m2026-08-24T06:04:08.968699Z[0m [33m WARN[0m                net-0 ThreadId(14) [2mzenoh::net::routing::dispatcher::queries[0m[2m:[0m Face{1, 40305f7b3f5b541aa0ec8ecbc8027690}:1300 Didn't receive final reply for query Face{2, d1aa1c0db8ee4a52adc3b1e68d42760d}:1300: Timeout(10s)!
[2m2026-08-24T06:04:16.861764Z[0m [33m WARN[0m ThreadId(19) [2mzenoh::net::routing::dispatcher::queries[0m[2m:[0m Face{1, 40305f7b3f5b541aa0ec8ecbc8027690}:1300 Route reply: Query not found!
[2m2026-08-24T06:04:16.861783Z[0m [33m WARN[0m ThreadId(19) [2mzenoh::net::routing::dispatcher::queries[0m[2m:[0m Face{1, 40305f7b3f5b541aa0ec8ecbc8027690}:1300 Route final reply: Query not found!
[2m2026-08-24T06:04:26.924230Z[0m [33m WARN[0m                net-0 ThreadId(14) [2mzenoh::net::routing::dispatcher::queries[0m[2m:[0m Face{1, 40305f7b3f5b541aa0ec8ecbc8027690}:1304 Didn't receive final reply for query Face{2, d1aa1c0db8ee4a52adc3b1e68d42760d}:1304: Timeout(10s)!
[2m2026-08-24T06:04:34.865154Z[0m [33m WARN[0m ThreadId(19) [2mzenoh::net::routing::dispatcher::queries[0m[2m:[0m Face{1, 40305f7b3f5b541aa0ec8ecbc8027690}:1304 Route reply: Query not found!
[2m2026-08-24T06:04:34.865209Z[0m [33m WARN[0m ThreadId(19) [2mzenoh::net::routing::dispatcher::queries[0m[2m:[0m Face{1, 40305f7b3f5b541aa0ec8ecbc8027690}:1304 Route final reply: Query not found!
[2m2026-08-24T06:04:44.983442Z[0m [33m WARN[0m                net-0 ThreadId(14) [2mzenoh::net::routing::dispatcher::queries[0m[2m:[0m Face{1, 40305f7b3f5b541aa0ec8ecbc8027690}:1308 Didn't receive final reply for query Face{2, d1aa1c0db8ee4a52adc3b1e68d42760d}:1308: Timeout(10s)!
[2m2026-08-24T06:04:52.866005Z[0m [33m WARN[0m ThreadId(19) [2mzenoh::net::routing::dispatcher::queries[0m[2m:[0m Face{1, 40305f7b3f5b541aa0ec8ecbc8027690}:1308 Route reply: Query not found!
[2m2026-08-24T06:04:52.866055Z[0m [33m WARN[0m ThreadId(19) [2mzenoh::net::routing::dispatcher::queries[0m[2m:[0m Face{1, 40305f7b3f5b541aa0ec8ecbc8027690}:1308 Route final reply: Query not found!
[2m2026-08-24T06:05:02.948664Z[0m [33m WARN[0m                net-0 ThreadId(14) [2mzenoh::net::routing::dispatcher::queries[0m[2m:[0m Face{1, 40305f7b3f5b541aa0ec8ecbc8027690}:1312 Didn't receive final reply for query Face{2, d1aa1c0db8ee4a52adc3b1e68d42760d}:1312: Timeout(10s)!
[2m2026-08-24T06:05:10.867465Z[0m [33m WARN[0m ThreadId(19) [2mzenoh::net::routing::dispatcher::queries[0m[2m:[0m Face{1, 40305f7b3f5b541aa0ec8ecbc8027690}:1312 Route reply: Query not found!
[2m2026-08-24T06:05:10.867520Z[0m [33m WARN[0m ThreadId(19) [2mzenoh::net::routing::dispatcher::queries[0m[2m:[0m Face{1, 40305f7b3f5b541aa0ec8ecbc8027690}:1312 Route final reply: Query not found!
[2m2026-08-24T06:05:20.929631Z[0m [33m WARN[0m                net-0 ThreadId(14) [2mzenoh::net::routing::dispatcher::queries[0m[2m:[0m Face{1, 40305f7b3f5b541aa0ec8ecbc8027690}:1316 Didn't receive final reply for query Face{2, d1aa1c0db8ee4a52adc3b1e68d42760d}:1316: Timeout(10s)!
[2m2026-08-24T06:05:28.859338Z[0m [33m WARN[0m ThreadId(19) [2mzenoh::net::routing::dispatcher::queries[0m[2m:[0m Face{1, 40305f7b3f5b541aa0ec8ecbc8027690}:1316 Route reply: Query not found!
[2m2026-08-24T06:05:28.859383Z[0m [33m WARN[0m ThreadId(19) [2mzenoh::net::routing::dispatcher::queries[0m[2m:[0m Face{1, 40305f7b3f5b541aa0ec8ecbc8027690}:1316 Route final reply: Query not found!
[2m2026-08-24T06:05:38.918826Z[0m [33m WARN[0m                net-0 ThreadId(14) [2mzenoh::net::routing::dispatcher::queries[0m[2m:[0m Face{1, 40305f7b3f5b541aa0ec8ecbc8027690}:1320 Didn't receive final reply for query Face{2, d1aa1c0db8ee4a52adc3b1e68d42760d}:1320: Timeout(10s)!
[2m2026-08-24T06:05:46.862385Z[0m [33m WARN[0m ThreadId(19) [2mzenoh::net::routing::dispatcher::queries[0m[2m:[0m Face{1, 40305f7b3f5b541aa0ec8ecbc8027690}:1320 Route reply: Query not found!
[2m2026-08-24T06:05:46.862421Z[0m [33m WARN[0m ThreadId(19) [2mzenoh::net::routing::dispatcher::queries[0m[2m:[0m Face{1, 40305f7b3f5b541aa0ec8ecbc8027690}:1320 Route final reply: Query not found!
[2m2026-08-24T06:05:56.979686Z[0m [33m WARN[0m                net-0 ThreadId(14) [2mzenoh::net::routing::dispatcher::queries[0m[2m:[0m Face{1, 40305f7b3f5b541aa0ec8ecbc8027690}:1324 Didn't receive final reply for query Face{2, d1aa1c0db8ee4a52adc3b1e68d42760d}:1324: Timeout(10s)!
[2m2026-08-24T06:06:04.861297Z[0m [33m WARN[0m ThreadId(19) [2mzenoh::net::routing::dispatcher::queries[0m[2m:[0m Face{1, 40305f7b3f5b541aa0ec8ecbc8027690}:1324 Route reply: Query not found!
[2m2026-08-24T06:06:04.861501Z[0m [33m WARN[0m ThreadId(19) [2mzenoh::net::routing::dispatcher::queries[0m[2m:[0m Face{1, 40305f7b3f5b541aa0ec8ecbc8027690}:1324 Route final reply: Query not found!
[2m2026-08-24T06:06:14.955737Z[0m [33m WARN[0m                net-0 ThreadId(14) [2mzenoh::net::routing::dispatcher::queries[0m[2m:[0m Face{1, 40305f7b3f5b541aa0ec8ecbc8027690}:1328 Didn't receive final reply for query Face{2, d1aa1c0db8ee4a52adc3b1e68d42760d}:1328: Timeout(10s)!
[2m2026-08-24T06:06:22.863757Z[0m [33m WARN[0m ThreadId(19) [2mzenoh::net::routing::dispatcher::queries[0m[2m:[0m Face{1, 40305f7b3f5b541aa0ec8ecbc8027690}:1328 Route reply: Query not found!
[2m2026-08-24T06:06:22.863801Z[0m [33m WARN[0m ThreadId(19) [2mzenoh::net::routing::dispatcher::queries[0m[2m:[0m Face{1, 40305f7b3f5b541aa0ec8ecbc8027690}:1328 Route final reply: Query not found!
[2m2026-08-24T06:06:32.916203Z[0m [33m WARN[0m                net-0 ThreadId(14) [2mzenoh::net::routing::dispatcher::queries[0m[2m:[0m Face{1, 40305f7b3f5b541aa0ec8ecbc8027690}:1332 Didn't receive final reply for query Face{2, d1aa1c0db8ee4a52adc3b1e68d42760d}:1332: Timeout(10s)!
[2m2026-08-24T06:06:40.862376Z[0m [33m WARN[0m ThreadId(19) [2mzenoh::net::routing::dispatcher::queries[0m[2m:[0m Face{1, 40305f7b3f5b541aa0ec8ecbc8027690}:1332 Route reply: Query not found!
[2m2026-08-24T06:06:40.862426Z[0m [33m WARN[0m ThreadId(19) [2mzenoh::net::routing::dispatcher::queries[0m[2m:[0m Face{1, 40305f7b3f5b541aa0ec8ecbc8027690}:1332 Route final reply: Query not found!
[2m2026-08-24T06:06:50.972704Z[0m [33m WARN[0m                net-0 ThreadId(14) [2mzenoh::net::routing::dispatcher::queries[0m[2m:[0m Face{1, 40305f7b3f5b541aa0ec8ecbc8027690}:1336 Didn't receive final reply for query Face{2, d1aa1c0db8ee4a52adc3b1e68d42760d}:1336: Timeout(10s)!
[2m2026-08-24T06:06:58.866425Z[0m [33m WARN[0m ThreadId(19) [2mzenoh::net::routing::dispatcher::queries[0m[2m:[0m Face{1, 40305f7b3f5b541aa0ec8ecbc8027690}:1336 Route reply: Query not found!
[2m2026-08-24T06:06:58.866471Z[0m [33m WARN[0m ThreadId(19) [2mzenoh::net::routing::dispatcher::queries[0m[2m:[0m Face{1, 40305f7b3f5b541aa0ec8ecbc8027690}:1336 Route final reply: Query not found!
[2m2026-08-24T06:07:08.949097Z[0m [33m WARN[0m                net-0 ThreadId(14) [2mzenoh::net::routing::dispatcher::queries[0m[2m:[0m Face{1, 40305f7b3f5b541aa0ec8ecbc8027690}:1340 Didn't receive final reply for query Face{2, d1aa1c0db8ee4a52adc3b1e68d42760d}:1340: Timeout(10s)!
[2m2026-08-24T06:07:16.866355Z[0m [33m WARN[0m ThreadId(19) [2mzenoh::net::routing::dispatcher::queries[0m[2m:[0m Face{1, 40305f7b3f5b541aa0ec8ecbc8027690}:1340 Route reply: Query not found!
[2m2026-08-24T06:07:16.866404Z[0m [33m WARN[0m ThreadId(19) [2mzenoh::net::routing::dispatcher::queries[0m[2m:[0m Face{1, 40305f7b3f5b541aa0ec8ecbc8027690}:1340 Route final reply: Query not found!
[2m2026-08-24T06:07:26.916668Z[0m [33m WARN[0m                net-0 ThreadId(14) [2mzenoh::net::routing::dispatcher::queries[0m[2m:[0m Face{1, 40305f7b3f5b541aa0ec8ecbc8027690}:1344 Didn't receive final reply for query Face{2, d1aa1c0db8ee4a52adc3b1e68d42760d}:1344: Timeout(10s)!
[2m2026-08-24T06:07:34.864740Z[0m [33m WARN[0m ThreadId(19) [2mzenoh::net::routing::dispatcher::queries[0m[2m:[0m Face{1, 40305f7b3f5b541aa0ec8ecbc8027690}:1344 Route reply: Query not found!
[2m2026-08-24T06:07:34.864823Z[0m [33m WARN[0m ThreadId(19) [2mzenoh::net::routing::dispatcher::queries[0m[2m:[0m Face{1, 40305f7b3f5b541aa0ec8ecbc8027690}:1344 Route final reply: Query not found!
[2m2026-08-24T06:07:44.979697Z[0m [33m WARN[0m                net-0 ThreadId(14) [2mzenoh::net::routing::dispatcher::queries[0m[2m:[0m Face{1, 40305f7b3f5b541aa0ec8ecbc8027690}:1348 Didn't receive final reply for query Face{2, d1aa1c0db8ee4a52adc3b1e68d42760d}:1348: Timeout(10s)!
[2m2026-08-24T06:07:52.863422Z[0m [33m WARN[0m ThreadId(19) [2mzenoh::net::routing::dispatcher::queries[0m[2m:[0m Face{1, 40305f7b3f5b541aa0ec8ecbc8027690}:1348 Route reply: Query not found!
[2m2026-08-24T06:07:52.863479Z[0m [33m WARN[0m ThreadId(19) [2mzenoh::net::routing::dispatcher::queries[0m[2m:[0m Face{1, 40305f7b3f5b541aa0ec8ecbc8027690}:1348 Route final reply: Query not found!
[2m2026-08-24T06:08:02.968682Z[0m [33m WARN[0m                net-0 ThreadId(14) [2mzenoh::net::routing::dispatcher::queries[0m[2m:[0m Face{1, 40305f7b3f5b541aa0ec8ecbc8027690}:1352 Didn't receive final reply for query Face{2, d1aa1c0db8ee4a52adc3b1e68d42760d}:1352: Timeout(10s)!
[2m2026-08-24T06:08:10.861860Z[0m [33m WARN[0m ThreadId(19) [2mzenoh::net::routing::dispatcher::queries[0m[2m:[0m Face{1, 40305f7b3f5b541aa0ec8ecbc8027690}:1352 Route reply: Query not found!
[2m2026-08-24T06:08:10.861896Z[0m [33m WARN[0m ThreadId(19) [2mzenoh::net::routing::dispatcher::queries[0m[2m:[0m Face{1, 40305f7b3f5b541aa0ec8ecbc8027690}:1352 Route final reply: Query not found!
[2m2026-08-24T06:08:20.951676Z[0m [33m WARN[0m                net-0 ThreadId(14) [2mzenoh::net::routing::dispatcher::queries[0m[2m:[0m Face{1, 40305f7b3f5b541aa0ec8ecbc8027690}:1356 Didn't receive final reply for query Face{2, d1aa1c0db8ee4a52adc3b1e68d42760d}:1356: Timeout(10s)!
[2m2026-08-24T06:08:28.858980Z[0m [33m WARN[0m ThreadId(19) [2mzenoh::net::routing::dispatcher::queries[0m[2m:[0m Face{1, 40305f7b3f5b541aa0ec8ecbc8027690}:1356 Route reply: Query not found!
[2m2026-08-24T06:08:28.859039Z[0m [33m WARN[0m ThreadId(19) [2mzenoh::net::routing::dispatcher::queries[0m[2m:[0m Face{1, 40305f7b3f5b541aa0ec8ecbc8027690}:1356 Route final reply: Query not found!
[2m2026-08-24T06:08:38.969494Z[0m [33m WARN[0m                net-0 ThreadId(14) [2mzenoh::net::routing::dispatcher::queries[0m[2m:[0m Face{1, 40305f7b3f5b541aa0ec8ecbc8027690}:1360 Didn't receive final reply for query Face{2, d1aa1c0db8ee4a52adc3b1e68d42760d}:1360: Timeout(10s)!
[2m2026-08-24T06:08:46.861965Z[0m [33m WARN[0m ThreadId(19) [2mzenoh::net::routing::dispatcher::queries[0m[2m:[0m Face{1, 40305f7b3f5b541aa0ec8ecbc8027690}:1360 Route reply: Query not found!
[2m2026-08-24T06:08:46.862006Z[0m [33m WARN[0m ThreadId(19) [2mzenoh::net::routing::dispatcher::queries[0m[2m:[0m Face{1, 40305f7b3f5b541aa0ec8ecbc8027690}:1360 Route final reply: Query not found!
[2m2026-08-24T06:08:56.963665Z[0m [33m WARN[0m                net-0 ThreadId(14) [2mzenoh::net::routing::dispatcher::queries[0m[2m:[0m Face{1, 40305f7b3f5b541aa0ec8ecbc8027690}:1364 Didn't receive final reply for query Face{2, d1aa1c0db8ee4a52adc3b1e68d42760d}:1364: Timeout(10s)!
[2m2026-08-24T06:09:04.868048Z[0m [33m WARN[0m ThreadId(19) [2mzenoh::net::routing::dispatcher::queries[0m[2m:[0m Face{1, 40305f7b3f5b541aa0ec8ecbc8027690}:1364 Route reply: Query not found!
[2m2026-08-24T06:09:04.868084Z[0m [33m WARN[0m ThreadId(19) [2mzenoh::net::routing::dispatcher::queries[0m[2m:[0m Face{1, 40305f7b3f5b541aa0ec8ecbc8027690}:1364 Route final reply: Query not found!
[2m2026-08-24T06:09:14.930678Z[0m [33m WARN[0m                net-0 ThreadId(14) [2mzenoh::net::routing::dispatcher::queries[0m[2m:[0m Face{1, 40305f7b3f5b541aa0ec8ecbc8027690}:1368 Didn't receive final reply for query Face{2, d1aa1c0db8ee4a52adc3b1e68d42760d}:1368: Timeout(10s)!
[2m2026-08-24T06:09:22.868053Z[0m [33m WARN[0m ThreadId(19) [2mzenoh::net::routing::dispatcher::queries[0m[2m:[0m Face{1, 40305f7b3f5b541aa0ec8ecbc8027690}:1368 Route reply: Query not found!
[2m2026-08-24T06:09:22.868086Z[0m [33m WARN[0m ThreadId(19) [2mzenoh::net::routing::dispatcher::queries[0m[2m:[0m Face{1, 40305f7b3f5b541aa0ec8ecbc8027690}:1368 Route final reply: Query not found!
[2m2026-08-24T06:09:32.903683Z[0m [33m WARN[0m                net-0 ThreadId(14) [2mzenoh::net::routing::dispatcher::queries[0m[2m:[0m Face{1, 40305f7b3f5b541aa0ec8ecbc8027690}:1372 Didn't receive final reply for query Face{2, d1aa1c0db8ee4a52adc3b1e68d42760d}:1372: Timeout(10s)!
[2m2026-08-24T06:09:40.862474Z[0m [33m WARN[0m ThreadId(19) [2mzenoh::net::routing::dispatcher::queries[0m[2m:[0m Face{1, 40305f7b3f5b541aa0ec8ecbc8027690}:1372 Route reply: Query not found!
[2m2026-08-24T06:09:40.862535Z[0m [33m WARN[0m ThreadId(19) [2mzenoh::net::routing::dispatcher::queries[0m[2m:[0m Face{1, 40305f7b3f5b541aa0ec8ecbc8027690}:1372 Route final reply: Query not found!
[2m2026-08-24T06:09:50.961673Z[0m [33m WARN[0m                net-0 ThreadId(14) [2mzenoh::net::routing::dispatcher::queries[0m[2m:[0m Face{1, 40305f7b3f5b541aa0ec8ecbc8027690}:1376 Didn't receive final reply for query Face{2, d1aa1c0db8ee4a52adc3b1e68d42760d}:1376: Timeout(10s)!
[2m2026-08-24T06:09:58.859698Z[0m [33m WARN[0m ThreadId(19) [2mzenoh::net::routing::dispatcher::queries[0m[2m:[0m Face{1, 40305f7b3f5b541aa0ec8ecbc8027690}:1376 Route reply: Query not found!
[2m2026-08-24T06:09:58.859744Z[0m [33m WARN[0m ThreadId(19) [2mzenoh::net::routing::dispatcher::queries[0m[2m:[0m Face{1, 40305f7b3f5b541aa0ec8ecbc8027690}:1376 Route final reply: Query not found!
[2m2026-08-24T06:10:08.917239Z[0m [33m WARN[0m                net-0 ThreadId(14) [2mzenoh::net::routing::dispatcher::queries[0m[2m:[0m Face{1, 40305f7b3f5b541aa0ec8ecbc8027690}:1380 Didn't receive final reply for query Face{2, d1aa1c0db8ee4a52adc3b1e68d42760d}:1380: Timeout(10s)!
[2m2026-08-24T06:10:16.859903Z[0m [33m WARN[0m ThreadId(19) [2mzenoh::net::routing::dispatcher::queries[0m[2m:[0m Face{1, 40305f7b3f5b541aa0ec8ecbc8027690}:1380 Route reply: Query not found!
[2m2026-08-24T06:10:16.859949Z[0m [33m WARN[0m ThreadId(19) [2mzenoh::net::routing::dispatcher::queries[0m[2m:[0m Face{1, 40305f7b3f5b541aa0ec8ecbc8027690}:1380 Route final reply: Query not found!
[2m2026-08-24T06:10:26.982688Z[0m [33m WARN[0m                net-0 ThreadId(14) [2mzenoh::net::routing::dispatcher::queries[0m[2m:[0m Face{1, 40305f7b3f5b541aa0ec8ecbc8027690}:1384 Didn't receive final reply for query Face{2, d1aa1c0db8ee4a52adc3b1e68d42760d}:1384: Timeout(10s)!
[2m2026-08-24T06:10:34.866378Z[0m [33m WARN[0m ThreadId(19) [2mzenoh::net::routing::dispatcher::queries[0m[2m:[0m Face{1, 40305f7b3f5b541aa0ec8ecbc8027690}:1384 Route reply: Query not found!
[2m2026-08-24T06:10:34.866421Z[0m [33m WARN[0m ThreadId(19) [2mzenoh::net::routing::dispatcher::queries[0m[2m:[0m Face{1, 40305f7b3f5b541aa0ec8ecbc8027690}:1384 Route final reply: Query not found!
[2m2026-08-24T06:10:44.956678Z[0m [33m WARN[0m                net-0 ThreadId(14) [2mzenoh::net::routing::dispatcher::queries[0m[2m:[0m Face{1, 40305f7b3f5b541aa0ec8ecbc8027690}:1388 Didn't receive final reply for query Face{2, d1aa1c0db8ee4a52adc3b1e68d42760d}:1388: Timeout(10s)!
[2m2026-08-24T06:10:52.861298Z[0m [33m WARN[0m ThreadId(19) [2mzenoh::net::routing::dispatcher::queries[0m[2m:[0m Face{1, 40305f7b3f5b541aa0ec8ecbc8027690}:1388 Route reply: Query not found!
[2m2026-08-24T06:10:52.861405Z[0m [33m WARN[0m ThreadId(19) [2mzenoh::net::routing::dispatcher::queries[0m[2m:[0m Face{1, 40305f7b3f5b541aa0ec8ecbc8027690}:1388 Route final reply: Query not found!
[2m2026-08-24T06:11:02.950653Z[0m [33m WARN[0m                net-0 ThreadId(14) [2mzenoh::net::routing::dispatcher::queries[0m[2m:[0m Face{1, 40305f7b3f5b541aa0ec8ecbc8027690}:1392 Didn't receive final reply for query Face{2, d1aa1c0db8ee4a52adc3b1e68d42760d}:1392: Timeout(10s)!
[2m2026-08-24T06:11:10.867744Z[0m [33m WARN[0m ThreadId(19) [2mzenoh::net::routing::dispatcher::queries[0m[2m:[0m Face{1, 40305f7b3f5b541aa0ec8ecbc8027690}:1392 Route reply: Query not found!
[2m2026-08-24T06:11:10.867776Z[0m [33m WARN[0m ThreadId(19) [2mzenoh::net::routing::dispatcher::queries[0m[2m:[0m Face{1, 40305f7b3f5b541aa0ec8ecbc8027690}:1392 Route final reply: Query not found!
[2m2026-08-24T06:11:20.914663Z[0m [33m WARN[0m                net-0 ThreadId(14) [2mzenoh::net::routing::dispatcher::queries[0m[2m:[0m Face{1, 40305f7b3f5b541aa0ec8ecbc8027690}:1396 Didn't receive final reply for query Face{2, d1aa1c0db8ee4a52adc3b1e68d42760d}:1396: Timeout(10s)!
[2m2026-08-24T06:11:28.866029Z[0m [33m WARN[0m ThreadId(19) [2mzenoh::net::routing::dispatcher::queries[0m[2m:[0m Face{1, 40305f7b3f5b541aa0ec8ecbc8027690}:1396 Route reply: Query not found!
[2m2026-08-24T06:11:28.866076Z[0m [33m WARN[0m ThreadId(19) [2mzenoh::net::routing::dispatcher::queries[0m[2m:[0m Face{1, 40305f7b3f5b541aa0ec8ecbc8027690}:1396 Route final reply: Query not found!
[2m2026-08-24T06:11:38.985776Z[0m [33m WARN[0m                net-0 ThreadId(14) [2mzenoh::net::routing::dispatcher::queries[0m[2m:[0m Face{1, 40305f7b3f5b541aa0ec8ecbc8027690}:1400 Didn't receive final reply for query Face{2, d1aa1c0db8ee4a52adc3b1e68d42760d}:1400: Timeout(10s)!
[2m2026-08-24T06:11:46.864055Z[0m [33m WARN[0m ThreadId(19) [2mzenoh::net::routing::dispatcher::queries[0m[2m:[0m Face{1, 40305f7b3f5b541aa0ec8ecbc8027690}:1400 Route reply: Query not found!
[2m2026-08-24T06:11:46.864094Z[0m [33m WARN[0m ThreadId(19) [2mzenoh::net::routing::dispatcher::queries[0m[2m:[0m Face{1, 40305f7b3f5b541aa0ec8ecbc8027690}:1400 Route final reply: Query not found!
[2m2026-08-24T06:11:56.940926Z[0m [33m WARN[0m                net-0 ThreadId(14) [2mzenoh::net::routing::dispatcher::queries[0m[2m:[0m Face{1, 40305f7b3f5b541aa0ec8ecbc8027690}:1404 Didn't receive final reply for query Face{2, d1aa1c0db8ee4a52adc3b1e68d42760d}:1404: Timeout(10s)!
[2m2026-08-24T06:12:04.863025Z[0m [33m WARN[0m ThreadId(19) [2mzenoh::net::routing::dispatcher::queries[0m[2m:[0m Face{1, 40305f7b3f5b541aa0ec8ecbc8027690}:1404 Route reply: Query not found!
[2m2026-08-24T06:12:04.863060Z[0m [33m WARN[0m ThreadId(19) [2mzenoh::net::routing::dispatcher::queries[0m[2m:[0m Face{1, 40305f7b3f5b541aa0ec8ecbc8027690}:1404 Route final reply: Query not found!
[2m2026-08-24T06:12:14.912668Z[0m [33m WARN[0m                net-0 ThreadId(14) [2mzenoh::net::routing::dispatcher::queries[0m[2m:[0m Face{1, 40305f7b3f5b541aa0ec8ecbc8027690}:1408 Didn't receive final reply for query Face{2, d1aa1c0db8ee4a52adc3b1e68d42760d}:1408: Timeout(10s)!
[2m2026-08-24T06:12:22.860948Z[0m [33m WARN[0m ThreadId(19) [2mzenoh::net::routing::dispatcher::queries[0m[2m:[0m Face{1, 40305f7b3f5b541aa0ec8ecbc8027690}:1408 Route reply: Query not found!
[2m2026-08-24T06:12:22.860979Z[0m [33m WARN[0m ThreadId(19) [2mzenoh::net::routing::dispatcher::queries[0m[2m:[0m Face{1, 40305f7b3f5b541aa0ec8ecbc8027690}:1408 Route final reply: Query not found!
[2m2026-08-24T06:12:32.967661Z[0m [33m WARN[0m                net-0 ThreadId(14) [2mzenoh::net::routing::dispatcher::queries[0m[2m:[0m Face{1, 40305f7b3f5b541aa0ec8ecbc8027690}:1412 Didn't receive final reply for query Face{2, d1aa1c0db8ee4a52adc3b1e68d42760d}:1412: Timeout(10s)!
[2m2026-08-24T06:12:40.864937Z[0m [33m WARN[0m ThreadId(19) [2mzenoh::net::routing::dispatcher::queries[0m[2m:[0m Face{1, 40305f7b3f5b541aa0ec8ecbc8027690}:1412 Route reply: Query not found!
[2m2026-08-24T06:12:40.864972Z[0m [33m WARN[0m ThreadId(19) [2mzenoh::net::routing::dispatcher::queries[0m[2m:[0m Face{1, 40305f7b3f5b541aa0ec8ecbc8027690}:1412 Route final reply: Query not found!
[2m2026-08-24T06:12:50.922666Z[0m [33m WARN[0m                net-0 ThreadId(14) [2mzenoh::net::routing::dispatcher::queries[0m[2m:[0m Face{1, 40305f7b3f5b541aa0ec8ecbc8027690}:1416 Didn't receive final reply for query Face{2, d1aa1c0db8ee4a52adc3b1e68d42760d}:1416: Timeout(10s)!
[2m2026-08-24T06:12:58.866624Z[0m [33m WARN[0m ThreadId(19) [2mzenoh::net::routing::dispatcher::queries[0m[2m:[0m Face{1, 40305f7b3f5b541aa0ec8ecbc8027690}:1416 Route reply: Query not found!
[2m2026-08-24T06:12:58.866673Z[0m [33m WARN[0m ThreadId(19) [2mzenoh::net::routing::dispatcher::queries[0m[2m:[0m Face{1, 40305f7b3f5b541aa0ec8ecbc8027690}:1416 Route final reply: Query not found!
[2m2026-08-24T06:13:08.985087Z[0m [33m WARN[0m                net-0 ThreadId(14) [2mzenoh::net::routing::dispatcher::queries[0m[2m:[0m Face{1, 40305f7b3f5b541aa0ec8ecbc8027690}:1420 Didn't receive final reply for query Face{2, d1aa1c0db8ee4a52adc3b1e68d42760d}:1420: Timeout(10s)!
[2m2026-08-24T06:13:16.864364Z[0m [33m WARN[0m ThreadId(19) [2mzenoh::net::routing::dispatcher::queries[0m[2m:[0m Face{1, 40305f7b3f5b541aa0ec8ecbc8027690}:1420 Route reply: Query not found!
[2m2026-08-24T06:13:16.864416Z[0m [33m WARN[0m ThreadId(19) [2mzenoh::net::routing::dispatcher::queries[0m[2m:[0m Face{1, 40305f7b3f5b541aa0ec8ecbc8027690}:1420 Route final reply: Query not found!
[2m2026-08-24T06:13:26.941672Z[0m [33m WARN[0m                net-0 ThreadId(14) [2mzenoh::net::routing::dispatcher::queries[0m[2m:[0m Face{1, 40305f7b3f5b541aa0ec8ecbc8027690}:1424 Didn't receive final reply for query Face{2, d1aa1c0db8ee4a52adc3b1e68d42760d}:1424: Timeout(10s)!
[2m2026-08-24T06:13:34.863778Z[0m [33m WARN[0m ThreadId(19) [2mzenoh::net::routing::dispatcher::queries[0m[2m:[0m Face{1, 40305f7b3f5b541aa0ec8ecbc8027690}:1424 Route reply: Query not found!
[2m2026-08-24T06:13:34.863817Z[0m [33m WARN[0m ThreadId(19) [2mzenoh::net::routing::dispatcher::queries[0m[2m:[0m Face{1, 40305f7b3f5b541aa0ec8ecbc8027690}:1424 Route final reply: Query not found!
[2m2026-08-24T06:13:45.002675Z[0m [33m WARN[0m                net-0 ThreadId(14) [2mzenoh::net::routing::dispatcher::queries[0m[2m:[0m Face{1, 40305f7b3f5b541aa0ec8ecbc8027690}:1428 Didn't receive final reply for query Face{2, d1aa1c0db8ee4a52adc3b1e68d42760d}:1428: Timeout(10s)!
[2m2026-08-24T06:13:52.861725Z[0m [33m WARN[0m ThreadId(19) [2mzenoh::net::routing::dispatcher::queries[0m[2m:[0m Face{1, 40305f7b3f5b541aa0ec8ecbc8027690}:1428 Route reply: Query not found!
[2m2026-08-24T06:13:52.861762Z[0m [33m WARN[0m ThreadId(19) [2mzenoh::net::routing::dispatcher::queries[0m[2m:[0m Face{1, 40305f7b3f5b541aa0ec8ecbc8027690}:1428 Route final reply: Query not found!
[2m2026-08-24T06:14:02.964690Z[0m [33m WARN[0m                net-0 ThreadId(14) [2mzenoh::net::routing::dispatcher::queries[0m[2m:[0m Face{1, 40305f7b3f5b541aa0ec8ecbc8027690}:1432 Didn't receive final reply for query Face{2, d1aa1c0db8ee4a52adc3b1e68d42760d}:1432: Timeout(10s)!
[2m2026-08-24T06:14:10.873651Z[0m [33m WARN[0m ThreadId(19) [2mzenoh::net::routing::dispatcher::queries[0m[2m:[0m Face{1, 40305f7b3f5b541aa0ec8ecbc8027690}:1432 Route reply: Query not found!
[2m2026-08-24T06:14:10.873708Z[0m [33m WARN[0m ThreadId(19) [2mzenoh::net::routing::dispatcher::queries[0m[2m:[0m Face{1, 40305f7b3f5b541aa0ec8ecbc8027690}:1432 Route final reply: Query not found!
[2m2026-08-24T06:14:20.982004Z[0m [33m WARN[0m                net-0 ThreadId(14) [2mzenoh::net::routing::dispatcher::queries[0m[2m:[0m Face{1, 40305f7b3f5b541aa0ec8ecbc8027690}:1436 Didn't receive final reply for query Face{2, d1aa1c0db8ee4a52adc3b1e68d42760d}:1436: Timeout(10s)!
[2m2026-08-24T06:14:28.862565Z[0m [33m WARN[0m ThreadId(19) [2mzenoh::net::routing::dispatcher::queries[0m[2m:[0m Face{1, 40305f7b3f5b541aa0ec8ecbc8027690}:1436 Route reply: Query not found!
[2m2026-08-24T06:14:28.862645Z[0m [33m WARN[0m ThreadId(19) [2mzenoh::net::routing::dispatcher::queries[0m[2m:[0m Face{1, 40305f7b3f5b541aa0ec8ecbc8027690}:1436 Route final reply: Query not found!
[2m2026-08-24T06:14:38.954936Z[0m [33m WARN[0m                net-0 ThreadId(14) [2mzenoh::net::routing::dispatcher::queries[0m[2m:[0m Face{1, 40305f7b3f5b541aa0ec8ecbc8027690}:1440 Didn't receive final reply for query Face{2, d1aa1c0db8ee4a52adc3b1e68d42760d}:1440: Timeout(10s)!
[2m2026-08-24T06:14:46.867012Z[0m [33m WARN[0m ThreadId(19) [2mzenoh::net::routing::dispatcher::queries[0m[2m:[0m Face{1, 40305f7b3f5b541aa0ec8ecbc8027690}:1440 Route reply: Query not found!
[2m2026-08-24T06:14:46.867060Z[0m [33m WARN[0m ThreadId(19) [2mzenoh::net::routing::dispatcher::queries[0m[2m:[0m Face{1, 40305f7b3f5b541aa0ec8ecbc8027690}:1440 Route final reply: Query not found!
[2m2026-08-24T06:14:56.997685Z[0m [33m WARN[0m                net-0 ThreadId(14) [2mzenoh::net::routing::dispatcher::queries[0m[2m:[0m Face{1, 40305f7b3f5b541aa0ec8ecbc8027690}:1444 Didn't receive final reply for query Face{2, d1aa1c0db8ee4a52adc3b1e68d42760d}:1444: Timeout(10s)!
[2m2026-08-24T06:15:04.867454Z[0m [33m WARN[0m ThreadId(19) [2mzenoh::net::routing::dispatcher::queries[0m[2m:[0m Face{1, 40305f7b3f5b541aa0ec8ecbc8027690}:1444 Route reply: Query not found!
[2m2026-08-24T06:15:04.867522Z[0m [33m WARN[0m ThreadId(19) [2mzenoh::net::routing::dispatcher::queries[0m[2m:[0m Face{1, 40305f7b3f5b541aa0ec8ecbc8027690}:1444 Route final reply: Query not found!
[2m2026-08-24T06:15:14.968671Z[0m [33m WARN[0m                net-0 ThreadId(14) [2mzenoh::net::routing::dispatcher::queries[0m[2m:[0m Face{1, 40305f7b3f5b541aa0ec8ecbc8027690}:1448 Didn't receive final reply for query Face{2, d1aa1c0db8ee4a52adc3b1e68d42760d}:1448: Timeout(10s)!
[2m2026-08-24T06:15:22.861167Z[0m [33m WARN[0m ThreadId(19) [2mzenoh::net::routing::dispatcher::queries[0m[2m:[0m Face{1, 40305f7b3f5b541aa0ec8ecbc8027690}:1448 Route reply: Query not found!
[2m2026-08-24T06:15:22.861215Z[0m [33m WARN[0m ThreadId(19) [2mzenoh::net::routing::dispatcher::queries[0m[2m:[0m Face{1, 40305f7b3f5b541aa0ec8ecbc8027690}:1448 Route final reply: Query not found!
[2m2026-08-24T06:15:32.949720Z[0m [33m WARN[0m                net-0 ThreadId(14) [2mzenoh::net::routing::dispatcher::queries[0m[2m:[0m Face{1, 40305f7b3f5b541aa0ec8ecbc8027690}:1452 Didn't receive final reply for query Face{2, d1aa1c0db8ee4a52adc3b1e68d42760d}:1452: Timeout(10s)!
[2m2026-08-24T06:15:40.859945Z[0m [33m WARN[0m ThreadId(19) [2mzenoh::net::routing::dispatcher::queries[0m[2m:[0m Face{1, 40305f7b3f5b541aa0ec8ecbc8027690}:1452 Route reply: Query not found!
[2m2026-08-24T06:15:40.859990Z[0m [33m WARN[0m ThreadId(19) [2mzenoh::net::routing::dispatcher::queries[0m[2m:[0m Face{1, 40305f7b3f5b541aa0ec8ecbc8027690}:1452 Route final reply: Query not found!
[2m2026-08-24T06:15:50.914726Z[0m [33m WARN[0m                net-0 ThreadId(14) [2mzenoh::net::routing::dispatcher::queries[0m[2m:[0m Face{1, 40305f7b3f5b541aa0ec8ecbc8027690}:1456 Didn't receive final reply for query Face{2, d1aa1c0db8ee4a52adc3b1e68d42760d}:1456: Timeout(10s)!
[2m2026-08-24T06:15:58.866284Z[0m [33m WARN[0m ThreadId(19) [2mzenoh::net::routing::dispatcher::queries[0m[2m:[0m Face{1, 40305f7b3f5b541aa0ec8ecbc8027690}:1456 Route reply: Query not found!
[2m2026-08-24T06:15:58.866337Z[0m [33m WARN[0m ThreadId(19) [2mzenoh::net::routing::dispatcher::queries[0m[2m:[0m Face{1, 40305f7b3f5b541aa0ec8ecbc8027690}:1456 Route final reply: Query not found!
[2m2026-08-24T06:16:08.974830Z[0m [33m WARN[0m                net-0 ThreadId(14) [2mzenoh::net::routing::dispatcher::queries[0m[2m:[0m Face{1, 40305f7b3f5b541aa0ec8ecbc8027690}:1460 Didn't receive final reply for query Face{2, d1aa1c0db8ee4a52adc3b1e68d42760d}:1460: Timeout(10s)!
[2m2026-08-24T06:16:16.867832Z[0m [33m WARN[0m ThreadId(19) [2mzenoh::net::routing::dispatcher::queries[0m[2m:[0m Face{1, 40305f7b3f5b541aa0ec8ecbc8027690}:1460 Route reply: Query not found!
[2m2026-08-24T06:16:16.867862Z[0m [33m WARN[0m ThreadId(19) [2mzenoh::net::routing::dispatcher::queries[0m[2m:[0m Face{1, 40305f7b3f5b541aa0ec8ecbc8027690}:1460 Route final reply: Query not found!
[2m2026-08-24T06:16:26.937677Z[0m [33m WARN[0m                net-0 ThreadId(14) [2mzenoh::net::routing::dispatcher::queries[0m[2m:[0m Face{1, 40305f7b3f5b541aa0ec8ecbc8027690}:1464 Didn't receive final reply for query Face{2, d1aa1c0db8ee4a52adc3b1e68d42760d}:1464: Timeout(10s)!
[2m2026-08-24T06:16:34.867265Z[0m [33m WARN[0m ThreadId(19) [2mzenoh::net::routing::dispatcher::queries[0m[2m:[0m Face{1, 40305f7b3f5b541aa0ec8ecbc8027690}:1464 Route reply: Query not found!
[2m2026-08-24T06:16:34.867308Z[0m [33m WARN[0m ThreadId(19) [2mzenoh::net::routing::dispatcher::queries[0m[2m:[0m Face{1, 40305f7b3f5b541aa0ec8ecbc8027690}:1464 Route final reply: Query not found!
[2m2026-08-24T06:16:45.018741Z[0m [33m WARN[0m                net-0 ThreadId(14) [2mzenoh::net::routing::dispatcher::queries[0m[2m:[0m Face{1, 40305f7b3f5b541aa0ec8ecbc8027690}:1468 Didn't receive final reply for query Face{2, d1aa1c0db8ee4a52adc3b1e68d42760d}:1468: Timeout(10s)!
[2m2026-08-24T06:16:52.859480Z[0m [33m WARN[0m ThreadId(19) [2mzenoh::net::routing::dispatcher::queries[0m[2m:[0m Face{1, 40305f7b3f5b541aa0ec8ecbc8027690}:1468 Route reply: Query not found!
[2m2026-08-24T06:16:52.859525Z[0m [33m WARN[0m ThreadId(19) [2mzenoh::net::routing::dispatcher::queries[0m[2m:[0m Face{1, 40305f7b3f5b541aa0ec8ecbc8027690}:1468 Route final reply: Query not found!
[2m2026-08-24T06:17:02.963598Z[0m [33m WARN[0m                net-0 ThreadId(14) [2mzenoh::net::routing::dispatcher::queries[0m[2m:[0m Face{1, 40305f7b3f5b541aa0ec8ecbc8027690}:1472 Didn't receive final reply for query Face{2, d1aa1c0db8ee4a52adc3b1e68d42760d}:1472: Timeout(10s)!
[2m2026-08-24T06:17:10.867986Z[0m [33m WARN[0m ThreadId(19) [2mzenoh::net::routing::dispatcher::queries[0m[2m:[0m Face{1, 40305f7b3f5b541aa0ec8ecbc8027690}:1472 Route reply: Query not found!
[2m2026-08-24T06:17:10.868011Z[0m [33m WARN[0m ThreadId(19) [2mzenoh::net::routing::dispatcher::queries[0m[2m:[0m Face{1, 40305f7b3f5b541aa0ec8ecbc8027690}:1472 Route final reply: Query not found!
[2m2026-08-24T06:17:20.938701Z[0m [33m WARN[0m                net-0 ThreadId(14) [2mzenoh::net::routing::dispatcher::queries[0m[2m:[0m Face{1, 40305f7b3f5b541aa0ec8ecbc8027690}:1476 Didn't receive final reply for query Face{2, d1aa1c0db8ee4a52adc3b1e68d42760d}:1476: Timeout(10s)!
[2m2026-08-24T06:17:28.867723Z[0m [33m WARN[0m ThreadId(19) [2mzenoh::net::routing::dispatcher::queries[0m[2m:[0m Face{1, 40305f7b3f5b541aa0ec8ecbc8027690}:1476 Route reply: Query not found!
[2m2026-08-24T06:17:28.867755Z[0m [33m WARN[0m ThreadId(19) [2mzenoh::net::routing::dispatcher::queries[0m[2m:[0m Face{1, 40305f7b3f5b541aa0ec8ecbc8027690}:1476 Route final reply: Query not found!
[2m2026-08-24T06:17:38.996816Z[0m [33m WARN[0m                net-0 ThreadId(14) [2mzenoh::net::routing::dispatcher::queries[0m[2m:[0m Face{1, 40305f7b3f5b541aa0ec8ecbc8027690}:1480 Didn't receive final reply for query Face{2, d1aa1c0db8ee4a52adc3b1e68d42760d}:1480: Timeout(10s)!
[2m2026-08-24T06:17:46.864190Z[0m [33m WARN[0m ThreadId(19) [2mzenoh::net::routing::dispatcher::queries[0m[2m:[0m Face{1, 40305f7b3f5b541aa0ec8ecbc8027690}:1480 Route reply: Query not found!
[2m2026-08-24T06:17:46.864238Z[0m [33m WARN[0m ThreadId(19) [2mzenoh::net::routing::dispatcher::queries[0m[2m:[0m Face{1, 40305f7b3f5b541aa0ec8ecbc8027690}:1480 Route final reply: Query not found!
[2m2026-08-24T06:17:56.968818Z[0m [33m WARN[0m                net-0 ThreadId(14) [2mzenoh::net::routing::dispatcher::queries[0m[2m:[0m Face{1, 40305f7b3f5b541aa0ec8ecbc8027690}:1484 Didn't receive final reply for query Face{2, d1aa1c0db8ee4a52adc3b1e68d42760d}:1484: Timeout(10s)!
[2m2026-08-24T06:18:04.861079Z[0m [33m WARN[0m ThreadId(19) [2mzenoh::net::routing::dispatcher::queries[0m[2m:[0m Face{1, 40305f7b3f5b541aa0ec8ecbc8027690}:1484 Route reply: Query not found!
[2m2026-08-24T06:18:04.861126Z[0m [33m WARN[0m ThreadId(19) [2mzenoh::net::routing::dispatcher::queries[0m[2m:[0m Face{1, 40305f7b3f5b541aa0ec8ecbc8027690}:1484 Route final reply: Query not found!
[2m2026-08-24T06:18:14.938684Z[0m [33m WARN[0m                net-0 ThreadId(14) [2mzenoh::net::routing::dispatcher::queries[0m[2m:[0m Face{1, 40305f7b3f5b541aa0ec8ecbc8027690}:1488 Didn't receive final reply for query Face{2, d1aa1c0db8ee4a52adc3b1e68d42760d}:1488: Timeout(10s)!
[2m2026-08-24T06:18:22.864670Z[0m [33m WARN[0m ThreadId(19) [2mzenoh::net::routing::dispatcher::queries[0m[2m:[0m Face{1, 40305f7b3f5b541aa0ec8ecbc8027690}:1488 Route reply: Query not found!
[2m2026-08-24T06:18:22.864709Z[0m [33m WARN[0m ThreadId(19) [2mzenoh::net::routing::dispatcher::queries[0m[2m:[0m Face{1, 40305f7b3f5b541aa0ec8ecbc8027690}:1488 Route final reply: Query not found!
[2m2026-08-24T06:18:32.900948Z[0m [33m WARN[0m                net-0 ThreadId(14) [2mzenoh::net::routing::dispatcher::queries[0m[2m:[0m Face{1, 40305f7b3f5b541aa0ec8ecbc8027690}:1492 Didn't receive final reply for query Face{2, d1aa1c0db8ee4a52adc3b1e68d42760d}:1492: Timeout(10s)!
[2m2026-08-24T06:18:40.863013Z[0m [33m WARN[0m ThreadId(19) [2mzenoh::net::routing::dispatcher::queries[0m[2m:[0m Face{1, 40305f7b3f5b541aa0ec8ecbc8027690}:1492 Route reply: Query not found!
[2m2026-08-24T06:18:40.863065Z[0m [33m WARN[0m ThreadId(19) [2mzenoh::net::routing::dispatcher::queries[0m[2m:[0m Face{1, 40305f7b3f5b541aa0ec8ecbc8027690}:1492 Route final reply: Query not found!
[2m2026-08-24T06:18:50.998688Z[0m [33m WARN[0m                net-0 ThreadId(14) [2mzenoh::net::routing::dispatcher::queries[0m[2m:[0m Face{1, 40305f7b3f5b541aa0ec8ecbc8027690}:1496 Didn't receive final reply for query Face{2, d1aa1c0db8ee4a52adc3b1e68d42760d}:1496: Timeout(10s)!
[2m2026-08-24T06:18:58.867992Z[0m [33m WARN[0m ThreadId(19) [2mzenoh::net::routing::dispatcher::queries[0m[2m:[0m Face{1, 40305f7b3f5b541aa0ec8ecbc8027690}:1496 Route reply: Query not found!
[2m2026-08-24T06:18:58.868021Z[0m [33m WARN[0m ThreadId(19) [2mzenoh::net::routing::dispatcher::queries[0m[2m:[0m Face{1, 40305f7b3f5b541aa0ec8ecbc8027690}:1496 Route final reply: Query not found!
[2m2026-08-24T06:19:08.945666Z[0m [33m WARN[0m                net-0 ThreadId(14) [2mzenoh::net::routing::dispatcher::queries[0m[2m:[0m Face{1, 40305f7b3f5b541aa0ec8ecbc8027690}:1500 Didn't receive final reply for query Face{2, d1aa1c0db8ee4a52adc3b1e68d42760d}:1500: Timeout(10s)!
[2m2026-08-24T06:19:16.861893Z[0m [33m WARN[0m ThreadId(19) [2mzenoh::net::routing::dispatcher::queries[0m[2m:[0m Face{1, 40305f7b3f5b541aa0ec8ecbc8027690}:1500 Route reply: Query not found!
[2m2026-08-24T06:19:16.861945Z[0m [33m WARN[0m ThreadId(19) [2mzenoh::net::routing::dispatcher::queries[0m[2m:[0m Face{1, 40305f7b3f5b541aa0ec8ecbc8027690}:1500 Route final reply: Query not found!
[2m2026-08-24T06:19:26.913991Z[0m [33m WARN[0m                net-0 ThreadId(14) [2mzenoh::net::routing::dispatcher::queries[0m[2m:[0m Face{1, 40305f7b3f5b541aa0ec8ecbc8027690}:1504 Didn't receive final reply for query Face{2, d1aa1c0db8ee4a52adc3b1e68d42760d}:1504: Timeout(10s)!
[2m2026-08-24T06:19:34.866597Z[0m [33m WARN[0m ThreadId(19) [2mzenoh::net::routing::dispatcher::queries[0m[2m:[0m Face{1, 40305f7b3f5b541aa0ec8ecbc8027690}:1504 Route reply: Query not found!
[2m2026-08-24T06:19:34.866642Z[0m [33m WARN[0m ThreadId(19) [2mzenoh::net::routing::dispatcher::queries[0m[2m:[0m Face{1, 40305f7b3f5b541aa0ec8ecbc8027690}:1504 Route final reply: Query not found!
[2m2026-08-24T06:19:44.918683Z[0m [33m WARN[0m                net-0 ThreadId(14) [2mzenoh::net::routing::dispatcher::queries[0m[2m:[0m Face{1, 40305f7b3f5b541aa0ec8ecbc8027690}:1508 Didn't receive final reply for query Face{2, d1aa1c0db8ee4a52adc3b1e68d42760d}:1508: Timeout(10s)!
[2m2026-08-24T06:19:52.860945Z[0m [33m WARN[0m ThreadId(19) [2mzenoh::net::routing::dispatcher::queries[0m[2m:[0m Face{1, 40305f7b3f5b541aa0ec8ecbc8027690}:1508 Route reply: Query not found!
[2m2026-08-24T06:19:52.861003Z[0m [33m WARN[0m ThreadId(19) [2mzenoh::net::routing::dispatcher::queries[0m[2m:[0m Face{1, 40305f7b3f5b541aa0ec8ecbc8027690}:1508 Route final reply: Query not found!
[2m2026-08-24T06:20:02.949370Z[0m [33m WARN[0m                net-0 ThreadId(14) [2mzenoh::net::routing::dispatcher::queries[0m[2m:[0m Face{1, 40305f7b3f5b541aa0ec8ecbc8027690}:1512 Didn't receive final reply for query Face{2, d1aa1c0db8ee4a52adc3b1e68d42760d}:1512: Timeout(10s)!
[2m2026-08-24T06:20:10.861064Z[0m [33m WARN[0m ThreadId(19) [2mzenoh::net::routing::dispatcher::queries[0m[2m:[0m Face{1, 40305f7b3f5b541aa0ec8ecbc8027690}:1512 Route reply: Query not found!
[2m2026-08-24T06:20:10.861141Z[0m [33m WARN[0m ThreadId(19) [2mzenoh::net::routing::dispatcher::queries[0m[2m:[0m Face{1, 40305f7b3f5b541aa0ec8ecbc8027690}:1512 Route final reply: Query not found!
[2m2026-08-24T06:20:20.963040Z[0m [33m WARN[0m                net-0 ThreadId(14) [2mzenoh::net::routing::dispatcher::queries[0m[2m:[0m Face{1, 40305f7b3f5b541aa0ec8ecbc8027690}:1516 Didn't receive final reply for query Face{2, d1aa1c0db8ee4a52adc3b1e68d42760d}:1516: Timeout(10s)!
[2m2026-08-24T06:20:28.868152Z[0m [33m WARN[0m ThreadId(19) [2mzenoh::net::routing::dispatcher::queries[0m[2m:[0m Face{1, 40305f7b3f5b541aa0ec8ecbc8027690}:1516 Route reply: Query not found!
[2m2026-08-24T06:20:28.868185Z[0m [33m WARN[0m ThreadId(19) [2mzenoh::net::routing::dispatcher::queries[0m[2m:[0m Face{1, 40305f7b3f5b541aa0ec8ecbc8027690}:1516 Route final reply: Query not found!
[2m2026-08-24T06:20:39.005711Z[0m [33m WARN[0m                net-0 ThreadId(14) [2mzenoh::net::routing::dispatcher::queries[0m[2m:[0m Face{1, 40305f7b3f5b541aa0ec8ecbc8027690}:1520 Didn't receive final reply for query Face{2, d1aa1c0db8ee4a52adc3b1e68d42760d}:1520: Timeout(10s)!
[2m2026-08-24T06:20:46.861001Z[0m [33m WARN[0m ThreadId(19) [2mzenoh::net::routing::dispatcher::queries[0m[2m:[0m Face{1, 40305f7b3f5b541aa0ec8ecbc8027690}:1520 Route reply: Query not found!
[2m2026-08-24T06:20:46.861051Z[0m [33m WARN[0m ThreadId(19) [2mzenoh::net::routing::dispatcher::queries[0m[2m:[0m Face{1, 40305f7b3f5b541aa0ec8ecbc8027690}:1520 Route final reply: Query not found!
[2m2026-08-24T06:20:56.929687Z[0m [33m WARN[0m                net-0 ThreadId(14) [2mzenoh::net::routing::dispatcher::queries[0m[2m:[0m Face{1, 40305f7b3f5b541aa0ec8ecbc8027690}:1524 Didn't receive final reply for query Face{2, d1aa1c0db8ee4a52adc3b1e68d42760d}:1524: Timeout(10s)!
[2m2026-08-24T06:21:04.859510Z[0m [33m WARN[0m ThreadId(19) [2mzenoh::net::routing::dispatcher::queries[0m[2m:[0m Face{1, 40305f7b3f5b541aa0ec8ecbc8027690}:1524 Route reply: Query not found!
[2m2026-08-24T06:21:04.859552Z[0m [33m WARN[0m ThreadId(19) [2mzenoh::net::routing::dispatcher::queries[0m[2m:[0m Face{1, 40305f7b3f5b541aa0ec8ecbc8027690}:1524 Route final reply: Query not found!
[2m2026-08-24T06:21:14.966664Z[0m [33m WARN[0m                net-0 ThreadId(14) [2mzenoh::net::routing::dispatcher::queries[0m[2m:[0m Face{1, 40305f7b3f5b541aa0ec8ecbc8027690}:1528 Didn't receive final reply for query Face{2, d1aa1c0db8ee4a52adc3b1e68d42760d}:1528: Timeout(10s)!
[2m2026-08-24T06:21:22.859492Z[0m [33m WARN[0m ThreadId(19) [2mzenoh::net::routing::dispatcher::queries[0m[2m:[0m Face{1, 40305f7b3f5b541aa0ec8ecbc8027690}:1528 Route reply: Query not found!
[2m2026-08-24T06:21:22.859535Z[0m [33m WARN[0m ThreadId(19) [2mzenoh::net::routing::dispatcher::queries[0m[2m:[0m Face{1, 40305f7b3f5b541aa0ec8ecbc8027690}:1528 Route final reply: Query not found!
[2m2026-08-24T06:21:32.991238Z[0m [33m WARN[0m                net-0 ThreadId(14) [2mzenoh::net::routing::dispatcher::queries[0m[2m:[0m Face{1, 40305f7b3f5b541aa0ec8ecbc8027690}:1532 Didn't receive final reply for query Face{2, d1aa1c0db8ee4a52adc3b1e68d42760d}:1532: Timeout(10s)!
[2m2026-08-24T06:21:40.867985Z[0m [33m WARN[0m ThreadId(19) [2mzenoh::net::routing::dispatcher::queries[0m[2m:[0m Face{1, 40305f7b3f5b541aa0ec8ecbc8027690}:1532 Route reply: Query not found!
[2m2026-08-24T06:21:40.868013Z[0m [33m WARN[0m ThreadId(19) [2mzenoh::net::routing::dispatcher::queries[0m[2m:[0m Face{1, 40305f7b3f5b541aa0ec8ecbc8027690}:1532 Route final reply: Query not found!
[2m2026-08-24T06:21:50.948698Z[0m [33m WARN[0m                net-0 ThreadId(14) [2mzenoh::net::routing::dispatcher::queries[0m[2m:[0m Face{1, 40305f7b3f5b541aa0ec8ecbc8027690}:1536 Didn't receive final reply for query Face{2, d1aa1c0db8ee4a52adc3b1e68d42760d}:1536: Timeout(10s)!
[2m2026-08-24T06:21:58.860326Z[0m [33m WARN[0m ThreadId(19) [2mzenoh::net::routing::dispatcher::queries[0m[2m:[0m Face{1, 40305f7b3f5b541aa0ec8ecbc8027690}:1536 Route reply: Query not found!
[2m2026-08-24T06:21:58.860396Z[0m [33m WARN[0m ThreadId(19) [2mzenoh::net::routing::dispatcher::queries[0m[2m:[0m Face{1, 40305f7b3f5b541aa0ec8ecbc8027690}:1536 Route final reply: Query not found!
[2m2026-08-24T06:22:08.982857Z[0m [33m WARN[0m                net-0 ThreadId(14) [2mzenoh::net::routing::dispatcher::queries[0m[2m:[0m Face{1, 40305f7b3f5b541aa0ec8ecbc8027690}:1540 Didn't receive final reply for query Face{2, d1aa1c0db8ee4a52adc3b1e68d42760d}:1540: Timeout(10s)!
[2m2026-08-24T06:22:16.858914Z[0m [33m WARN[0m ThreadId(19) [2mzenoh::net::routing::dispatcher::queries[0m[2m:[0m Face{1, 40305f7b3f5b541aa0ec8ecbc8027690}:1540 Route reply: Query not found!
[2m2026-08-24T06:22:16.858960Z[0m [33m WARN[0m ThreadId(19) [2mzenoh::net::routing::dispatcher::queries[0m[2m:[0m Face{1, 40305f7b3f5b541aa0ec8ecbc8027690}:1540 Route final reply: Query not found!
[2m2026-08-24T06:22:26.892694Z[0m [33m WARN[0m                net-0 ThreadId(14) [2mzenoh::net::routing::dispatcher::queries[0m[2m:[0m Face{1, 40305f7b3f5b541aa0ec8ecbc8027690}:1544 Didn't receive final reply for query Face{2, d1aa1c0db8ee4a52adc3b1e68d42760d}:1544: Timeout(10s)!
[2m2026-08-24T06:22:34.862727Z[0m [33m WARN[0m ThreadId(19) [2mzenoh::net::routing::dispatcher::queries[0m[2m:[0m Face{1, 40305f7b3f5b541aa0ec8ecbc8027690}:1544 Route reply: Query not found!
[2m2026-08-24T06:22:34.862786Z[0m [33m WARN[0m ThreadId(19) [2mzenoh::net::routing::dispatcher::queries[0m[2m:[0m Face{1, 40305f7b3f5b541aa0ec8ecbc8027690}:1544 Route final reply: Query not found!
[2m2026-08-24T06:22:44.921743Z[0m [33m WARN[0m                net-0 ThreadId(14) [2mzenoh::net::routing::dispatcher::queries[0m[2m:[0m Face{1, 40305f7b3f5b541aa0ec8ecbc8027690}:1548 Didn't receive final reply for query Face{2, d1aa1c0db8ee4a52adc3b1e68d42760d}:1548: Timeout(10s)!
[2m2026-08-24T06:22:52.863497Z[0m [33m WARN[0m ThreadId(19) [2mzenoh::net::routing::dispatcher::queries[0m[2m:[0m Face{1, 40305f7b3f5b541aa0ec8ecbc8027690}:1548 Route reply: Query not found!
[2m2026-08-24T06:22:52.863533Z[0m [33m WARN[0m ThreadId(19) [2mzenoh::net::routing::dispatcher::queries[0m[2m:[0m Face{1, 40305f7b3f5b541aa0ec8ecbc8027690}:1548 Route final reply: Query not found!
[2m2026-08-24T06:23:02.959145Z[0m [33m WARN[0m                net-0 ThreadId(14) [2mzenoh::net::routing::dispatcher::queries[0m[2m:[0m Face{1, 40305f7b3f5b541aa0ec8ecbc8027690}:1552 Didn't receive final reply for query Face{2, d1aa1c0db8ee4a52adc3b1e68d42760d}:1552: Timeout(10s)!
[2m2026-08-24T06:23:10.857066Z[0m [33m WARN[0m ThreadId(19) [2mzenoh::net::routing::dispatcher::queries[0m[2m:[0m Face{1, 40305f7b3f5b541aa0ec8ecbc8027690}:1552 Route reply: Query not found!
[2m2026-08-24T06:23:10.857105Z[0m [33m WARN[0m ThreadId(19) [2mzenoh::net::routing::dispatcher::queries[0m[2m:[0m Face{1, 40305f7b3f5b541aa0ec8ecbc8027690}:1552 Route final reply: Query not found!
[2m2026-08-24T06:23:20.918690Z[0m [33m WARN[0m                net-0 ThreadId(14) [2mzenoh::net::routing::dispatcher::queries[0m[2m:[0m Face{1, 40305f7b3f5b541aa0ec8ecbc8027690}:1556 Didn't receive final reply for query Face{2, d1aa1c0db8ee4a52adc3b1e68d42760d}:1556: Timeout(10s)!
[2m2026-08-24T06:23:28.861672Z[0m [33m WARN[0m ThreadId(19) [2mzenoh::net::routing::dispatcher::queries[0m[2m:[0m Face{1, 40305f7b3f5b541aa0ec8ecbc8027690}:1556 Route reply: Query not found!
[2m2026-08-24T06:23:28.861721Z[0m [33m WARN[0m ThreadId(19) [2mzenoh::net::routing::dispatcher::queries[0m[2m:[0m Face{1, 40305f7b3f5b541aa0ec8ecbc8027690}:1556 Route final reply: Query not found!
[2m2026-08-24T06:23:38.898967Z[0m [33m WARN[0m                net-0 ThreadId(14) [2mzenoh::net::routing::dispatcher::queries[0m[2m:[0m Face{1, 40305f7b3f5b541aa0ec8ecbc8027690}:1560 Didn't receive final reply for query Face{2, d1aa1c0db8ee4a52adc3b1e68d42760d}:1560: Timeout(10s)!
[2m2026-08-24T06:23:46.862204Z[0m [33m WARN[0m ThreadId(19) [2mzenoh::net::routing::dispatcher::queries[0m[2m:[0m Face{1, 40305f7b3f5b541aa0ec8ecbc8027690}:1560 Route reply: Query not found!
[2m2026-08-24T06:23:46.862263Z[0m [33m WARN[0m ThreadId(19) [2mzenoh::net::routing::dispatcher::queries[0m[2m:[0m Face{1, 40305f7b3f5b541aa0ec8ecbc8027690}:1560 Route final reply: Query not found!
[2m2026-08-24T06:23:56.973736Z[0m [33m WARN[0m                net-0 ThreadId(14) [2mzenoh::net::routing::dispatcher::queries[0m[2m:[0m Face{1, 40305f7b3f5b541aa0ec8ecbc8027690}:1564 Didn't receive final reply for query Face{2, d1aa1c0db8ee4a52adc3b1e68d42760d}:1564: Timeout(10s)!
[2m2026-08-24T06:24:04.860879Z[0m [33m WARN[0m ThreadId(19) [2mzenoh::net::routing::dispatcher::queries[0m[2m:[0m Face{1, 40305f7b3f5b541aa0ec8ecbc8027690}:1564 Route reply: Query not found!
[2m2026-08-24T06:24:04.860952Z[0m [33m WARN[0m ThreadId(19) [2mzenoh::net::routing::dispatcher::queries[0m[2m:[0m Face{1, 40305f7b3f5b541aa0ec8ecbc8027690}:1564 Route final reply: Query not found!
[2m2026-08-24T06:24:14.944602Z[0m [33m WARN[0m                net-0 ThreadId(14) [2mzenoh::net::routing::dispatcher::queries[0m[2m:[0m Face{1, 40305f7b3f5b541aa0ec8ecbc8027690}:1568 Didn't receive final reply for query Face{2, d1aa1c0db8ee4a52adc3b1e68d42760d}:1568: Timeout(10s)!
[2m2026-08-24T06:24:22.862284Z[0m [33m WARN[0m ThreadId(19) [2mzenoh::net::routing::dispatcher::queries[0m[2m:[0m Face{1, 40305f7b3f5b541aa0ec8ecbc8027690}:1568 Route reply: Query not found!
[2m2026-08-24T06:24:22.862340Z[0m [33m WARN[0m ThreadId(19) [2mzenoh::net::routing::dispatcher::queries[0m[2m:[0m Face{1, 40305f7b3f5b541aa0ec8ecbc8027690}:1568 Route final reply: Query not found!
[2m2026-08-24T06:24:32.905919Z[0m [33m WARN[0m                net-0 ThreadId(14) [2mzenoh::net::routing::dispatcher::queries[0m[2m:[0m Face{1, 40305f7b3f5b541aa0ec8ecbc8027690}:1572 Didn't receive final reply for query Face{2, d1aa1c0db8ee4a52adc3b1e68d42760d}:1572: Timeout(10s)!
[2m2026-08-24T06:24:40.858654Z[0m [33m WARN[0m ThreadId(19) [2mzenoh::net::routing::dispatcher::queries[0m[2m:[0m Face{1, 40305f7b3f5b541aa0ec8ecbc8027690}:1572 Route reply: Query not found!
[2m2026-08-24T06:24:40.858688Z[0m [33m WARN[0m ThreadId(19) [2mzenoh::net::routing::dispatcher::queries[0m[2m:[0m Face{1, 40305f7b3f5b541aa0ec8ecbc8027690}:1572 Route final reply: Query not found!
[2m2026-08-24T06:24:50.978665Z[0m [33m WARN[0m                net-0 ThreadId(14) [2mzenoh::net::routing::dispatcher::queries[0m[2m:[0m Face{1, 40305f7b3f5b541aa0ec8ecbc8027690}:1576 Didn't receive final reply for query Face{2, d1aa1c0db8ee4a52adc3b1e68d42760d}:1576: Timeout(10s)!
[2m2026-08-24T06:24:58.869294Z[0m [33m WARN[0m ThreadId(19) [2mzenoh::net::routing::dispatcher::queries[0m[2m:[0m Face{1, 40305f7b3f5b541aa0ec8ecbc8027690}:1576 Route reply: Query not found!
[2m2026-08-24T06:24:58.869328Z[0m [33m WARN[0m ThreadId(19) [2mzenoh::net::routing::dispatcher::queries[0m[2m:[0m Face{1, 40305f7b3f5b541aa0ec8ecbc8027690}:1576 Route final reply: Query not found!
[2m2026-08-24T06:25:08.956703Z[0m [33m WARN[0m                net-0 ThreadId(14) [2mzenoh::net::routing::dispatcher::queries[0m[2m:[0m Face{1, 40305f7b3f5b541aa0ec8ecbc8027690}:1580 Didn't receive final reply for query Face{2, d1aa1c0db8ee4a52adc3b1e68d42760d}:1580: Timeout(10s)!
[2m2026-08-24T06:25:16.867655Z[0m [33m WARN[0m ThreadId(19) [2mzenoh::net::routing::dispatcher::queries[0m[2m:[0m Face{1, 40305f7b3f5b541aa0ec8ecbc8027690}:1580 Route reply: Query not found!
[2m2026-08-24T06:25:16.867689Z[0m [33m WARN[0m ThreadId(19) [2mzenoh::net::routing::dispatcher::queries[0m[2m:[0m Face{1, 40305f7b3f5b541aa0ec8ecbc8027690}:1580 Route final reply: Query not found!
[2m2026-08-24T06:25:26.917676Z[0m [33m WARN[0m                net-0 ThreadId(14) [2mzenoh::net::routing::dispatcher::queries[0m[2m:[0m Face{1, 40305f7b3f5b541aa0ec8ecbc8027690}:1584 Didn't receive final reply for query Face{2, d1aa1c0db8ee4a52adc3b1e68d42760d}:1584: Timeout(10s)!
[2m2026-08-24T06:25:34.867763Z[0m [33m WARN[0m ThreadId(19) [2mzenoh::net::routing::dispatcher::queries[0m[2m:[0m Face{1, 40305f7b3f5b541aa0ec8ecbc8027690}:1584 Route reply: Query not found!
[2m2026-08-24T06:25:34.867793Z[0m [33m WARN[0m ThreadId(19) [2mzenoh::net::routing::dispatcher::queries[0m[2m:[0m Face{1, 40305f7b3f5b541aa0ec8ecbc8027690}:1584 Route final reply: Query not found!
[2m2026-08-24T06:25:44.988685Z[0m [33m WARN[0m                net-0 ThreadId(14) [2mzenoh::net::routing::dispatcher::queries[0m[2m:[0m Face{1, 40305f7b3f5b541aa0ec8ecbc8027690}:1588 Didn't receive final reply for query Face{2, d1aa1c0db8ee4a52adc3b1e68d42760d}:1588: Timeout(10s)!
[2m2026-08-24T06:25:52.867560Z[0m [33m WARN[0m ThreadId(19) [2mzenoh::net::routing::dispatcher::queries[0m[2m:[0m Face{1, 40305f7b3f5b541aa0ec8ecbc8027690}:1588 Route reply: Query not found!
[2m2026-08-24T06:25:52.867632Z[0m [33m WARN[0m ThreadId(19) [2mzenoh::net::routing::dispatcher::queries[0m[2m:[0m Face{1, 40305f7b3f5b541aa0ec8ecbc8027690}:1588 Route final reply: Query not found!
[2m2026-08-24T06:26:02.968487Z[0m [33m WARN[0m                net-0 ThreadId(14) [2mzenoh::net::routing::dispatcher::queries[0m[2m:[0m Face{1, 40305f7b3f5b541aa0ec8ecbc8027690}:1592 Didn't receive final reply for query Face{2, d1aa1c0db8ee4a52adc3b1e68d42760d}:1592: Timeout(10s)!
[2m2026-08-24T06:26:10.860048Z[0m [33m WARN[0m ThreadId(19) [2mzenoh::net::routing::dispatcher::queries[0m[2m:[0m Face{1, 40305f7b3f5b541aa0ec8ecbc8027690}:1592 Route reply: Query not found!
[2m2026-08-24T06:26:10.860090Z[0m [33m WARN[0m ThreadId(19) [2mzenoh::net::routing::dispatcher::queries[0m[2m:[0m Face{1, 40305f7b3f5b541aa0ec8ecbc8027690}:1592 Route final reply: Query not found!
[2m2026-08-24T06:26:20.961666Z[0m [33m WARN[0m                net-0 ThreadId(14) [2mzenoh::net::routing::dispatcher::queries[0m[2m:[0m Face{1, 40305f7b3f5b541aa0ec8ecbc8027690}:1596 Didn't receive final reply for query Face{2, d1aa1c0db8ee4a52adc3b1e68d42760d}:1596: Timeout(10s)!
[2m2026-08-24T06:26:28.869425Z[0m [33m WARN[0m ThreadId(19) [2mzenoh::net::routing::dispatcher::queries[0m[2m:[0m Face{1, 40305f7b3f5b541aa0ec8ecbc8027690}:1596 Route reply: Query not found!
[2m2026-08-24T06:26:28.869683Z[0m [33m WARN[0m ThreadId(19) [2mzenoh::net::routing::dispatcher::queries[0m[2m:[0m Face{1, 40305f7b3f5b541aa0ec8ecbc8027690}:1596 Route final reply: Query not found!
[2m2026-08-24T06:26:38.928681Z[0m [33m WARN[0m                net-0 ThreadId(14) [2mzenoh::net::routing::dispatcher::queries[0m[2m:[0m Face{1, 40305f7b3f5b541aa0ec8ecbc8027690}:1600 Didn't receive final reply for query Face{2, d1aa1c0db8ee4a52adc3b1e68d42760d}:1600: Timeout(10s)!
[2m2026-08-24T06:26:46.869222Z[0m [33m WARN[0m ThreadId(19) [2mzenoh::net::routing::dispatcher::queries[0m[2m:[0m Face{1, 40305f7b3f5b541aa0ec8ecbc8027690}:1600 Route reply: Query not found!
[2m2026-08-24T06:26:46.869276Z[0m [33m WARN[0m ThreadId(19) [2mzenoh::net::routing::dispatcher::queries[0m[2m:[0m Face{1, 40305f7b3f5b541aa0ec8ecbc8027690}:1600 Route final reply: Query not found!
[2m2026-08-24T06:26:56.984738Z[0m [33m WARN[0m                net-0 ThreadId(14) [2mzenoh::net::routing::dispatcher::queries[0m[2m:[0m Face{1, 40305f7b3f5b541aa0ec8ecbc8027690}:1604 Didn't receive final reply for query Face{2, d1aa1c0db8ee4a52adc3b1e68d42760d}:1604: Timeout(10s)!
[2m2026-08-24T06:27:04.867006Z[0m [33m WARN[0m ThreadId(19) [2mzenoh::net::routing::dispatcher::queries[0m[2m:[0m Face{1, 40305f7b3f5b541aa0ec8ecbc8027690}:1604 Route reply: Query not found!
[2m2026-08-24T06:27:04.867051Z[0m [33m WARN[0m ThreadId(19) [2mzenoh::net::routing::dispatcher::queries[0m[2m:[0m Face{1, 40305f7b3f5b541aa0ec8ecbc8027690}:1604 Route final reply: Query not found!
[2m2026-08-24T06:27:14.977828Z[0m [33m WARN[0m                net-0 ThreadId(14) [2mzenoh::net::routing::dispatcher::queries[0m[2m:[0m Face{1, 40305f7b3f5b541aa0ec8ecbc8027690}:1608 Didn't receive final reply for query Face{2, d1aa1c0db8ee4a52adc3b1e68d42760d}:1608: Timeout(10s)!
[2m2026-08-24T06:27:22.860476Z[0m [33m WARN[0m ThreadId(19) [2mzenoh::net::routing::dispatcher::queries[0m[2m:[0m Face{1, 40305f7b3f5b541aa0ec8ecbc8027690}:1608 Route reply: Query not found!
[2m2026-08-24T06:27:22.860503Z[0m [33m WARN[0m ThreadId(19) [2mzenoh::net::routing::dispatcher::queries[0m[2m:[0m Face{1, 40305f7b3f5b541aa0ec8ecbc8027690}:1608 Route final reply: Query not found!
[2m2026-08-24T06:27:32.956771Z[0m [33m WARN[0m                net-0 ThreadId(14) [2mzenoh::net::routing::dispatcher::queries[0m[2m:[0m Face{1, 40305f7b3f5b541aa0ec8ecbc8027690}:1612 Didn't receive final reply for query Face{2, d1aa1c0db8ee4a52adc3b1e68d42760d}:1612: Timeout(10s)!
[2m2026-08-24T06:27:40.868965Z[0m [33m WARN[0m ThreadId(19) [2mzenoh::net::routing::dispatcher::queries[0m[2m:[0m Face{1, 40305f7b3f5b541aa0ec8ecbc8027690}:1612 Route reply: Query not found!
[2m2026-08-24T06:27:40.869010Z[0m [33m WARN[0m ThreadId(19) [2mzenoh::net::routing::dispatcher::queries[0m[2m:[0m Face{1, 40305f7b3f5b541aa0ec8ecbc8027690}:1612 Route final reply: Query not found!
[2m2026-08-24T06:27:50.931681Z[0m [33m WARN[0m                net-0 ThreadId(14) [2mzenoh::net::routing::dispatcher::queries[0m[2m:[0m Face{1, 40305f7b3f5b541aa0ec8ecbc8027690}:1616 Didn't receive final reply for query Face{2, d1aa1c0db8ee4a52adc3b1e68d42760d}:1616: Timeout(10s)!
[2m2026-08-24T06:27:58.863304Z[0m [33m WARN[0m ThreadId(19) [2mzenoh::net::routing::dispatcher::queries[0m[2m:[0m Face{1, 40305f7b3f5b541aa0ec8ecbc8027690}:1616 Route reply: Query not found!
[2m2026-08-24T06:27:58.863427Z[0m [33m WARN[0m ThreadId(19) [2mzenoh::net::routing::dispatcher::queries[0m[2m:[0m Face{1, 40305f7b3f5b541aa0ec8ecbc8027690}:1616 Route final reply: Query not found!
[2m2026-08-24T06:28:08.908703Z[0m [33m WARN[0m                net-0 ThreadId(14) [2mzenoh::net::routing::dispatcher::queries[0m[2m:[0m Face{1, 40305f7b3f5b541aa0ec8ecbc8027690}:1620 Didn't receive final reply for query Face{2, d1aa1c0db8ee4a52adc3b1e68d42760d}:1620: Timeout(10s)!
[2m2026-08-24T06:28:16.868139Z[0m [33m WARN[0m ThreadId(19) [2mzenoh::net::routing::dispatcher::queries[0m[2m:[0m Face{1, 40305f7b3f5b541aa0ec8ecbc8027690}:1620 Route reply: Query not found!
[2m2026-08-24T06:28:16.868187Z[0m [33m WARN[0m ThreadId(19) [2mzenoh::net::routing::dispatcher::queries[0m[2m:[0m Face{1, 40305f7b3f5b541aa0ec8ecbc8027690}:1620 Route final reply: Query not found!
[2m2026-08-24T06:28:26.970516Z[0m [33m WARN[0m                net-0 ThreadId(14) [2mzenoh::net::routing::dispatcher::queries[0m[2m:[0m Face{1, 40305f7b3f5b541aa0ec8ecbc8027690}:1624 Didn't receive final reply for query Face{2, d1aa1c0db8ee4a52adc3b1e68d42760d}:1624: Timeout(10s)!
[2m2026-08-24T06:28:34.860886Z[0m [33m WARN[0m ThreadId(19) [2mzenoh::net::routing::dispatcher::queries[0m[2m:[0m Face{1, 40305f7b3f5b541aa0ec8ecbc8027690}:1624 Route reply: Query not found!
[2m2026-08-24T06:28:34.860932Z[0m [33m WARN[0m ThreadId(19) [2mzenoh::net::routing::dispatcher::queries[0m[2m:[0m Face{1, 40305f7b3f5b541aa0ec8ecbc8027690}:1624 Route final reply: Query not found!
[2m2026-08-24T06:28:44.967742Z[0m [33m WARN[0m                net-0 ThreadId(14) [2mzenoh::net::routing::dispatcher::queries[0m[2m:[0m Face{1, 40305f7b3f5b541aa0ec8ecbc8027690}:1628 Didn't receive final reply for query Face{2, d1aa1c0db8ee4a52adc3b1e68d42760d}:1628: Timeout(10s)!
[2m2026-08-24T06:28:52.861670Z[0m [33m WARN[0m ThreadId(19) [2mzenoh::net::routing::dispatcher::queries[0m[2m:[0m Face{1, 40305f7b3f5b541aa0ec8ecbc8027690}:1628 Route reply: Query not found!
[2m2026-08-24T06:28:52.861789Z[0m [33m WARN[0m ThreadId(19) [2mzenoh::net::routing::dispatcher::queries[0m[2m:[0m Face{1, 40305f7b3f5b541aa0ec8ecbc8027690}:1628 Route final reply: Query not found!
[2m2026-08-24T06:29:02.952605Z[0m [33m WARN[0m                net-0 ThreadId(14) [2mzenoh::net::routing::dispatcher::queries[0m[2m:[0m Face{1, 40305f7b3f5b541aa0ec8ecbc8027690}:1632 Didn't receive final reply for query Face{2, d1aa1c0db8ee4a52adc3b1e68d42760d}:1632: Timeout(10s)!
[2m2026-08-24T06:29:10.868061Z[0m [33m WARN[0m ThreadId(19) [2mzenoh::net::routing::dispatcher::queries[0m[2m:[0m Face{1, 40305f7b3f5b541aa0ec8ecbc8027690}:1632 Route reply: Query not found!
[2m2026-08-24T06:29:10.868150Z[0m [33m WARN[0m ThreadId(19) [2mzenoh::net::routing::dispatcher::queries[0m[2m:[0m Face{1, 40305f7b3f5b541aa0ec8ecbc8027690}:1632 Route final reply: Query not found!
[2m2026-08-24T06:29:20.992144Z[0m [33m WARN[0m                net-0 ThreadId(14) [2mzenoh::net::routing::dispatcher::queries[0m[2m:[0m Face{1, 40305f7b3f5b541aa0ec8ecbc8027690}:1636 Didn't receive final reply for query Face{2, d1aa1c0db8ee4a52adc3b1e68d42760d}:1636: Timeout(10s)!
[2m2026-08-24T06:29:28.865796Z[0m [33m WARN[0m ThreadId(19) [2mzenoh::net::routing::dispatcher::queries[0m[2m:[0m Face{1, 40305f7b3f5b541aa0ec8ecbc8027690}:1636 Route reply: Query not found!
[2m2026-08-24T06:29:28.865842Z[0m [33m WARN[0m ThreadId(19) [2mzenoh::net::routing::dispatcher::queries[0m[2m:[0m Face{1, 40305f7b3f5b541aa0ec8ecbc8027690}:1636 Route final reply: Query not found!
[2m2026-08-24T06:29:38.973666Z[0m [33m WARN[0m                net-0 ThreadId(14) [2mzenoh::net::routing::dispatcher::queries[0m[2m:[0m Face{1, 40305f7b3f5b541aa0ec8ecbc8027690}:1640 Didn't receive final reply for query Face{2, d1aa1c0db8ee4a52adc3b1e68d42760d}:1640: Timeout(10s)!
[2m2026-08-24T06:29:46.866024Z[0m [33m WARN[0m ThreadId(19) [2mzenoh::net::routing::dispatcher::queries[0m[2m:[0m Face{1, 40305f7b3f5b541aa0ec8ecbc8027690}:1640 Route reply: Query not found!
[2m2026-08-24T06:29:46.866069Z[0m [33m WARN[0m ThreadId(19) [2mzenoh::net::routing::dispatcher::queries[0m[2m:[0m Face{1, 40305f7b3f5b541aa0ec8ecbc8027690}:1640 Route final reply: Query not found!
[2m2026-08-24T06:29:56.959406Z[0m [33m WARN[0m                net-0 ThreadId(14) [2mzenoh::net::routing::dispatcher::queries[0m[2m:[0m Face{1, 40305f7b3f5b541aa0ec8ecbc8027690}:1644 Didn't receive final reply for query Face{2, d1aa1c0db8ee4a52adc3b1e68d42760d}:1644: Timeout(10s)!
[2m2026-08-24T06:30:04.862874Z[0m [33m WARN[0m ThreadId(19) [2mzenoh::net::routing::dispatcher::queries[0m[2m:[0m Face{1, 40305f7b3f5b541aa0ec8ecbc8027690}:1644 Route reply: Query not found!
[2m2026-08-24T06:30:04.862920Z[0m [33m WARN[0m ThreadId(19) [2mzenoh::net::routing::dispatcher::queries[0m[2m:[0m Face{1, 40305f7b3f5b541aa0ec8ecbc8027690}:1644 Route final reply: Query not found!
[2m2026-08-24T06:30:14.914670Z[0m [33m WARN[0m                net-0 ThreadId(14) [2mzenoh::net::routing::dispatcher::queries[0m[2m:[0m Face{1, 40305f7b3f5b541aa0ec8ecbc8027690}:1648 Didn't receive final reply for query Face{2, d1aa1c0db8ee4a52adc3b1e68d42760d}:1648: Timeout(10s)!
[2m2026-08-24T06:30:22.864206Z[0m [33m WARN[0m ThreadId(19) [2mzenoh::net::routing::dispatcher::queries[0m[2m:[0m Face{1, 40305f7b3f5b541aa0ec8ecbc8027690}:1648 Route reply: Query not found!
[2m2026-08-24T06:30:22.864259Z[0m [33m WARN[0m ThreadId(19) [2mzenoh::net::routing::dispatcher::queries[0m[2m:[0m Face{1, 40305f7b3f5b541aa0ec8ecbc8027690}:1648 Route final reply: Query not found!
[2m2026-08-24T06:30:32.982719Z[0m [33m WARN[0m                net-0 ThreadId(14) [2mzenoh::net::routing::dispatcher::queries[0m[2m:[0m Face{1, 40305f7b3f5b541aa0ec8ecbc8027690}:1652 Didn't receive final reply for query Face{2, d1aa1c0db8ee4a52adc3b1e68d42760d}:1652: Timeout(10s)!
[2m2026-08-24T06:30:40.863450Z[0m [33m WARN[0m ThreadId(19) [2mzenoh::net::routing::dispatcher::queries[0m[2m:[0m Face{1, 40305f7b3f5b541aa0ec8ecbc8027690}:1652 Route reply: Query not found!
[2m2026-08-24T06:30:40.863501Z[0m [33m WARN[0m ThreadId(19) [2mzenoh::net::routing::dispatcher::queries[0m[2m:[0m Face{1, 40305f7b3f5b541aa0ec8ecbc8027690}:1652 Route final reply: Query not found!
[2m2026-08-24T06:30:51.045677Z[0m [33m WARN[0m                net-0 ThreadId(14) [2mzenoh::net::routing::dispatcher::queries[0m[2m:[0m Face{1, 40305f7b3f5b541aa0ec8ecbc8027690}:1656 Didn't receive final reply for query Face{2, d1aa1c0db8ee4a52adc3b1e68d42760d}:1656: Timeout(10s)!
[2m2026-08-24T06:30:58.864310Z[0m [33m WARN[0m ThreadId(19) [2mzenoh::net::routing::dispatcher::queries[0m[2m:[0m Face{1, 40305f7b3f5b541aa0ec8ecbc8027690}:1656 Route reply: Query not found!
[2m2026-08-24T06:30:58.864383Z[0m [33m WARN[0m ThreadId(19) [2mzenoh::net::routing::dispatcher::queries[0m[2m:[0m Face{1, 40305f7b3f5b541aa0ec8ecbc8027690}:1656 Route final reply: Query not found!
[2m2026-08-24T06:31:08.952017Z[0m [33m WARN[0m                net-0 ThreadId(14) [2mzenoh::net::routing::dispatcher::queries[0m[2m:[0m Face{1, 40305f7b3f5b541aa0ec8ecbc8027690}:1660 Didn't receive final reply for query Face{2, d1aa1c0db8ee4a52adc3b1e68d42760d}:1660: Timeout(10s)!
[2m2026-08-24T06:31:16.867604Z[0m [33m WARN[0m ThreadId(19) [2mzenoh::net::routing::dispatcher::queries[0m[2m:[0m Face{1, 40305f7b3f5b541aa0ec8ecbc8027690}:1660 Route reply: Query not found!
[2m2026-08-24T06:31:16.867658Z[0m [33m WARN[0m ThreadId(19) [2mzenoh::net::routing::dispatcher::queries[0m[2m:[0m Face{1, 40305f7b3f5b541aa0ec8ecbc8027690}:1660 Route final reply: Query not found!
[2m2026-08-24T06:31:26.957949Z[0m [33m WARN[0m                net-0 ThreadId(14) [2mzenoh::net::routing::dispatcher::queries[0m[2m:[0m Face{1, 40305f7b3f5b541aa0ec8ecbc8027690}:1664 Didn't receive final reply for query Face{2, d1aa1c0db8ee4a52adc3b1e68d42760d}:1664: Timeout(10s)!
[2m2026-08-24T06:31:34.860363Z[0m [33m WARN[0m ThreadId(19) [2mzenoh::net::routing::dispatcher::queries[0m[2m:[0m Face{1, 40305f7b3f5b541aa0ec8ecbc8027690}:1664 Route reply: Query not found!
[2m2026-08-24T06:31:34.860414Z[0m [33m WARN[0m ThreadId(19) [2mzenoh::net::routing::dispatcher::queries[0m[2m:[0m Face{1, 40305f7b3f5b541aa0ec8ecbc8027690}:1664 Route final reply: Query not found!
[2m2026-08-24T06:31:44.922743Z[0m [33m WARN[0m                net-0 ThreadId(14) [2mzenoh::net::routing::dispatcher::queries[0m[2m:[0m Face{1, 40305f7b3f5b541aa0ec8ecbc8027690}:1668 Didn't receive final reply for query Face{2, d1aa1c0db8ee4a52adc3b1e68d42760d}:1668: Timeout(10s)!
[2m2026-08-24T06:31:52.864679Z[0m [33m WARN[0m ThreadId(19) [2mzenoh::net::routing::dispatcher::queries[0m[2m:[0m Face{1, 40305f7b3f5b541aa0ec8ecbc8027690}:1668 Route reply: Query not found!
[2m2026-08-24T06:31:52.864743Z[0m [33m WARN[0m ThreadId(19) [2mzenoh::net::routing::dispatcher::queries[0m[2m:[0m Face{1, 40305f7b3f5b541aa0ec8ecbc8027690}:1668 Route final reply: Query not found!
[2m2026-08-24T06:32:02.899775Z[0m [33m WARN[0m                net-0 ThreadId(14) [2mzenoh::net::routing::dispatcher::queries[0m[2m:[0m Face{1, 40305f7b3f5b541aa0ec8ecbc8027690}:1672 Didn't receive final reply for query Face{2, d1aa1c0db8ee4a52adc3b1e68d42760d}:1672: Timeout(10s)!
[2m2026-08-24T06:32:10.861790Z[0m [33m WARN[0m ThreadId(19) [2mzenoh::net::routing::dispatcher::queries[0m[2m:[0m Face{1, 40305f7b3f5b541aa0ec8ecbc8027690}:1672 Route reply: Query not found!
[2m2026-08-24T06:32:10.861833Z[0m [33m WARN[0m ThreadId(19) [2mzenoh::net::routing::dispatcher::queries[0m[2m:[0m Face{1, 40305f7b3f5b541aa0ec8ecbc8027690}:1672 Route final reply: Query not found!
[2m2026-08-24T06:32:20.961702Z[0m [33m WARN[0m                net-0 ThreadId(14) [2mzenoh::net::routing::dispatcher::queries[0m[2m:[0m Face{1, 40305f7b3f5b541aa0ec8ecbc8027690}:1676 Didn't receive final reply for query Face{2, d1aa1c0db8ee4a52adc3b1e68d42760d}:1676: Timeout(10s)!
[2m2026-08-24T06:32:28.866215Z[0m [33m WARN[0m ThreadId(19) [2mzenoh::net::routing::dispatcher::queries[0m[2m:[0m Face{1, 40305f7b3f5b541aa0ec8ecbc8027690}:1676 Route reply: Query not found!
[2m2026-08-24T06:32:28.866261Z[0m [33m WARN[0m ThreadId(19) [2mzenoh::net::routing::dispatcher::queries[0m[2m:[0m Face{1, 40305f7b3f5b541aa0ec8ecbc8027690}:1676 Route final reply: Query not found!
[2m2026-08-24T06:32:38.959690Z[0m [33m WARN[0m                net-0 ThreadId(14) [2mzenoh::net::routing::dispatcher::queries[0m[2m:[0m Face{1, 40305f7b3f5b541aa0ec8ecbc8027690}:1680 Didn't receive final reply for query Face{2, d1aa1c0db8ee4a52adc3b1e68d42760d}:1680: Timeout(10s)!
[2m2026-08-24T06:32:46.862259Z[0m [33m WARN[0m ThreadId(19) [2mzenoh::net::routing::dispatcher::queries[0m[2m:[0m Face{1, 40305f7b3f5b541aa0ec8ecbc8027690}:1680 Route reply: Query not found!
[2m2026-08-24T06:32:46.862579Z[0m [33m WARN[0m ThreadId(19) [2mzenoh::net::routing::dispatcher::queries[0m[2m:[0m Face{1, 40305f7b3f5b541aa0ec8ecbc8027690}:1680 Route final reply: Query not found!
[2m2026-08-24T06:32:56.900162Z[0m [33m WARN[0m                net-0 ThreadId(14) [2mzenoh::net::routing::dispatcher::queries[0m[2m:[0m Face{1, 40305f7b3f5b541aa0ec8ecbc8027690}:1684 Didn't receive final reply for query Face{2, d1aa1c0db8ee4a52adc3b1e68d42760d}:1684: Timeout(10s)!
[2m2026-08-24T06:33:04.860537Z[0m [33m WARN[0m ThreadId(19) [2mzenoh::net::routing::dispatcher::queries[0m[2m:[0m Face{1, 40305f7b3f5b541aa0ec8ecbc8027690}:1684 Route reply: Query not found!
[2m2026-08-24T06:33:04.860577Z[0m [33m WARN[0m ThreadId(19) [2mzenoh::net::routing::dispatcher::queries[0m[2m:[0m Face{1, 40305f7b3f5b541aa0ec8ecbc8027690}:1684 Route final reply: Query not found!
[2m2026-08-24T06:33:14.951677Z[0m [33m WARN[0m                net-0 ThreadId(14) [2mzenoh::net::routing::dispatcher::queries[0m[2m:[0m Face{1, 40305f7b3f5b541aa0ec8ecbc8027690}:1688 Didn't receive final reply for query Face{2, d1aa1c0db8ee4a52adc3b1e68d42760d}:1688: Timeout(10s)!
[2m2026-08-24T06:33:22.867098Z[0m [33m WARN[0m ThreadId(19) [2mzenoh::net::routing::dispatcher::queries[0m[2m:[0m Face{1, 40305f7b3f5b541aa0ec8ecbc8027690}:1688 Route reply: Query not found!
[2m2026-08-24T06:33:22.867144Z[0m [33m WARN[0m ThreadId(19) [2mzenoh::net::routing::dispatcher::queries[0m[2m:[0m Face{1, 40305f7b3f5b541aa0ec8ecbc8027690}:1688 Route final reply: Query not found!
[2m2026-08-24T06:33:32.922698Z[0m [33m WARN[0m                net-0 ThreadId(14) [2mzenoh::net::routing::dispatcher::queries[0m[2m:[0m Face{1, 40305f7b3f5b541aa0ec8ecbc8027690}:1692 Didn't receive final reply for query Face{2, d1aa1c0db8ee4a52adc3b1e68d42760d}:1692: Timeout(10s)!
[2m2026-08-24T06:33:40.864375Z[0m [33m WARN[0m ThreadId(19) [2mzenoh::net::routing::dispatcher::queries[0m[2m:[0m Face{1, 40305f7b3f5b541aa0ec8ecbc8027690}:1692 Route reply: Query not found!
[2m2026-08-24T06:33:40.864421Z[0m [33m WARN[0m ThreadId(19) [2mzenoh::net::routing::dispatcher::queries[0m[2m:[0m Face{1, 40305f7b3f5b541aa0ec8ecbc8027690}:1692 Route final reply: Query not found!
[2m2026-08-24T06:33:50.899709Z[0m [33m WARN[0m                net-0 ThreadId(14) [2mzenoh::net::routing::dispatcher::queries[0m[2m:[0m Face{1, 40305f7b3f5b541aa0ec8ecbc8027690}:1696 Didn't receive final reply for query Face{2, d1aa1c0db8ee4a52adc3b1e68d42760d}:1696: Timeout(10s)!
[2m2026-08-24T06:33:58.860493Z[0m [33m WARN[0m ThreadId(19) [2mzenoh::net::routing::dispatcher::queries[0m[2m:[0m Face{1, 40305f7b3f5b541aa0ec8ecbc8027690}:1696 Route reply: Query not found!
[2m2026-08-24T06:33:58.860528Z[0m [33m WARN[0m ThreadId(19) [2mzenoh::net::routing::dispatcher::queries[0m[2m:[0m Face{1, 40305f7b3f5b541aa0ec8ecbc8027690}:1696 Route final reply: Query not found!
[2m2026-08-24T06:34:08.953695Z[0m [33m WARN[0m                net-0 ThreadId(14) [2mzenoh::net::routing::dispatcher::queries[0m[2m:[0m Face{1, 40305f7b3f5b541aa0ec8ecbc8027690}:1700 Didn't receive final reply for query Face{2, d1aa1c0db8ee4a52adc3b1e68d42760d}:1700: Timeout(10s)!
[2m2026-08-24T06:34:16.859153Z[0m [33m WARN[0m ThreadId(19) [2mzenoh::net::routing::dispatcher::queries[0m[2m:[0m Face{1, 40305f7b3f5b541aa0ec8ecbc8027690}:1700 Route reply: Query not found!
[2m2026-08-24T06:34:16.859204Z[0m [33m WARN[0m ThreadId(19) [2mzenoh::net::routing::dispatcher::queries[0m[2m:[0m Face{1, 40305f7b3f5b541aa0ec8ecbc8027690}:1700 Route final reply: Query not found!
[2m2026-08-24T06:34:26.943087Z[0m [33m WARN[0m                net-0 ThreadId(14) [2mzenoh::net::routing::dispatcher::queries[0m[2m:[0m Face{1, 40305f7b3f5b541aa0ec8ecbc8027690}:1704 Didn't receive final reply for query Face{2, d1aa1c0db8ee4a52adc3b1e68d42760d}:1704: Timeout(10s)!
[2m2026-08-24T06:34:34.862474Z[0m [33m WARN[0m ThreadId(19) [2mzenoh::net::routing::dispatcher::queries[0m[2m:[0m Face{1, 40305f7b3f5b541aa0ec8ecbc8027690}:1704 Route reply: Query not found!
[2m2026-08-24T06:34:34.862533Z[0m [33m WARN[0m ThreadId(19) [2mzenoh::net::routing::dispatcher::queries[0m[2m:[0m Face{1, 40305f7b3f5b541aa0ec8ecbc8027690}:1704 Route final reply: Query not found!
[2m2026-08-24T06:34:44.910765Z[0m [33m WARN[0m                net-0 ThreadId(14) [2mzenoh::net::routing::dispatcher::queries[0m[2m:[0m Face{1, 40305f7b3f5b541aa0ec8ecbc8027690}:1708 Didn't receive final reply for query Face{2, d1aa1c0db8ee4a52adc3b1e68d42760d}:1708: Timeout(10s)!
[2m2026-08-24T06:34:52.869791Z[0m [33m WARN[0m ThreadId(19) [2mzenoh::net::routing::dispatcher::queries[0m[2m:[0m Face{1, 40305f7b3f5b541aa0ec8ecbc8027690}:1708 Route reply: Query not found!
[2m2026-08-24T06:34:52.869870Z[0m [33m WARN[0m ThreadId(19) [2mzenoh::net::routing::dispatcher::queries[0m[2m:[0m Face{1, 40305f7b3f5b541aa0ec8ecbc8027690}:1708 Route final reply: Query not found!
[2m2026-08-24T06:35:02.987687Z[0m [33m WARN[0m                net-0 ThreadId(14) [2mzenoh::net::routing::dispatcher::queries[0m[2m:[0m Face{1, 40305f7b3f5b541aa0ec8ecbc8027690}:1712 Didn't receive final reply for query Face{2, d1aa1c0db8ee4a52adc3b1e68d42760d}:1712: Timeout(10s)!
[2m2026-08-24T06:35:10.866431Z[0m [33m WARN[0m ThreadId(19) [2mzenoh::net::routing::dispatcher::queries[0m[2m:[0m Face{1, 40305f7b3f5b541aa0ec8ecbc8027690}:1712 Route reply: Query not found!
[2m2026-08-24T06:35:10.866501Z[0m [33m WARN[0m ThreadId(19) [2mzenoh::net::routing::dispatcher::queries[0m[2m:[0m Face{1, 40305f7b3f5b541aa0ec8ecbc8027690}:1712 Route final reply: Query not found!
[2m2026-08-24T06:35:20.974883Z[0m [33m WARN[0m                net-0 ThreadId(14) [2mzenoh::net::routing::dispatcher::queries[0m[2m:[0m Face{1, 40305f7b3f5b541aa0ec8ecbc8027690}:1716 Didn't receive final reply for query Face{2, d1aa1c0db8ee4a52adc3b1e68d42760d}:1716: Timeout(10s)!
[2m2026-08-24T06:35:28.867401Z[0m [33m WARN[0m ThreadId(19) [2mzenoh::net::routing::dispatcher::queries[0m[2m:[0m Face{1, 40305f7b3f5b541aa0ec8ecbc8027690}:1716 Route reply: Query not found!
[2m2026-08-24T06:35:28.867454Z[0m [33m WARN[0m ThreadId(19) [2mzenoh::net::routing::dispatcher::queries[0m[2m:[0m Face{1, 40305f7b3f5b541aa0ec8ecbc8027690}:1716 Route final reply: Query not found!
[2m2026-08-24T06:35:38.952704Z[0m [33m WARN[0m                net-0 ThreadId(14) [2mzenoh::net::routing::dispatcher::queries[0m[2m:[0m Face{1, 40305f7b3f5b541aa0ec8ecbc8027690}:1720 Didn't receive final reply for query Face{2, d1aa1c0db8ee4a52adc3b1e68d42760d}:1720: Timeout(10s)!
[2m2026-08-24T06:35:46.861239Z[0m [33m WARN[0m ThreadId(19) [2mzenoh::net::routing::dispatcher::queries[0m[2m:[0m Face{1, 40305f7b3f5b541aa0ec8ecbc8027690}:1720 Route reply: Query not found!
[2m2026-08-24T06:35:46.861275Z[0m [33m WARN[0m ThreadId(19) [2mzenoh::net::routing::dispatcher::queries[0m[2m:[0m Face{1, 40305f7b3f5b541aa0ec8ecbc8027690}:1720 Route final reply: Query not found!
[2m2026-08-24T06:35:56.934878Z[0m [33m WARN[0m                net-0 ThreadId(14) [2mzenoh::net::routing::dispatcher::queries[0m[2m:[0m Face{1, 40305f7b3f5b541aa0ec8ecbc8027690}:1724 Didn't receive final reply for query Face{2, d1aa1c0db8ee4a52adc3b1e68d42760d}:1724: Timeout(10s)!
[2m2026-08-24T06:36:04.874155Z[0m [33m WARN[0m ThreadId(19) [2mzenoh::net::routing::dispatcher::queries[0m[2m:[0m Face{1, 40305f7b3f5b541aa0ec8ecbc8027690}:1724 Route reply: Query not found!
[2m2026-08-24T06:36:04.874219Z[0m [33m WARN[0m ThreadId(19) [2mzenoh::net::routing::dispatcher::queries[0m[2m:[0m Face{1, 40305f7b3f5b541aa0ec8ecbc8027690}:1724 Route final reply: Query not found!
[2m2026-08-24T06:36:15.007599Z[0m [33m WARN[0m                net-0 ThreadId(14) [2mzenoh::net::routing::dispatcher::queries[0m[2m:[0m Face{1, 40305f7b3f5b541aa0ec8ecbc8027690}:1728 Didn't receive final reply for query Face{2, d1aa1c0db8ee4a52adc3b1e68d42760d}:1728: Timeout(10s)!
[2m2026-08-24T06:36:22.865343Z[0m [33m WARN[0m ThreadId(19) [2mzenoh::net::routing::dispatcher::queries[0m[2m:[0m Face{1, 40305f7b3f5b541aa0ec8ecbc8027690}:1728 Route reply: Query not found!
[2m2026-08-24T06:36:22.865398Z[0m [33m WARN[0m ThreadId(19) [2mzenoh::net::routing::dispatcher::queries[0m[2m:[0m Face{1, 40305f7b3f5b541aa0ec8ecbc8027690}:1728 Route final reply: Query not found!
[2m2026-08-24T06:36:32.984811Z[0m [33m WARN[0m                net-0 ThreadId(14) [2mzenoh::net::routing::dispatcher::queries[0m[2m:[0m Face{1, 40305f7b3f5b541aa0ec8ecbc8027690}:1732 Didn't receive final reply for query Face{2, d1aa1c0db8ee4a52adc3b1e68d42760d}:1732: Timeout(10s)!
[2m2026-08-24T06:36:40.867605Z[0m [33m WARN[0m ThreadId(19) [2mzenoh::net::routing::dispatcher::queries[0m[2m:[0m Face{1, 40305f7b3f5b541aa0ec8ecbc8027690}:1732 Route reply: Query not found!
[2m2026-08-24T06:36:40.867653Z[0m [33m WARN[0m ThreadId(19) [2mzenoh::net::routing::dispatcher::queries[0m[2m:[0m Face{1, 40305f7b3f5b541aa0ec8ecbc8027690}:1732 Route final reply: Query not found!
[2m2026-08-24T06:36:50.964675Z[0m [33m WARN[0m                net-0 ThreadId(14) [2mzenoh::net::routing::dispatcher::queries[0m[2m:[0m Face{1, 40305f7b3f5b541aa0ec8ecbc8027690}:1736 Didn't receive final reply for query Face{2, d1aa1c0db8ee4a52adc3b1e68d42760d}:1736: Timeout(10s)!
[2m2026-08-24T06:36:58.860890Z[0m [33m WARN[0m ThreadId(19) [2mzenoh::net::routing::dispatcher::queries[0m[2m:[0m Face{1, 40305f7b3f5b541aa0ec8ecbc8027690}:1736 Route reply: Query not found!
[2m2026-08-24T06:36:58.860930Z[0m [33m WARN[0m ThreadId(19) [2mzenoh::net::routing::dispatcher::queries[0m[2m:[0m Face{1, 40305f7b3f5b541aa0ec8ecbc8027690}:1736 Route final reply: Query not found!
[2m2026-08-24T06:37:08.924809Z[0m [33m WARN[0m                net-0 ThreadId(14) [2mzenoh::net::routing::dispatcher::queries[0m[2m:[0m Face{1, 40305f7b3f5b541aa0ec8ecbc8027690}:1740 Didn't receive final reply for query Face{2, d1aa1c0db8ee4a52adc3b1e68d42760d}:1740: Timeout(10s)!
[2m2026-08-24T06:37:16.869715Z[0m [33m WARN[0m ThreadId(19) [2mzenoh::net::routing::dispatcher::queries[0m[2m:[0m Face{1, 40305f7b3f5b541aa0ec8ecbc8027690}:1740 Route reply: Query not found!
[2m2026-08-24T06:37:16.869752Z[0m [33m WARN[0m ThreadId(19) [2mzenoh::net::routing::dispatcher::queries[0m[2m:[0m Face{1, 40305f7b3f5b541aa0ec8ecbc8027690}:1740 Route final reply: Query not found!
[2m2026-08-24T06:37:26.917829Z[0m [33m WARN[0m                net-0 ThreadId(14) [2mzenoh::net::routing::dispatcher::queries[0m[2m:[0m Face{1, 40305f7b3f5b541aa0ec8ecbc8027690}:1744 Didn't receive final reply for query Face{2, d1aa1c0db8ee4a52adc3b1e68d42760d}:1744: Timeout(10s)!
[2m2026-08-24T06:37:34.868904Z[0m [33m WARN[0m ThreadId(19) [2mzenoh::net::routing::dispatcher::queries[0m[2m:[0m Face{1, 40305f7b3f5b541aa0ec8ecbc8027690}:1744 Route reply: Query not found!
[2m2026-08-24T06:37:34.868935Z[0m [33m WARN[0m ThreadId(19) [2mzenoh::net::routing::dispatcher::queries[0m[2m:[0m Face{1, 40305f7b3f5b541aa0ec8ecbc8027690}:1744 Route final reply: Query not found!
[2m2026-08-24T06:37:44.929255Z[0m [33m WARN[0m                net-0 ThreadId(14) [2mzenoh::net::routing::dispatcher::queries[0m[2m:[0m Face{1, 40305f7b3f5b541aa0ec8ecbc8027690}:1748 Didn't receive final reply for query Face{2, d1aa1c0db8ee4a52adc3b1e68d42760d}:1748: Timeout(10s)!
[2m2026-08-24T06:37:52.861647Z[0m [33m WARN[0m ThreadId(19) [2mzenoh::net::routing::dispatcher::queries[0m[2m:[0m Face{1, 40305f7b3f5b541aa0ec8ecbc8027690}:1748 Route reply: Query not found!
[2m2026-08-24T06:37:52.861696Z[0m [33m WARN[0m ThreadId(19) [2mzenoh::net::routing::dispatcher::queries[0m[2m:[0m Face{1, 40305f7b3f5b541aa0ec8ecbc8027690}:1748 Route final reply: Query not found!
[2m2026-08-24T06:38:02.894683Z[0m [33m WARN[0m                net-0 ThreadId(14) [2mzenoh::net::routing::dispatcher::queries[0m[2m:[0m Face{1, 40305f7b3f5b541aa0ec8ecbc8027690}:1752 Didn't receive final reply for query Face{2, d1aa1c0db8ee4a52adc3b1e68d42760d}:1752: Timeout(10s)!
[2m2026-08-24T06:38:10.867988Z[0m [33m WARN[0m ThreadId(19) [2mzenoh::net::routing::dispatcher::queries[0m[2m:[0m Face{1, 40305f7b3f5b541aa0ec8ecbc8027690}:1752 Route reply: Query not found!
[2m2026-08-24T06:38:10.868017Z[0m [33m WARN[0m ThreadId(19) [2mzenoh::net::routing::dispatcher::queries[0m[2m:[0m Face{1, 40305f7b3f5b541aa0ec8ecbc8027690}:1752 Route final reply: Query not found!
[2m2026-08-24T06:38:20.964128Z[0m [33m WARN[0m                net-0 ThreadId(14) [2mzenoh::net::routing::dispatcher::queries[0m[2m:[0m Face{1, 40305f7b3f5b541aa0ec8ecbc8027690}:1756 Didn't receive final reply for query Face{2, d1aa1c0db8ee4a52adc3b1e68d42760d}:1756: Timeout(10s)!
[2m2026-08-24T06:38:28.863623Z[0m [33m WARN[0m ThreadId(19) [2mzenoh::net::routing::dispatcher::queries[0m[2m:[0m Face{1, 40305f7b3f5b541aa0ec8ecbc8027690}:1756 Route reply: Query not found!
[2m2026-08-24T06:38:28.863668Z[0m [33m WARN[0m ThreadId(19) [2mzenoh::net::routing::dispatcher::queries[0m[2m:[0m Face{1, 40305f7b3f5b541aa0ec8ecbc8027690}:1756 Route final reply: Query not found!
[2m2026-08-24T06:38:38.934696Z[0m [33m WARN[0m                net-0 ThreadId(14) [2mzenoh::net::routing::dispatcher::queries[0m[2m:[0m Face{1, 40305f7b3f5b541aa0ec8ecbc8027690}:1760 Didn't receive final reply for query Face{2, d1aa1c0db8ee4a52adc3b1e68d42760d}:1760: Timeout(10s)!
[2m2026-08-24T06:38:46.860521Z[0m [33m WARN[0m ThreadId(19) [2mzenoh::net::routing::dispatcher::queries[0m[2m:[0m Face{1, 40305f7b3f5b541aa0ec8ecbc8027690}:1760 Route reply: Query not found!
[2m2026-08-24T06:38:46.860567Z[0m [33m WARN[0m ThreadId(19) [2mzenoh::net::routing::dispatcher::queries[0m[2m:[0m Face{1, 40305f7b3f5b541aa0ec8ecbc8027690}:1760 Route final reply: Query not found!
[2m2026-08-24T06:38:56.913868Z[0m [33m WARN[0m                net-0 ThreadId(14) [2mzenoh::net::routing::dispatcher::queries[0m[2m:[0m Face{1, 40305f7b3f5b541aa0ec8ecbc8027690}:1764 Didn't receive final reply for query Face{2, d1aa1c0db8ee4a52adc3b1e68d42760d}:1764: Timeout(10s)!
[2m2026-08-24T06:39:04.867960Z[0m [33m WARN[0m ThreadId(19) [2mzenoh::net::routing::dispatcher::queries[0m[2m:[0m Face{1, 40305f7b3f5b541aa0ec8ecbc8027690}:1764 Route reply: Query not found!
[2m2026-08-24T06:39:04.868009Z[0m [33m WARN[0m ThreadId(19) [2mzenoh::net::routing::dispatcher::queries[0m[2m:[0m Face{1, 40305f7b3f5b541aa0ec8ecbc8027690}:1764 Route final reply: Query not found!
[2m2026-08-24T06:39:14.977717Z[0m [33m WARN[0m                net-0 ThreadId(14) [2mzenoh::net::routing::dispatcher::queries[0m[2m:[0m Face{1, 40305f7b3f5b541aa0ec8ecbc8027690}:1768 Didn't receive final reply for query Face{2, d1aa1c0db8ee4a52adc3b1e68d42760d}:1768: Timeout(10s)!
[2m2026-08-24T06:39:22.860501Z[0m [33m WARN[0m ThreadId(19) [2mzenoh::net::routing::dispatcher::queries[0m[2m:[0m Face{1, 40305f7b3f5b541aa0ec8ecbc8027690}:1768 Route reply: Query not found!
[2m2026-08-24T06:39:22.860556Z[0m [33m WARN[0m ThreadId(19) [2mzenoh::net::routing::dispatcher::queries[0m[2m:[0m Face{1, 40305f7b3f5b541aa0ec8ecbc8027690}:1768 Route final reply: Query not found!
[2m2026-08-24T06:39:32.961614Z[0m [33m WARN[0m                net-0 ThreadId(14) [2mzenoh::net::routing::dispatcher::queries[0m[2m:[0m Face{1, 40305f7b3f5b541aa0ec8ecbc8027690}:1772 Didn't receive final reply for query Face{2, d1aa1c0db8ee4a52adc3b1e68d42760d}:1772: Timeout(10s)!
[2m2026-08-24T06:39:40.860654Z[0m [33m WARN[0m ThreadId(19) [2mzenoh::net::routing::dispatcher::queries[0m[2m:[0m Face{1, 40305f7b3f5b541aa0ec8ecbc8027690}:1772 Route reply: Query not found!
[2m2026-08-24T06:39:40.860699Z[0m [33m WARN[0m ThreadId(19) [2mzenoh::net::routing::dispatcher::queries[0m[2m:[0m Face{1, 40305f7b3f5b541aa0ec8ecbc8027690}:1772 Route final reply: Query not found!
[2m2026-08-24T06:39:50.919472Z[0m [33m WARN[0m                net-0 ThreadId(14) [2mzenoh::net::routing::dispatcher::queries[0m[2m:[0m Face{1, 40305f7b3f5b541aa0ec8ecbc8027690}:1776 Didn't receive final reply for query Face{2, d1aa1c0db8ee4a52adc3b1e68d42760d}:1776: Timeout(10s)!
[2m2026-08-24T06:39:58.860661Z[0m [33m WARN[0m ThreadId(19) [2mzenoh::net::routing::dispatcher::queries[0m[2m:[0m Face{1, 40305f7b3f5b541aa0ec8ecbc8027690}:1776 Route reply: Query not found!
[2m2026-08-24T06:39:58.860700Z[0m [33m WARN[0m ThreadId(19) [2mzenoh::net::routing::dispatcher::queries[0m[2m:[0m Face{1, 40305f7b3f5b541aa0ec8ecbc8027690}:1776 Route final reply: Query not found!
[2m2026-08-24T06:40:08.904687Z[0m [33m WARN[0m                net-0 ThreadId(14) [2mzenoh::net::routing::dispatcher::queries[0m[2m:[0m Face{1, 40305f7b3f5b541aa0ec8ecbc8027690}:1780 Didn't receive final reply for query Face{2, d1aa1c0db8ee4a52adc3b1e68d42760d}:1780: Timeout(10s)!
[2m2026-08-24T06:40:16.862086Z[0m [33m WARN[0m ThreadId(19) [2mzenoh::net::routing::dispatcher::queries[0m[2m:[0m Face{1, 40305f7b3f5b541aa0ec8ecbc8027690}:1780 Route reply: Query not found!
[2m2026-08-24T06:40:16.862126Z[0m [33m WARN[0m ThreadId(19) [2mzenoh::net::routing::dispatcher::queries[0m[2m:[0m Face{1, 40305f7b3f5b541aa0ec8ecbc8027690}:1780 Route final reply: Query not found!
[2m2026-08-24T06:40:26.985003Z[0m [33m WARN[0m                net-0 ThreadId(14) [2mzenoh::net::routing::dispatcher::queries[0m[2m:[0m Face{1, 40305f7b3f5b541aa0ec8ecbc8027690}:1784 Didn't receive final reply for query Face{2, d1aa1c0db8ee4a52adc3b1e68d42760d}:1784: Timeout(10s)!
[2m2026-08-24T06:40:34.859499Z[0m [33m WARN[0m ThreadId(19) [2mzenoh::net::routing::dispatcher::queries[0m[2m:[0m Face{1, 40305f7b3f5b541aa0ec8ecbc8027690}:1784 Route reply: Query not found!
[2m2026-08-24T06:40:34.859554Z[0m [33m WARN[0m ThreadId(19) [2mzenoh::net::routing::dispatcher::queries[0m[2m:[0m Face{1, 40305f7b3f5b541aa0ec8ecbc8027690}:1784 Route final reply: Query not found!
[2m2026-08-24T06:40:44.945683Z[0m [33m WARN[0m                net-0 ThreadId(14) [2mzenoh::net::routing::dispatcher::queries[0m[2m:[0m Face{1, 40305f7b3f5b541aa0ec8ecbc8027690}:1788 Didn't receive final reply for query Face{2, d1aa1c0db8ee4a52adc3b1e68d42760d}:1788: Timeout(10s)!
[2m2026-08-24T06:40:52.862092Z[0m [33m WARN[0m ThreadId(19) [2mzenoh::net::routing::dispatcher::queries[0m[2m:[0m Face{1, 40305f7b3f5b541aa0ec8ecbc8027690}:1788 Route reply: Query not found!
[2m2026-08-24T06:40:52.862141Z[0m [33m WARN[0m ThreadId(19) [2mzenoh::net::routing::dispatcher::queries[0m[2m:[0m Face{1, 40305f7b3f5b541aa0ec8ecbc8027690}:1788 Route final reply: Query not found!
[2m2026-08-24T06:41:02.924707Z[0m [33m WARN[0m                net-0 ThreadId(14) [2mzenoh::net::routing::dispatcher::queries[0m[2m:[0m Face{1, 40305f7b3f5b541aa0ec8ecbc8027690}:1792 Didn't receive final reply for query Face{2, d1aa1c0db8ee4a52adc3b1e68d42760d}:1792: Timeout(10s)!
[2m2026-08-24T06:41:10.867597Z[0m [33m WARN[0m ThreadId(19) [2mzenoh::net::routing::dispatcher::queries[0m[2m:[0m Face{1, 40305f7b3f5b541aa0ec8ecbc8027690}:1792 Route reply: Query not found!
[2m2026-08-24T06:41:10.867641Z[0m [33m WARN[0m ThreadId(19) [2mzenoh::net::routing::dispatcher::queries[0m[2m:[0m Face{1, 40305f7b3f5b541aa0ec8ecbc8027690}:1792 Route final reply: Query not found!
[2m2026-08-24T06:41:20.992684Z[0m [33m WARN[0m                net-0 ThreadId(14) [2mzenoh::net::routing::dispatcher::queries[0m[2m:[0m Face{1, 40305f7b3f5b541aa0ec8ecbc8027690}:1796 Didn't receive final reply for query Face{2, d1aa1c0db8ee4a52adc3b1e68d42760d}:1796: Timeout(10s)!
[2m2026-08-24T06:41:28.867371Z[0m [33m WARN[0m ThreadId(19) [2mzenoh::net::routing::dispatcher::queries[0m[2m:[0m Face{1, 40305f7b3f5b541aa0ec8ecbc8027690}:1796 Route reply: Query not found!
[2m2026-08-24T06:41:28.867419Z[0m [33m WARN[0m ThreadId(19) [2mzenoh::net::routing::dispatcher::queries[0m[2m:[0m Face{1, 40305f7b3f5b541aa0ec8ecbc8027690}:1796 Route final reply: Query not found!
[2m2026-08-24T06:41:39.221693Z[0m [33m WARN[0m                net-0 ThreadId(14) [2mzenoh::net::routing::dispatcher::queries[0m[2m:[0m Face{1, 40305f7b3f5b541aa0ec8ecbc8027690}:1800 Didn't receive final reply for query Face{2, d1aa1c0db8ee4a52adc3b1e68d42760d}:1800: Timeout(10s)!
[2m2026-08-24T06:41:46.870868Z[0m [33m WARN[0m ThreadId(19) [2mzenoh::net::routing::dispatcher::queries[0m[2m:[0m Face{1, 40305f7b3f5b541aa0ec8ecbc8027690}:1800 Route reply: Query not found!
[2m2026-08-24T06:41:46.870919Z[0m [33m WARN[0m ThreadId(19) [2mzenoh::net::routing::dispatcher::queries[0m[2m:[0m Face{1, 40305f7b3f5b541aa0ec8ecbc8027690}:1800 Route final reply: Query not found!
[2m2026-08-24T06:41:57.108845Z[0m [33m WARN[0m                net-0 ThreadId(14) [2mzenoh::net::routing::dispatcher::queries[0m[2m:[0m Face{1, 40305f7b3f5b541aa0ec8ecbc8027690}:1804 Didn't receive final reply for query Face{2, d1aa1c0db8ee4a52adc3b1e68d42760d}:1804: Timeout(10s)!
[2m2026-08-24T06:42:04.887088Z[0m [33m WARN[0m ThreadId(19) [2mzenoh::net::routing::dispatcher::queries[0m[2m:[0m Face{1, 40305f7b3f5b541aa0ec8ecbc8027690}:1804 Route reply: Query not found!
[2m2026-08-24T06:42:04.887400Z[0m [33m WARN[0m ThreadId(19) [2mzenoh::net::routing::dispatcher::queries[0m[2m:[0m Face{1, 40305f7b3f5b541aa0ec8ecbc8027690}:1804 Route final reply: Query not found!
[2m2026-08-24T06:42:15.182813Z[0m [33m WARN[0m                net-0 ThreadId(14) [2mzenoh::net::routing::dispatcher::queries[0m[2m:[0m Face{1, 40305f7b3f5b541aa0ec8ecbc8027690}:1808 Didn't receive final reply for query Face{2, d1aa1c0db8ee4a52adc3b1e68d42760d}:1808: Timeout(10s)!
[2m2026-08-24T06:42:22.869898Z[0m [33m WARN[0m ThreadId(19) [2mzenoh::net::routing::dispatcher::queries[0m[2m:[0m Face{1, 40305f7b3f5b541aa0ec8ecbc8027690}:1808 Route reply: Query not found!
[2m2026-08-24T06:42:22.869951Z[0m [33m WARN[0m ThreadId(19) [2mzenoh::net::routing::dispatcher::queries[0m[2m:[0m Face{1, 40305f7b3f5b541aa0ec8ecbc8027690}:1808 Route final reply: Query not found!
[2m2026-08-24T06:42:33.025072Z[0m [33m WARN[0m                net-0 ThreadId(14) [2mzenoh::net::routing::dispatcher::queries[0m[2m:[0m Face{1, 40305f7b3f5b541aa0ec8ecbc8027690}:1812 Didn't receive final reply for query Face{2, d1aa1c0db8ee4a52adc3b1e68d42760d}:1812: Timeout(10s)!
[2m2026-08-24T06:42:40.866527Z[0m [33m WARN[0m ThreadId(19) [2mzenoh::net::routing::dispatcher::queries[0m[2m:[0m Face{1, 40305f7b3f5b541aa0ec8ecbc8027690}:1812 Route reply: Query not found!
[2m2026-08-24T06:42:40.866583Z[0m [33m WARN[0m ThreadId(19) [2mzenoh::net::routing::dispatcher::queries[0m[2m:[0m Face{1, 40305f7b3f5b541aa0ec8ecbc8027690}:1812 Route final reply: Query not found!
[2m2026-08-24T06:42:50.999381Z[0m [33m WARN[0m                net-0 ThreadId(14) [2mzenoh::net::routing::dispatcher::queries[0m[2m:[0m Face{1, 40305f7b3f5b541aa0ec8ecbc8027690}:1816 Didn't receive final reply for query Face{2, d1aa1c0db8ee4a52adc3b1e68d42760d}:1816: Timeout(10s)!
[2m2026-08-24T06:42:58.862253Z[0m [33m WARN[0m ThreadId(19) [2mzenoh::net::routing::dispatcher::queries[0m[2m:[0m Face{1, 40305f7b3f5b541aa0ec8ecbc8027690}:1816 Route reply: Query not found!
[2m2026-08-24T06:42:58.862298Z[0m [33m WARN[0m ThreadId(19) [2mzenoh::net::routing::dispatcher::queries[0m[2m:[0m Face{1, 40305f7b3f5b541aa0ec8ecbc8027690}:1816 Route final reply: Query not found!
[2m2026-08-24T06:43:08.926686Z[0m [33m WARN[0m                net-0 ThreadId(14) [2mzenoh::net::routing::dispatcher::queries[0m[2m:[0m Face{1, 40305f7b3f5b541aa0ec8ecbc8027690}:1820 Didn't receive final reply for query Face{2, d1aa1c0db8ee4a52adc3b1e68d42760d}:1820: Timeout(10s)!
[2m2026-08-24T06:43:16.865376Z[0m [33m WARN[0m ThreadId(19) [2mzenoh::net::routing::dispatcher::queries[0m[2m:[0m Face{1, 40305f7b3f5b541aa0ec8ecbc8027690}:1820 Route reply: Query not found!
[2m2026-08-24T06:43:16.865592Z[0m [33m WARN[0m ThreadId(19) [2mzenoh::net::routing::dispatcher::queries[0m[2m:[0m Face{1, 40305f7b3f5b541aa0ec8ecbc8027690}:1820 Route final reply: Query not found!
[2m2026-08-24T06:43:26.922675Z[0m [33m WARN[0m                net-0 ThreadId(14) [2mzenoh::net::routing::dispatcher::queries[0m[2m:[0m Face{1, 40305f7b3f5b541aa0ec8ecbc8027690}:1824 Didn't receive final reply for query Face{2, d1aa1c0db8ee4a52adc3b1e68d42760d}:1824: Timeout(10s)!
[2m2026-08-24T06:43:34.861175Z[0m [33m WARN[0m ThreadId(19) [2mzenoh::net::routing::dispatcher::queries[0m[2m:[0m Face{1, 40305f7b3f5b541aa0ec8ecbc8027690}:1824 Route reply: Query not found!
[2m2026-08-24T06:43:34.861222Z[0m [33m WARN[0m ThreadId(19) [2mzenoh::net::routing::dispatcher::queries[0m[2m:[0m Face{1, 40305f7b3f5b541aa0ec8ecbc8027690}:1824 Route final reply: Query not found!
[2m2026-08-24T06:43:44.904965Z[0m [33m WARN[0m                net-0 ThreadId(14) [2mzenoh::net::routing::dispatcher::queries[0m[2m:[0m Face{1, 40305f7b3f5b541aa0ec8ecbc8027690}:1828 Didn't receive final reply for query Face{2, d1aa1c0db8ee4a52adc3b1e68d42760d}:1828: Timeout(10s)!
[2m2026-08-24T06:43:52.862042Z[0m [33m WARN[0m ThreadId(19) [2mzenoh::net::routing::dispatcher::queries[0m[2m:[0m Face{1, 40305f7b3f5b541aa0ec8ecbc8027690}:1828 Route reply: Query not found!
[2m2026-08-24T06:43:52.862092Z[0m [33m WARN[0m ThreadId(19) [2mzenoh::net::routing::dispatcher::queries[0m[2m:[0m Face{1, 40305f7b3f5b541aa0ec8ecbc8027690}:1828 Route final reply: Query not found!
[2m2026-08-24T06:44:02.982720Z[0m [33m WARN[0m                net-0 ThreadId(14) [2mzenoh::net::routing::dispatcher::queries[0m[2m:[0m Face{1, 40305f7b3f5b541aa0ec8ecbc8027690}:1832 Didn't receive final reply for query Face{2, d1aa1c0db8ee4a52adc3b1e68d42760d}:1832: Timeout(10s)!
[2m2026-08-24T06:44:10.859078Z[0m [33m WARN[0m ThreadId(19) [2mzenoh::net::routing::dispatcher::queries[0m[2m:[0m Face{1, 40305f7b3f5b541aa0ec8ecbc8027690}:1832 Route reply: Query not found!
[2m2026-08-24T06:44:10.859146Z[0m [33m WARN[0m ThreadId(19) [2mzenoh::net::routing::dispatcher::queries[0m[2m:[0m Face{1, 40305f7b3f5b541aa0ec8ecbc8027690}:1832 Route final reply: Query not found!
[2m2026-08-24T06:44:20.988672Z[0m [33m WARN[0m                net-0 ThreadId(14) [2mzenoh::net::routing::dispatcher::queries[0m[2m:[0m Face{1, 40305f7b3f5b541aa0ec8ecbc8027690}:1836 Didn't receive final reply for query Face{2, d1aa1c0db8ee4a52adc3b1e68d42760d}:1836: Timeout(10s)!
[2m2026-08-24T06:44:28.866607Z[0m [33m WARN[0m ThreadId(19) [2mzenoh::net::routing::dispatcher::queries[0m[2m:[0m Face{1, 40305f7b3f5b541aa0ec8ecbc8027690}:1836 Route reply: Query not found!
[2m2026-08-24T06:44:28.866648Z[0m [33m WARN[0m ThreadId(19) [2mzenoh::net::routing::dispatcher::queries[0m[2m:[0m Face{1, 40305f7b3f5b541aa0ec8ecbc8027690}:1836 Route final reply: Query not found!
[2m2026-08-24T06:44:38.971041Z[0m [33m WARN[0m                net-0 ThreadId(14) [2mzenoh::net::routing::dispatcher::queries[0m[2m:[0m Face{1, 40305f7b3f5b541aa0ec8ecbc8027690}:1840 Didn't receive final reply for query Face{2, d1aa1c0db8ee4a52adc3b1e68d42760d}:1840: Timeout(10s)!
[2m2026-08-24T06:44:46.865298Z[0m [33m WARN[0m ThreadId(19) [2mzenoh::net::routing::dispatcher::queries[0m[2m:[0m Face{1, 40305f7b3f5b541aa0ec8ecbc8027690}:1840 Route reply: Query not found!
[2m2026-08-24T06:44:46.865348Z[0m [33m WARN[0m ThreadId(19) [2mzenoh::net::routing::dispatcher::queries[0m[2m:[0m Face{1, 40305f7b3f5b541aa0ec8ecbc8027690}:1840 Route final reply: Query not found!
[2m2026-08-24T06:44:56.967669Z[0m [33m WARN[0m                net-0 ThreadId(14) [2mzenoh::net::routing::dispatcher::queries[0m[2m:[0m Face{1, 40305f7b3f5b541aa0ec8ecbc8027690}:1844 Didn't receive final reply for query Face{2, d1aa1c0db8ee4a52adc3b1e68d42760d}:1844: Timeout(10s)!
[2m2026-08-24T06:45:04.860987Z[0m [33m WARN[0m ThreadId(19) [2mzenoh::net::routing::dispatcher::queries[0m[2m:[0m Face{1, 40305f7b3f5b541aa0ec8ecbc8027690}:1844 Route reply: Query not found!
[2m2026-08-24T06:45:04.861060Z[0m [33m WARN[0m ThreadId(19) [2mzenoh::net::routing::dispatcher::queries[0m[2m:[0m Face{1, 40305f7b3f5b541aa0ec8ecbc8027690}:1844 Route final reply: Query not found!
[2m2026-08-24T06:45:15.003802Z[0m [33m WARN[0m                net-0 ThreadId(14) [2mzenoh::net::routing::dispatcher::queries[0m[2m:[0m Face{1, 40305f7b3f5b541aa0ec8ecbc8027690}:1848 Didn't receive final reply for query Face{2, d1aa1c0db8ee4a52adc3b1e68d42760d}:1848: Timeout(10s)!
[2m2026-08-24T06:45:22.864631Z[0m [33m WARN[0m ThreadId(19) [2mzenoh::net::routing::dispatcher::queries[0m[2m:[0m Face{1, 40305f7b3f5b541aa0ec8ecbc8027690}:1848 Route reply: Query not found!
[2m2026-08-24T06:45:22.864671Z[0m [33m WARN[0m ThreadId(19) [2mzenoh::net::routing::dispatcher::queries[0m[2m:[0m Face{1, 40305f7b3f5b541aa0ec8ecbc8027690}:1848 Route final reply: Query not found!
[2m2026-08-24T06:45:32.954693Z[0m [33m WARN[0m                net-0 ThreadId(14) [2mzenoh::net::routing::dispatcher::queries[0m[2m:[0m Face{1, 40305f7b3f5b541aa0ec8ecbc8027690}:1852 Didn't receive final reply for query Face{2, d1aa1c0db8ee4a52adc3b1e68d42760d}:1852: Timeout(10s)!
[2m2026-08-24T06:45:40.869183Z[0m [33m WARN[0m ThreadId(19) [2mzenoh::net::routing::dispatcher::queries[0m[2m:[0m Face{1, 40305f7b3f5b541aa0ec8ecbc8027690}:1852 Route reply: Query not found!
[2m2026-08-24T06:45:40.869227Z[0m [33m WARN[0m ThreadId(19) [2mzenoh::net::routing::dispatcher::queries[0m[2m:[0m Face{1, 40305f7b3f5b541aa0ec8ecbc8027690}:1852 Route final reply: Query not found!
[2m2026-08-24T06:45:50.938072Z[0m [33m WARN[0m                net-0 ThreadId(14) [2mzenoh::net::routing::dispatcher::queries[0m[2m:[0m Face{1, 40305f7b3f5b541aa0ec8ecbc8027690}:1856 Didn't receive final reply for query Face{2, d1aa1c0db8ee4a52adc3b1e68d42760d}:1856: Timeout(10s)!
[2m2026-08-24T06:45:58.864196Z[0m [33m WARN[0m ThreadId(19) [2mzenoh::net::routing::dispatcher::queries[0m[2m:[0m Face{1, 40305f7b3f5b541aa0ec8ecbc8027690}:1856 Route reply: Query not found!
[2m2026-08-24T06:45:58.864236Z[0m [33m WARN[0m ThreadId(19) [2mzenoh::net::routing::dispatcher::queries[0m[2m:[0m Face{1, 40305f7b3f5b541aa0ec8ecbc8027690}:1856 Route final reply: Query not found!
[2m2026-08-24T06:46:08.903450Z[0m [33m WARN[0m                net-0 ThreadId(14) [2mzenoh::net::routing::dispatcher::queries[0m[2m:[0m Face{1, 40305f7b3f5b541aa0ec8ecbc8027690}:1860 Didn't receive final reply for query Face{2, d1aa1c0db8ee4a52adc3b1e68d42760d}:1860: Timeout(10s)!
[2m2026-08-24T06:46:16.863941Z[0m [33m WARN[0m ThreadId(19) [2mzenoh::net::routing::dispatcher::queries[0m[2m:[0m Face{1, 40305f7b3f5b541aa0ec8ecbc8027690}:1860 Route reply: Query not found!
[2m2026-08-24T06:46:16.863978Z[0m [33m WARN[0m ThreadId(19) [2mzenoh::net::routing::dispatcher::queries[0m[2m:[0m Face{1, 40305f7b3f5b541aa0ec8ecbc8027690}:1860 Route final reply: Query not found!
[2m2026-08-24T06:46:26.906822Z[0m [33m WARN[0m                net-0 ThreadId(14) [2mzenoh::net::routing::dispatcher::queries[0m[2m:[0m Face{1, 40305f7b3f5b541aa0ec8ecbc8027690}:1864 Didn't receive final reply for query Face{2, d1aa1c0db8ee4a52adc3b1e68d42760d}:1864: Timeout(10s)!
[2m2026-08-24T06:46:34.868050Z[0m [33m WARN[0m ThreadId(19) [2mzenoh::net::routing::dispatcher::queries[0m[2m:[0m Face{1, 40305f7b3f5b541aa0ec8ecbc8027690}:1864 Route reply: Query not found!
[2m2026-08-24T06:46:34.868094Z[0m [33m WARN[0m ThreadId(19) [2mzenoh::net::routing::dispatcher::queries[0m[2m:[0m Face{1, 40305f7b3f5b541aa0ec8ecbc8027690}:1864 Route final reply: Query not found!
[2m2026-08-24T06:46:45.006668Z[0m [33m WARN[0m                net-0 ThreadId(14) [2mzenoh::net::routing::dispatcher::queries[0m[2m:[0m Face{1, 40305f7b3f5b541aa0ec8ecbc8027690}:1868 Didn't receive final reply for query Face{2, d1aa1c0db8ee4a52adc3b1e68d42760d}:1868: Timeout(10s)!
[2m2026-08-24T06:46:52.863490Z[0m [33m WARN[0m ThreadId(19) [2mzenoh::net::routing::dispatcher::queries[0m[2m:[0m Face{1, 40305f7b3f5b541aa0ec8ecbc8027690}:1868 Route reply: Query not found!
[2m2026-08-24T06:46:52.863664Z[0m [33m WARN[0m ThreadId(19) [2mzenoh::net::routing::dispatcher::queries[0m[2m:[0m Face{1, 40305f7b3f5b541aa0ec8ecbc8027690}:1868 Route final reply: Query not found!
[2m2026-08-24T06:47:02.911677Z[0m [33m WARN[0m                net-0 ThreadId(14) [2mzenoh::net::routing::dispatcher::queries[0m[2m:[0m Face{1, 40305f7b3f5b541aa0ec8ecbc8027690}:1872 Didn't receive final reply for query Face{2, d1aa1c0db8ee4a52adc3b1e68d42760d}:1872: Timeout(10s)!
[2m2026-08-24T06:47:10.868938Z[0m [33m WARN[0m ThreadId(19) [2mzenoh::net::routing::dispatcher::queries[0m[2m:[0m Face{1, 40305f7b3f5b541aa0ec8ecbc8027690}:1872 Route reply: Query not found!
[2m2026-08-24T06:47:10.868984Z[0m [33m WARN[0m ThreadId(19) [2mzenoh::net::routing::dispatcher::queries[0m[2m:[0m Face{1, 40305f7b3f5b541aa0ec8ecbc8027690}:1872 Route final reply: Query not found!
[2m2026-08-24T06:47:20.997138Z[0m [33m WARN[0m                net-0 ThreadId(14) [2mzenoh::net::routing::dispatcher::queries[0m[2m:[0m Face{1, 40305f7b3f5b541aa0ec8ecbc8027690}:1876 Didn't receive final reply for query Face{2, d1aa1c0db8ee4a52adc3b1e68d42760d}:1876: Timeout(10s)!
[2m2026-08-24T06:47:28.866645Z[0m [33m WARN[0m ThreadId(19) [2mzenoh::net::routing::dispatcher::queries[0m[2m:[0m Face{1, 40305f7b3f5b541aa0ec8ecbc8027690}:1876 Route reply: Query not found!
[2m2026-08-24T06:47:28.866685Z[0m [33m WARN[0m ThreadId(19) [2mzenoh::net::routing::dispatcher::queries[0m[2m:[0m Face{1, 40305f7b3f5b541aa0ec8ecbc8027690}:1876 Route final reply: Query not found!
[2m2026-08-24T06:47:38.989808Z[0m [33m WARN[0m                net-0 ThreadId(14) [2mzenoh::net::routing::dispatcher::queries[0m[2m:[0m Face{1, 40305f7b3f5b541aa0ec8ecbc8027690}:1880 Didn't receive final reply for query Face{2, d1aa1c0db8ee4a52adc3b1e68d42760d}:1880: Timeout(10s)!
[2m2026-08-24T06:47:46.859099Z[0m [33m WARN[0m ThreadId(19) [2mzenoh::net::routing::dispatcher::queries[0m[2m:[0m Face{1, 40305f7b3f5b541aa0ec8ecbc8027690}:1880 Route reply: Query not found!
[2m2026-08-24T06:47:46.859169Z[0m [33m WARN[0m ThreadId(19) [2mzenoh::net::routing::dispatcher::queries[0m[2m:[0m Face{1, 40305f7b3f5b541aa0ec8ecbc8027690}:1880 Route final reply: Query not found!
[2m2026-08-24T06:47:56.973676Z[0m [33m WARN[0m                net-0 ThreadId(14) [2mzenoh::net::routing::dispatcher::queries[0m[2m:[0m Face{1, 40305f7b3f5b541aa0ec8ecbc8027690}:1884 Didn't receive final reply for query Face{2, d1aa1c0db8ee4a52adc3b1e68d42760d}:1884: Timeout(10s)!
[2m2026-08-24T06:48:04.865698Z[0m [33m WARN[0m ThreadId(19) [2mzenoh::net::routing::dispatcher::queries[0m[2m:[0m Face{1, 40305f7b3f5b541aa0ec8ecbc8027690}:1884 Route reply: Query not found!
[2m2026-08-24T06:48:04.865746Z[0m [33m WARN[0m ThreadId(19) [2mzenoh::net::routing::dispatcher::queries[0m[2m:[0m Face{1, 40305f7b3f5b541aa0ec8ecbc8027690}:1884 Route final reply: Query not found!
[2m2026-08-24T06:48:14.962690Z[0m [33m WARN[0m                net-0 ThreadId(14) [2mzenoh::net::routing::dispatcher::queries[0m[2m:[0m Face{1, 40305f7b3f5b541aa0ec8ecbc8027690}:1888 Didn't receive final reply for query Face{2, d1aa1c0db8ee4a52adc3b1e68d42760d}:1888: Timeout(10s)!
[2m2026-08-24T06:48:22.864354Z[0m [33m WARN[0m ThreadId(19) [2mzenoh::net::routing::dispatcher::queries[0m[2m:[0m Face{1, 40305f7b3f5b541aa0ec8ecbc8027690}:1888 Route reply: Query not found!
[2m2026-08-24T06:48:22.864396Z[0m [33m WARN[0m ThreadId(19) [2mzenoh::net::routing::dispatcher::queries[0m[2m:[0m Face{1, 40305f7b3f5b541aa0ec8ecbc8027690}:1888 Route final reply: Query not found!
[2m2026-08-24T06:48:32.919717Z[0m [33m WARN[0m                net-0 ThreadId(14) [2mzenoh::net::routing::dispatcher::queries[0m[2m:[0m Face{1, 40305f7b3f5b541aa0ec8ecbc8027690}:1892 Didn't receive final reply for query Face{2, d1aa1c0db8ee4a52adc3b1e68d42760d}:1892: Timeout(10s)!
[2m2026-08-24T06:48:40.861595Z[0m [33m WARN[0m ThreadId(19) [2mzenoh::net::routing::dispatcher::queries[0m[2m:[0m Face{1, 40305f7b3f5b541aa0ec8ecbc8027690}:1892 Route reply: Query not found!
[2m2026-08-24T06:48:40.861670Z[0m [33m WARN[0m ThreadId(19) [2mzenoh::net::routing::dispatcher::queries[0m[2m:[0m Face{1, 40305f7b3f5b541aa0ec8ecbc8027690}:1892 Route final reply: Query not found!
[2m2026-08-24T06:48:50.892795Z[0m [33m WARN[0m                net-0 ThreadId(14) [2mzenoh::net::routing::dispatcher::queries[0m[2m:[0m Face{1, 40305f7b3f5b541aa0ec8ecbc8027690}:1896 Didn't receive final reply for query Face{2, d1aa1c0db8ee4a52adc3b1e68d42760d}:1896: Timeout(10s)!
[2m2026-08-24T06:48:58.863799Z[0m [33m WARN[0m ThreadId(19) [2mzenoh::net::routing::dispatcher::queries[0m[2m:[0m Face{1, 40305f7b3f5b541aa0ec8ecbc8027690}:1896 Route reply: Query not found!
[2m2026-08-24T06:48:58.863838Z[0m [33m WARN[0m ThreadId(19) [2mzenoh::net::routing::dispatcher::queries[0m[2m:[0m Face{1, 40305f7b3f5b541aa0ec8ecbc8027690}:1896 Route final reply: Query not found!
[2m2026-08-24T06:49:08.956154Z[0m [33m WARN[0m                net-0 ThreadId(14) [2mzenoh::net::routing::dispatcher::queries[0m[2m:[0m Face{1, 40305f7b3f5b541aa0ec8ecbc8027690}:1900 Didn't receive final reply for query Face{2, d1aa1c0db8ee4a52adc3b1e68d42760d}:1900: Timeout(10s)!
[2m2026-08-24T06:49:16.864767Z[0m [33m WARN[0m ThreadId(19) [2mzenoh::net::routing::dispatcher::queries[0m[2m:[0m Face{1, 40305f7b3f5b541aa0ec8ecbc8027690}:1900 Route reply: Query not found!
[2m2026-08-24T06:49:16.864819Z[0m [33m WARN[0m ThreadId(19) [2mzenoh::net::routing::dispatcher::queries[0m[2m:[0m Face{1, 40305f7b3f5b541aa0ec8ecbc8027690}:1900 Route final reply: Query not found!
[2m2026-08-24T06:49:26.934885Z[0m [33m WARN[0m                net-0 ThreadId(14) [2mzenoh::net::routing::dispatcher::queries[0m[2m:[0m Face{1, 40305f7b3f5b541aa0ec8ecbc8027690}:1904 Didn't receive final reply for query Face{2, d1aa1c0db8ee4a52adc3b1e68d42760d}:1904: Timeout(10s)!
[2m2026-08-24T06:49:34.864858Z[0m [33m WARN[0m ThreadId(19) [2mzenoh::net::routing::dispatcher::queries[0m[2m:[0m Face{1, 40305f7b3f5b541aa0ec8ecbc8027690}:1904 Route reply: Query not found!
[2m2026-08-24T06:49:34.864912Z[0m [33m WARN[0m ThreadId(19) [2mzenoh::net::routing::dispatcher::queries[0m[2m:[0m Face{1, 40305f7b3f5b541aa0ec8ecbc8027690}:1904 Route final reply: Query not found!
[2m2026-08-24T06:49:44.930618Z[0m [33m WARN[0m                net-0 ThreadId(14) [2mzenoh::net::routing::dispatcher::queries[0m[2m:[0m Face{1, 40305f7b3f5b541aa0ec8ecbc8027690}:1908 Didn't receive final reply for query Face{2, d1aa1c0db8ee4a52adc3b1e68d42760d}:1908: Timeout(10s)!
[2m2026-08-24T06:49:52.863628Z[0m [33m WARN[0m ThreadId(19) [2mzenoh::net::routing::dispatcher::queries[0m[2m:[0m Face{1, 40305f7b3f5b541aa0ec8ecbc8027690}:1908 Route reply: Query not found!
[2m2026-08-24T06:49:52.863670Z[0m [33m WARN[0m ThreadId(19) [2mzenoh::net::routing::dispatcher::queries[0m[2m:[0m Face{1, 40305f7b3f5b541aa0ec8ecbc8027690}:1908 Route final reply: Query not found!
[2m2026-08-24T06:50:02.901200Z[0m [33m WARN[0m                net-0 ThreadId(14) [2mzenoh::net::routing::dispatcher::queries[0m[2m:[0m Face{1, 40305f7b3f5b541aa0ec8ecbc8027690}:1912 Didn't receive final reply for query Face{2, d1aa1c0db8ee4a52adc3b1e68d42760d}:1912: Timeout(10s)!
[2m2026-08-24T06:50:10.863107Z[0m [33m WARN[0m ThreadId(19) [2mzenoh::net::routing::dispatcher::queries[0m[2m:[0m Face{1, 40305f7b3f5b541aa0ec8ecbc8027690}:1912 Route reply: Query not found!
[2m2026-08-24T06:50:10.863169Z[0m [33m WARN[0m ThreadId(19) [2mzenoh::net::routing::dispatcher::queries[0m[2m:[0m Face{1, 40305f7b3f5b541aa0ec8ecbc8027690}:1912 Route final reply: Query not found!
[2m2026-08-24T06:50:20.966732Z[0m [33m WARN[0m                net-0 ThreadId(14) [2mzenoh::net::routing::dispatcher::queries[0m[2m:[0m Face{1, 40305f7b3f5b541aa0ec8ecbc8027690}:1916 Didn't receive final reply for query Face{2, d1aa1c0db8ee4a52adc3b1e68d42760d}:1916: Timeout(10s)!
[2m2026-08-24T06:50:28.867589Z[0m [33m WARN[0m ThreadId(19) [2mzenoh::net::routing::dispatcher::queries[0m[2m:[0m Face{1, 40305f7b3f5b541aa0ec8ecbc8027690}:1916 Route reply: Query not found!
[2m2026-08-24T06:50:28.867641Z[0m [33m WARN[0m ThreadId(19) [2mzenoh::net::routing::dispatcher::queries[0m[2m:[0m Face{1, 40305f7b3f5b541aa0ec8ecbc8027690}:1916 Route final reply: Query not found!
[2m2026-08-24T06:50:38.931724Z[0m [33m WARN[0m                net-0 ThreadId(14) [2mzenoh::net::routing::dispatcher::queries[0m[2m:[0m Face{1, 40305f7b3f5b541aa0ec8ecbc8027690}:1920 Didn't receive final reply for query Face{2, d1aa1c0db8ee4a52adc3b1e68d42760d}:1920: Timeout(10s)!
[2m2026-08-24T06:50:46.864316Z[0m [33m WARN[0m ThreadId(19) [2mzenoh::net::routing::dispatcher::queries[0m[2m:[0m Face{1, 40305f7b3f5b541aa0ec8ecbc8027690}:1920 Route reply: Query not found!
[2m2026-08-24T06:50:46.864364Z[0m [33m WARN[0m ThreadId(19) [2mzenoh::net::routing::dispatcher::queries[0m[2m:[0m Face{1, 40305f7b3f5b541aa0ec8ecbc8027690}:1920 Route final reply: Query not found!
[2m2026-08-24T06:50:56.898692Z[0m [33m WARN[0m                net-0 ThreadId(14) [2mzenoh::net::routing::dispatcher::queries[0m[2m:[0m Face{1, 40305f7b3f5b541aa0ec8ecbc8027690}:1924 Didn't receive final reply for query Face{2, d1aa1c0db8ee4a52adc3b1e68d42760d}:1924: Timeout(10s)!
[2m2026-08-24T06:51:04.860978Z[0m [33m WARN[0m ThreadId(19) [2mzenoh::net::routing::dispatcher::queries[0m[2m:[0m Face{1, 40305f7b3f5b541aa0ec8ecbc8027690}:1924 Route reply: Query not found!
[2m2026-08-24T06:51:04.861045Z[0m [33m WARN[0m ThreadId(19) [2mzenoh::net::routing::dispatcher::queries[0m[2m:[0m Face{1, 40305f7b3f5b541aa0ec8ecbc8027690}:1924 Route final reply: Query not found!
[2m2026-08-24T06:51:14.965450Z[0m [33m WARN[0m                net-0 ThreadId(14) [2mzenoh::net::routing::dispatcher::queries[0m[2m:[0m Face{1, 40305f7b3f5b541aa0ec8ecbc8027690}:1928 Didn't receive final reply for query Face{2, d1aa1c0db8ee4a52adc3b1e68d42760d}:1928: Timeout(10s)!
[2m2026-08-24T06:51:22.860122Z[0m [33m WARN[0m ThreadId(19) [2mzenoh::net::routing::dispatcher::queries[0m[2m:[0m Face{1, 40305f7b3f5b541aa0ec8ecbc8027690}:1928 Route reply: Query not found!
[2m2026-08-24T06:51:22.860166Z[0m [33m WARN[0m ThreadId(19) [2mzenoh::net::routing::dispatcher::queries[0m[2m:[0m Face{1, 40305f7b3f5b541aa0ec8ecbc8027690}:1928 Route final reply: Query not found!
[2m2026-08-24T06:51:32.943679Z[0m [33m WARN[0m                net-0 ThreadId(14) [2mzenoh::net::routing::dispatcher::queries[0m[2m:[0m Face{1, 40305f7b3f5b541aa0ec8ecbc8027690}:1932 Didn't receive final reply for query Face{2, d1aa1c0db8ee4a52adc3b1e68d42760d}:1932: Timeout(10s)!
[2m2026-08-24T06:51:40.867053Z[0m [33m WARN[0m ThreadId(19) [2mzenoh::net::routing::dispatcher::queries[0m[2m:[0m Face{1, 40305f7b3f5b541aa0ec8ecbc8027690}:1932 Route reply: Query not found!
[2m2026-08-24T06:51:40.867097Z[0m [33m WARN[0m ThreadId(19) [2mzenoh::net::routing::dispatcher::queries[0m[2m:[0m Face{1, 40305f7b3f5b541aa0ec8ecbc8027690}:1932 Route final reply: Query not found!
[2m2026-08-24T06:51:50.934687Z[0m [33m WARN[0m                net-0 ThreadId(14) [2mzenoh::net::routing::dispatcher::queries[0m[2m:[0m Face{1, 40305f7b3f5b541aa0ec8ecbc8027690}:1936 Didn't receive final reply for query Face{2, d1aa1c0db8ee4a52adc3b1e68d42760d}:1936: Timeout(10s)!
[2m2026-08-24T06:51:58.866516Z[0m [33m WARN[0m ThreadId(19) [2mzenoh::net::routing::dispatcher::queries[0m[2m:[0m Face{1, 40305f7b3f5b541aa0ec8ecbc8027690}:1936 Route reply: Query not found!
[2m2026-08-24T06:51:58.866563Z[0m [33m WARN[0m ThreadId(19) [2mzenoh::net::routing::dispatcher::queries[0m[2m:[0m Face{1, 40305f7b3f5b541aa0ec8ecbc8027690}:1936 Route final reply: Query not found!
[2m2026-08-24T06:52:08.991611Z[0m [33m WARN[0m                net-0 ThreadId(14) [2mzenoh::net::routing::dispatcher::queries[0m[2m:[0m Face{1, 40305f7b3f5b541aa0ec8ecbc8027690}:1940 Didn't receive final reply for query Face{2, d1aa1c0db8ee4a52adc3b1e68d42760d}:1940: Timeout(10s)!
[2m2026-08-24T06:52:16.865576Z[0m [33m WARN[0m ThreadId(19) [2mzenoh::net::routing::dispatcher::queries[0m[2m:[0m Face{1, 40305f7b3f5b541aa0ec8ecbc8027690}:1940 Route reply: Query not found!
[2m2026-08-24T06:52:16.865636Z[0m [33m WARN[0m ThreadId(19) [2mzenoh::net::routing::dispatcher::queries[0m[2m:[0m Face{1, 40305f7b3f5b541aa0ec8ecbc8027690}:1940 Route final reply: Query not found!
[2m2026-08-24T06:52:26.922693Z[0m [33m WARN[0m                net-0 ThreadId(14) [2mzenoh::net::routing::dispatcher::queries[0m[2m:[0m Face{1, 40305f7b3f5b541aa0ec8ecbc8027690}:1944 Didn't receive final reply for query Face{2, d1aa1c0db8ee4a52adc3b1e68d42760d}:1944: Timeout(10s)!
[2m2026-08-24T06:52:34.862027Z[0m [33m WARN[0m ThreadId(19) [2mzenoh::net::routing::dispatcher::queries[0m[2m:[0m Face{1, 40305f7b3f5b541aa0ec8ecbc8027690}:1944 Route reply: Query not found!
[2m2026-08-24T06:52:34.862075Z[0m [33m WARN[0m ThreadId(19) [2mzenoh::net::routing::dispatcher::queries[0m[2m:[0m Face{1, 40305f7b3f5b541aa0ec8ecbc8027690}:1944 Route final reply: Query not found!
[2m2026-08-24T06:52:44.914364Z[0m [33m WARN[0m                net-0 ThreadId(14) [2mzenoh::net::routing::dispatcher::queries[0m[2m:[0m Face{1, 40305f7b3f5b541aa0ec8ecbc8027690}:1948 Didn't receive final reply for query Face{2, d1aa1c0db8ee4a52adc3b1e68d42760d}:1948: Timeout(10s)!
[2m2026-08-24T06:52:52.865447Z[0m [33m WARN[0m ThreadId(19) [2mzenoh::net::routing::dispatcher::queries[0m[2m:[0m Face{1, 40305f7b3f5b541aa0ec8ecbc8027690}:1948 Route reply: Query not found!
[2m2026-08-24T06:52:52.865511Z[0m [33m WARN[0m ThreadId(19) [2mzenoh::net::routing::dispatcher::queries[0m[2m:[0m Face{1, 40305f7b3f5b541aa0ec8ecbc8027690}:1948 Route final reply: Query not found!
[2m2026-08-24T06:53:02.947676Z[0m [33m WARN[0m                net-0 ThreadId(14) [2mzenoh::net::routing::dispatcher::queries[0m[2m:[0m Face{1, 40305f7b3f5b541aa0ec8ecbc8027690}:1952 Didn't receive final reply for query Face{2, d1aa1c0db8ee4a52adc3b1e68d42760d}:1952: Timeout(10s)!
[2m2026-08-24T06:53:10.859839Z[0m [33m WARN[0m ThreadId(19) [2mzenoh::net::routing::dispatcher::queries[0m[2m:[0m Face{1, 40305f7b3f5b541aa0ec8ecbc8027690}:1952 Route reply: Query not found!
[2m2026-08-24T06:53:10.859878Z[0m [33m WARN[0m ThreadId(19) [2mzenoh::net::routing::dispatcher::queries[0m[2m:[0m Face{1, 40305f7b3f5b541aa0ec8ecbc8027690}:1952 Route final reply: Query not found!
[2m2026-08-24T06:53:20.958672Z[0m [33m WARN[0m                net-0 ThreadId(14) [2mzenoh::net::routing::dispatcher::queries[0m[2m:[0m Face{1, 40305f7b3f5b541aa0ec8ecbc8027690}:1956 Didn't receive final reply for query Face{2, d1aa1c0db8ee4a52adc3b1e68d42760d}:1956: Timeout(10s)!
[2m2026-08-24T06:53:28.863396Z[0m [33m WARN[0m ThreadId(19) [2mzenoh::net::routing::dispatcher::queries[0m[2m:[0m Face{1, 40305f7b3f5b541aa0ec8ecbc8027690}:1956 Route reply: Query not found!
[2m2026-08-24T06:53:28.863452Z[0m [33m WARN[0m ThreadId(19) [2mzenoh::net::routing::dispatcher::queries[0m[2m:[0m Face{1, 40305f7b3f5b541aa0ec8ecbc8027690}:1956 Route final reply: Query not found!
[2m2026-08-24T06:53:38.920804Z[0m [33m WARN[0m                net-0 ThreadId(14) [2mzenoh::net::routing::dispatcher::queries[0m[2m:[0m Face{1, 40305f7b3f5b541aa0ec8ecbc8027690}:1960 Didn't receive final reply for query Face{2, d1aa1c0db8ee4a52adc3b1e68d42760d}:1960: Timeout(10s)!
[2m2026-08-24T06:53:46.859538Z[0m [33m WARN[0m ThreadId(19) [2mzenoh::net::routing::dispatcher::queries[0m[2m:[0m Face{1, 40305f7b3f5b541aa0ec8ecbc8027690}:1960 Route reply: Query not found!
[2m2026-08-24T06:53:46.859581Z[0m [33m WARN[0m ThreadId(19) [2mzenoh::net::routing::dispatcher::queries[0m[2m:[0m Face{1, 40305f7b3f5b541aa0ec8ecbc8027690}:1960 Route final reply: Query not found!
[2m2026-08-24T06:53:56.992692Z[0m [33m WARN[0m                net-0 ThreadId(14) [2mzenoh::net::routing::dispatcher::queries[0m[2m:[0m Face{1, 40305f7b3f5b541aa0ec8ecbc8027690}:1964 Didn't receive final reply for query Face{2, d1aa1c0db8ee4a52adc3b1e68d42760d}:1964: Timeout(10s)!
[2m2026-08-24T06:54:04.860195Z[0m [33m WARN[0m ThreadId(19) [2mzenoh::net::routing::dispatcher::queries[0m[2m:[0m Face{1, 40305f7b3f5b541aa0ec8ecbc8027690}:1964 Route reply: Query not found!
[2m2026-08-24T06:54:04.860250Z[0m [33m WARN[0m ThreadId(19) [2mzenoh::net::routing::dispatcher::queries[0m[2m:[0m Face{1, 40305f7b3f5b541aa0ec8ecbc8027690}:1964 Route final reply: Query not found!
[2m2026-08-24T06:54:14.964298Z[0m [33m WARN[0m                net-0 ThreadId(14) [2mzenoh::net::routing::dispatcher::queries[0m[2m:[0m Face{1, 40305f7b3f5b541aa0ec8ecbc8027690}:1968 Didn't receive final reply for query Face{2, d1aa1c0db8ee4a52adc3b1e68d42760d}:1968: Timeout(10s)!
[2m2026-08-24T06:54:22.863248Z[0m [33m WARN[0m ThreadId(19) [2mzenoh::net::routing::dispatcher::queries[0m[2m:[0m Face{1, 40305f7b3f5b541aa0ec8ecbc8027690}:1968 Route reply: Query not found!
[2m2026-08-24T06:54:22.863284Z[0m [33m WARN[0m ThreadId(19) [2mzenoh::net::routing::dispatcher::queries[0m[2m:[0m Face{1, 40305f7b3f5b541aa0ec8ecbc8027690}:1968 Route final reply: Query not found!
[2m2026-08-24T06:54:32.940725Z[0m [33m WARN[0m                net-0 ThreadId(14) [2mzenoh::net::routing::dispatcher::queries[0m[2m:[0m Face{1, 40305f7b3f5b541aa0ec8ecbc8027690}:1972 Didn't receive final reply for query Face{2, d1aa1c0db8ee4a52adc3b1e68d42760d}:1972: Timeout(10s)!
[2m2026-08-24T06:54:40.864804Z[0m [33m WARN[0m ThreadId(19) [2mzenoh::net::routing::dispatcher::queries[0m[2m:[0m Face{1, 40305f7b3f5b541aa0ec8ecbc8027690}:1972 Route reply: Query not found!
[2m2026-08-24T06:54:40.864868Z[0m [33m WARN[0m ThreadId(19) [2mzenoh::net::routing::dispatcher::queries[0m[2m:[0m Face{1, 40305f7b3f5b541aa0ec8ecbc8027690}:1972 Route final reply: Query not found!
[2m2026-08-24T06:54:50.913613Z[0m [33m WARN[0m                net-0 ThreadId(14) [2mzenoh::net::routing::dispatcher::queries[0m[2m:[0m Face{1, 40305f7b3f5b541aa0ec8ecbc8027690}:1976 Didn't receive final reply for query Face{2, d1aa1c0db8ee4a52adc3b1e68d42760d}:1976: Timeout(10s)!
[2m2026-08-24T06:54:58.864282Z[0m [33m WARN[0m ThreadId(19) [2mzenoh::net::routing::dispatcher::queries[0m[2m:[0m Face{1, 40305f7b3f5b541aa0ec8ecbc8027690}:1976 Route reply: Query not found!
[2m2026-08-24T06:54:58.864320Z[0m [33m WARN[0m ThreadId(19) [2mzenoh::net::routing::dispatcher::queries[0m[2m:[0m Face{1, 40305f7b3f5b541aa0ec8ecbc8027690}:1976 Route final reply: Query not found!
[2m2026-08-24T06:55:08.994697Z[0m [33m WARN[0m                net-0 ThreadId(14) [2mzenoh::net::routing::dispatcher::queries[0m[2m:[0m Face{1, 40305f7b3f5b541aa0ec8ecbc8027690}:1980 Didn't receive final reply for query Face{2, d1aa1c0db8ee4a52adc3b1e68d42760d}:1980: Timeout(10s)!
[2m2026-08-24T06:55:16.864435Z[0m [33m WARN[0m ThreadId(19) [2mzenoh::net::routing::dispatcher::queries[0m[2m:[0m Face{1, 40305f7b3f5b541aa0ec8ecbc8027690}:1980 Route reply: Query not found!
[2m2026-08-24T06:55:16.864473Z[0m [33m WARN[0m ThreadId(19) [2mzenoh::net::routing::dispatcher::queries[0m[2m:[0m Face{1, 40305f7b3f5b541aa0ec8ecbc8027690}:1980 Route final reply: Query not found!
[2m2026-08-24T06:55:27.010686Z[0m [33m WARN[0m                net-0 ThreadId(14) [2mzenoh::net::routing::dispatcher::queries[0m[2m:[0m Face{1, 40305f7b3f5b541aa0ec8ecbc8027690}:1984 Didn't receive final reply for query Face{2, d1aa1c0db8ee4a52adc3b1e68d42760d}:1984: Timeout(10s)!
[2m2026-08-24T06:55:34.868762Z[0m [33m WARN[0m ThreadId(19) [2mzenoh::net::routing::dispatcher::queries[0m[2m:[0m Face{1, 40305f7b3f5b541aa0ec8ecbc8027690}:1984 Route reply: Query not found!
[2m2026-08-24T06:55:34.868824Z[0m [33m WARN[0m ThreadId(19) [2mzenoh::net::routing::dispatcher::queries[0m[2m:[0m Face{1, 40305f7b3f5b541aa0ec8ecbc8027690}:1984 Route final reply: Query not found!
[2m2026-08-24T06:55:44.985765Z[0m [33m WARN[0m                net-0 ThreadId(14) [2mzenoh::net::routing::dispatcher::queries[0m[2m:[0m Face{1, 40305f7b3f5b541aa0ec8ecbc8027690}:1988 Didn't receive final reply for query Face{2, d1aa1c0db8ee4a52adc3b1e68d42760d}:1988: Timeout(10s)!
[2m2026-08-24T06:55:52.865822Z[0m [33m WARN[0m ThreadId(19) [2mzenoh::net::routing::dispatcher::queries[0m[2m:[0m Face{1, 40305f7b3f5b541aa0ec8ecbc8027690}:1988 Route reply: Query not found!
[2m2026-08-24T06:55:52.865875Z[0m [33m WARN[0m ThreadId(19) [2mzenoh::net::routing::dispatcher::queries[0m[2m:[0m Face{1, 40305f7b3f5b541aa0ec8ecbc8027690}:1988 Route final reply: Query not found!
[2m2026-08-24T06:56:02.976709Z[0m [33m WARN[0m                net-0 ThreadId(14) [2mzenoh::net::routing::dispatcher::queries[0m[2m:[0m Face{1, 40305f7b3f5b541aa0ec8ecbc8027690}:1992 Didn't receive final reply for query Face{2, d1aa1c0db8ee4a52adc3b1e68d42760d}:1992: Timeout(10s)!
[2m2026-08-24T06:56:10.867642Z[0m [33m WARN[0m ThreadId(19) [2mzenoh::net::routing::dispatcher::queries[0m[2m:[0m Face{1, 40305f7b3f5b541aa0ec8ecbc8027690}:1992 Route reply: Query not found!
[2m2026-08-24T06:56:10.867708Z[0m [33m WARN[0m ThreadId(19) [2mzenoh::net::routing::dispatcher::queries[0m[2m:[0m Face{1, 40305f7b3f5b541aa0ec8ecbc8027690}:1992 Route final reply: Query not found!
[2m2026-08-24T06:56:21.007661Z[0m [33m WARN[0m                net-0 ThreadId(14) [2mzenoh::net::routing::dispatcher::queries[0m[2m:[0m Face{1, 40305f7b3f5b541aa0ec8ecbc8027690}:1996 Didn't receive final reply for query Face{2, d1aa1c0db8ee4a52adc3b1e68d42760d}:1996: Timeout(10s)!
[2m2026-08-24T06:56:28.859770Z[0m [33m WARN[0m ThreadId(19) [2mzenoh::net::routing::dispatcher::queries[0m[2m:[0m Face{1, 40305f7b3f5b541aa0ec8ecbc8027690}:1996 Route reply: Query not found!
[2m2026-08-24T06:56:28.859815Z[0m [33m WARN[0m ThreadId(19) [2mzenoh::net::routing::dispatcher::queries[0m[2m:[0m Face{1, 40305f7b3f5b541aa0ec8ecbc8027690}:1996 Route final reply: Query not found!
[2m2026-08-24T06:56:38.920732Z[0m [33m WARN[0m                net-0 ThreadId(14) [2mzenoh::net::routing::dispatcher::queries[0m[2m:[0m Face{1, 40305f7b3f5b541aa0ec8ecbc8027690}:2000 Didn't receive final reply for query Face{2, d1aa1c0db8ee4a52adc3b1e68d42760d}:2000: Timeout(10s)!
[2m2026-08-24T06:56:46.861997Z[0m [33m WARN[0m ThreadId(19) [2mzenoh::net::routing::dispatcher::queries[0m[2m:[0m Face{1, 40305f7b3f5b541aa0ec8ecbc8027690}:2000 Route reply: Query not found!
[2m2026-08-24T06:56:46.862030Z[0m [33m WARN[0m ThreadId(19) [2mzenoh::net::routing::dispatcher::queries[0m[2m:[0m Face{1, 40305f7b3f5b541aa0ec8ecbc8027690}:2000 Route final reply: Query not found!
[2m2026-08-24T06:56:56.977679Z[0m [33m WARN[0m                net-0 ThreadId(14) [2mzenoh::net::routing::dispatcher::queries[0m[2m:[0m Face{1, 40305f7b3f5b541aa0ec8ecbc8027690}:2004 Didn't receive final reply for query Face{2, d1aa1c0db8ee4a52adc3b1e68d42760d}:2004: Timeout(10s)!
[2m2026-08-24T06:57:04.862150Z[0m [33m WARN[0m ThreadId(19) [2mzenoh::net::routing::dispatcher::queries[0m[2m:[0m Face{1, 40305f7b3f5b541aa0ec8ecbc8027690}:2004 Route reply: Query not found!
[2m2026-08-24T06:57:04.862198Z[0m [33m WARN[0m ThreadId(19) [2mzenoh::net::routing::dispatcher::queries[0m[2m:[0m Face{1, 40305f7b3f5b541aa0ec8ecbc8027690}:2004 Route final reply: Query not found!
[2m2026-08-24T06:57:14.952016Z[0m [33m WARN[0m                net-0 ThreadId(14) [2mzenoh::net::routing::dispatcher::queries[0m[2m:[0m Face{1, 40305f7b3f5b541aa0ec8ecbc8027690}:2008 Didn't receive final reply for query Face{2, d1aa1c0db8ee4a52adc3b1e68d42760d}:2008: Timeout(10s)!
[2m2026-08-24T06:57:22.864377Z[0m [33m WARN[0m ThreadId(19) [2mzenoh::net::routing::dispatcher::queries[0m[2m:[0m Face{1, 40305f7b3f5b541aa0ec8ecbc8027690}:2008 Route reply: Query not found!
[2m2026-08-24T06:57:22.864423Z[0m [33m WARN[0m ThreadId(19) [2mzenoh::net::routing::dispatcher::queries[0m[2m:[0m Face{1, 40305f7b3f5b541aa0ec8ecbc8027690}:2008 Route final reply: Query not found!
[2m2026-08-24T06:57:32.933674Z[0m [33m WARN[0m                net-0 ThreadId(14) [2mzenoh::net::routing::dispatcher::queries[0m[2m:[0m Face{1, 40305f7b3f5b541aa0ec8ecbc8027690}:2012 Didn't receive final reply for query Face{2, d1aa1c0db8ee4a52adc3b1e68d42760d}:2012: Timeout(10s)!
[2m2026-08-24T06:57:40.865712Z[0m [33m WARN[0m ThreadId(19) [2mzenoh::net::routing::dispatcher::queries[0m[2m:[0m Face{1, 40305f7b3f5b541aa0ec8ecbc8027690}:2012 Route reply: Query not found!
[2m2026-08-24T06:57:40.865751Z[0m [33m WARN[0m ThreadId(19) [2mzenoh::net::routing::dispatcher::queries[0m[2m:[0m Face{1, 40305f7b3f5b541aa0ec8ecbc8027690}:2012 Route final reply: Query not found!
[2m2026-08-24T06:57:50.949767Z[0m [33m WARN[0m                net-0 ThreadId(14) [2mzenoh::net::routing::dispatcher::queries[0m[2m:[0m Face{1, 40305f7b3f5b541aa0ec8ecbc8027690}:2016 Didn't receive final reply for query Face{2, d1aa1c0db8ee4a52adc3b1e68d42760d}:2016: Timeout(10s)!
[2m2026-08-24T06:57:58.861198Z[0m [33m WARN[0m ThreadId(19) [2mzenoh::net::routing::dispatcher::queries[0m[2m:[0m Face{1, 40305f7b3f5b541aa0ec8ecbc8027690}:2016 Route reply: Query not found!
[2m2026-08-24T06:57:58.861277Z[0m [33m WARN[0m ThreadId(19) [2mzenoh::net::routing::dispatcher::queries[0m[2m:[0m Face{1, 40305f7b3f5b541aa0ec8ecbc8027690}:2016 Route final reply: Query not found!
[2m2026-08-24T06:58:08.951718Z[0m [33m WARN[0m                net-0 ThreadId(14) [2mzenoh::net::routing::dispatcher::queries[0m[2m:[0m Face{1, 40305f7b3f5b541aa0ec8ecbc8027690}:2020 Didn't receive final reply for query Face{2, d1aa1c0db8ee4a52adc3b1e68d42760d}:2020: Timeout(10s)!
[2m2026-08-24T06:58:16.865175Z[0m [33m WARN[0m ThreadId(19) [2mzenoh::net::routing::dispatcher::queries[0m[2m:[0m Face{1, 40305f7b3f5b541aa0ec8ecbc8027690}:2020 Route reply: Query not found!
[2m2026-08-24T06:58:16.865216Z[0m [33m WARN[0m ThreadId(19) [2mzenoh::net::routing::dispatcher::queries[0m[2m:[0m Face{1, 40305f7b3f5b541aa0ec8ecbc8027690}:2020 Route final reply: Query not found!
[2m2026-08-24T06:58:26.925668Z[0m [33m WARN[0m                net-0 ThreadId(14) [2mzenoh::net::routing::dispatcher::queries[0m[2m:[0m Face{1, 40305f7b3f5b541aa0ec8ecbc8027690}:2024 Didn't receive final reply for query Face{2, d1aa1c0db8ee4a52adc3b1e68d42760d}:2024: Timeout(10s)!
[2m2026-08-24T06:58:34.862383Z[0m [33m WARN[0m ThreadId(19) [2mzenoh::net::routing::dispatcher::queries[0m[2m:[0m Face{1, 40305f7b3f5b541aa0ec8ecbc8027690}:2024 Route reply: Query not found!
[2m2026-08-24T06:58:34.862440Z[0m [33m WARN[0m ThreadId(19) [2mzenoh::net::routing::dispatcher::queries[0m[2m:[0m Face{1, 40305f7b3f5b541aa0ec8ecbc8027690}:2024 Route final reply: Query not found!
[2m2026-08-24T06:58:43.750074Z[0m [32m INFO[0m tokio-runtime-worker ThreadId(13) [2mzenoh_plugin_ros2dds::discovered_entities[0m[2m:[0m Undiscovered ROS Node /_ros2cli_daemon_1_bc4a881e1c02417c957f53c9a4d5e5c6
[2m2026-08-24T06:58:44.962925Z[0m [33m WARN[0m                net-0 ThreadId(14) [2mzenoh::net::routing::dispatcher::queries[0m[2m:[0m Face{1, 40305f7b3f5b541aa0ec8ecbc8027690}:2028 Didn't receive final reply for query Face{2, d1aa1c0db8ee4a52adc3b1e68d42760d}:2028: Timeout(10s)!
[2m2026-08-24T06:58:52.866263Z[0m [33m WARN[0m ThreadId(19) [2mzenoh::net::routing::dispatcher::queries[0m[2m:[0m Face{1, 40305f7b3f5b541aa0ec8ecbc8027690}:2028 Route reply: Query not found!
[2m2026-08-24T06:58:52.866303Z[0m [33m WARN[0m ThreadId(19) [2mzenoh::net::routing::dispatcher::queries[0m[2m:[0m Face{1, 40305f7b3f5b541aa0ec8ecbc8027690}:2028 Route final reply: Query not found!
[2m2026-08-24T06:59:02.996669Z[0m [33m WARN[0m                net-0 ThreadId(14) [2mzenoh::net::routing::dispatcher::queries[0m[2m:[0m Face{1, 40305f7b3f5b541aa0ec8ecbc8027690}:2032 Didn't receive final reply for query Face{2, d1aa1c0db8ee4a52adc3b1e68d42760d}:2032: Timeout(10s)!
[2m2026-08-24T06:59:10.863442Z[0m [33m WARN[0m ThreadId(19) [2mzenoh::net::routing::dispatcher::queries[0m[2m:[0m Face{1, 40305f7b3f5b541aa0ec8ecbc8027690}:2032 Route reply: Query not found!
[2m2026-08-24T06:59:10.863489Z[0m [33m WARN[0m ThreadId(19) [2mzenoh::net::routing::dispatcher::queries[0m[2m:[0m Face{1, 40305f7b3f5b541aa0ec8ecbc8027690}:2032 Route final reply: Query not found!
[2m2026-08-24T06:59:20.925699Z[0m [33m WARN[0m                net-0 ThreadId(14) [2mzenoh::net::routing::dispatcher::queries[0m[2m:[0m Face{1, 40305f7b3f5b541aa0ec8ecbc8027690}:2036 Didn't receive final reply for query Face{2, d1aa1c0db8ee4a52adc3b1e68d42760d}:2036: Timeout(10s)!
[2m2026-08-24T06:59:28.863891Z[0m [33m WARN[0m ThreadId(19) [2mzenoh::net::routing::dispatcher::queries[0m[2m:[0m Face{1, 40305f7b3f5b541aa0ec8ecbc8027690}:2036 Route reply: Query not found!
[2m2026-08-24T06:59:28.863947Z[0m [33m WARN[0m ThreadId(19) [2mzenoh::net::routing::dispatcher::queries[0m[2m:[0m Face{1, 40305f7b3f5b541aa0ec8ecbc8027690}:2036 Route final reply: Query not found!
[2m2026-08-24T06:59:38.955677Z[0m [33m WARN[0m                net-0 ThreadId(14) [2mzenoh::net::routing::dispatcher::queries[0m[2m:[0m Face{1, 40305f7b3f5b541aa0ec8ecbc8027690}:2040 Didn't receive final reply for query Face{2, d1aa1c0db8ee4a52adc3b1e68d42760d}:2040: Timeout(10s)!
[2m2026-08-24T06:59:46.868112Z[0m [33m WARN[0m ThreadId(19) [2mzenoh::net::routing::dispatcher::queries[0m[2m:[0m Face{1, 40305f7b3f5b541aa0ec8ecbc8027690}:2040 Route reply: Query not found!
[2m2026-08-24T06:59:46.868158Z[0m [33m WARN[0m ThreadId(19) [2mzenoh::net::routing::dispatcher::queries[0m[2m:[0m Face{1, 40305f7b3f5b541aa0ec8ecbc8027690}:2040 Route final reply: Query not found!
[2m2026-08-24T06:59:56.988667Z[0m [33m WARN[0m                net-0 ThreadId(14) [2mzenoh::net::routing::dispatcher::queries[0m[2m:[0m Face{1, 40305f7b3f5b541aa0ec8ecbc8027690}:2044 Didn't receive final reply for query Face{2, d1aa1c0db8ee4a52adc3b1e68d42760d}:2044: Timeout(10s)!
[2m2026-08-24T07:00:04.860626Z[0m [33m WARN[0m ThreadId(19) [2mzenoh::net::routing::dispatcher::queries[0m[2m:[0m Face{1, 40305f7b3f5b541aa0ec8ecbc8027690}:2044 Route reply: Query not found!
[2m2026-08-24T07:00:04.860679Z[0m [33m WARN[0m ThreadId(19) [2mzenoh::net::routing::dispatcher::queries[0m[2m:[0m Face{1, 40305f7b3f5b541aa0ec8ecbc8027690}:2044 Route final reply: Query not found!
[2m2026-08-24T07:00:14.937754Z[0m [33m WARN[0m                net-0 ThreadId(14) [2mzenoh::net::routing::dispatcher::queries[0m[2m:[0m Face{1, 40305f7b3f5b541aa0ec8ecbc8027690}:2048 Didn't receive final reply for query Face{2, d1aa1c0db8ee4a52adc3b1e68d42760d}:2048: Timeout(10s)!
[2m2026-08-24T07:00:22.862420Z[0m [33m WARN[0m ThreadId(19) [2mzenoh::net::routing::dispatcher::queries[0m[2m:[0m Face{1, 40305f7b3f5b541aa0ec8ecbc8027690}:2048 Route reply: Query not found!
[2m2026-08-24T07:00:22.862473Z[0m [33m WARN[0m ThreadId(19) [2mzenoh::net::routing::dispatcher::queries[0m[2m:[0m Face{1, 40305f7b3f5b541aa0ec8ecbc8027690}:2048 Route final reply: Query not found!
[2m2026-08-24T07:00:32.947672Z[0m [33m WARN[0m                net-0 ThreadId(14) [2mzenoh::net::routing::dispatcher::queries[0m[2m:[0m Face{1, 40305f7b3f5b541aa0ec8ecbc8027690}:2052 Didn't receive final reply for query Face{2, d1aa1c0db8ee4a52adc3b1e68d42760d}:2052: Timeout(10s)!
[2m2026-08-24T07:00:40.863983Z[0m [33m WARN[0m ThreadId(19) [2mzenoh::net::routing::dispatcher::queries[0m[2m:[0m Face{1, 40305f7b3f5b541aa0ec8ecbc8027690}:2052 Route reply: Query not found!
[2m2026-08-24T07:00:40.864039Z[0m [33m WARN[0m ThreadId(19) [2mzenoh::net::routing::dispatcher::queries[0m[2m:[0m Face{1, 40305f7b3f5b541aa0ec8ecbc8027690}:2052 Route final reply: Query not found!
[2m2026-08-24T07:00:50.998703Z[0m [33m WARN[0m                net-0 ThreadId(14) [2mzenoh::net::routing::dispatcher::queries[0m[2m:[0m Face{1, 40305f7b3f5b541aa0ec8ecbc8027690}:2056 Didn't receive final reply for query Face{2, d1aa1c0db8ee4a52adc3b1e68d42760d}:2056: Timeout(10s)!
[2m2026-08-24T07:00:58.862610Z[0m [33m WARN[0m ThreadId(19) [2mzenoh::net::routing::dispatcher::queries[0m[2m:[0m Face{1, 40305f7b3f5b541aa0ec8ecbc8027690}:2056 Route reply: Query not found!
[2m2026-08-24T07:00:58.862663Z[0m [33m WARN[0m ThreadId(19) [2mzenoh::net::routing::dispatcher::queries[0m[2m:[0m Face{1, 40305f7b3f5b541aa0ec8ecbc8027690}:2056 Route final reply: Query not found!
[2m2026-08-24T07:01:09.054409Z[0m [33m WARN[0m                net-0 ThreadId(14) [2mzenoh::net::routing::dispatcher::queries[0m[2m:[0m Face{1, 40305f7b3f5b541aa0ec8ecbc8027690}:2060 Didn't receive final reply for query Face{2, d1aa1c0db8ee4a52adc3b1e68d42760d}:2060: Timeout(10s)!
[2m2026-08-24T07:01:16.862845Z[0m [33m WARN[0m ThreadId(19) [2mzenoh::net::routing::dispatcher::queries[0m[2m:[0m Face{1, 40305f7b3f5b541aa0ec8ecbc8027690}:2060 Route reply: Query not found!
[2m2026-08-24T07:01:16.862895Z[0m [33m WARN[0m ThreadId(19) [2mzenoh::net::routing::dispatcher::queries[0m[2m:[0m Face{1, 40305f7b3f5b541aa0ec8ecbc8027690}:2060 Route final reply: Query not found!
[2m2026-08-24T07:01:26.938686Z[0m [33m WARN[0m                net-0 ThreadId(14) [2mzenoh::net::routing::dispatcher::queries[0m[2m:[0m Face{1, 40305f7b3f5b541aa0ec8ecbc8027690}:2064 Didn't receive final reply for query Face{2, d1aa1c0db8ee4a52adc3b1e68d42760d}:2064: Timeout(10s)!
[2m2026-08-24T07:01:34.863465Z[0m [33m WARN[0m ThreadId(19) [2mzenoh::net::routing::dispatcher::queries[0m[2m:[0m Face{1, 40305f7b3f5b541aa0ec8ecbc8027690}:2064 Route reply: Query not found!
[2m2026-08-24T07:01:34.863531Z[0m [33m WARN[0m ThreadId(19) [2mzenoh::net::routing::dispatcher::queries[0m[2m:[0m Face{1, 40305f7b3f5b541aa0ec8ecbc8027690}:2064 Route final reply: Query not found!
[2m2026-08-24T07:01:44.999787Z[0m [33m WARN[0m                net-0 ThreadId(14) [2mzenoh::net::routing::dispatcher::queries[0m[2m:[0m Face{1, 40305f7b3f5b541aa0ec8ecbc8027690}:2068 Didn't receive final reply for query Face{2, d1aa1c0db8ee4a52adc3b1e68d42760d}:2068: Timeout(10s)!
[2m2026-08-24T07:01:52.866035Z[0m [33m WARN[0m ThreadId(19) [2mzenoh::net::routing::dispatcher::queries[0m[2m:[0m Face{1, 40305f7b3f5b541aa0ec8ecbc8027690}:2068 Route reply: Query not found!
[2m2026-08-24T07:01:52.866099Z[0m [33m WARN[0m ThreadId(19) [2mzenoh::net::routing::dispatcher::queries[0m[2m:[0m Face{1, 40305f7b3f5b541aa0ec8ecbc8027690}:2068 Route final reply: Query not found!
[2m2026-08-24T07:02:02.967674Z[0m [33m WARN[0m                net-0 ThreadId(14) [2mzenoh::net::routing::dispatcher::queries[0m[2m:[0m Face{1, 40305f7b3f5b541aa0ec8ecbc8027690}:2072 Didn't receive final reply for query Face{2, d1aa1c0db8ee4a52adc3b1e68d42760d}:2072: Timeout(10s)!
[2m2026-08-24T07:02:10.861489Z[0m [33m WARN[0m ThreadId(19) [2mzenoh::net::routing::dispatcher::queries[0m[2m:[0m Face{1, 40305f7b3f5b541aa0ec8ecbc8027690}:2072 Route reply: Query not found!
[2m2026-08-24T07:02:10.861541Z[0m [33m WARN[0m ThreadId(19) [2mzenoh::net::routing::dispatcher::queries[0m[2m:[0m Face{1, 40305f7b3f5b541aa0ec8ecbc8027690}:2072 Route final reply: Query not found!
[2m2026-08-24T07:02:20.939659Z[0m [33m WARN[0m                net-0 ThreadId(14) [2mzenoh::net::routing::dispatcher::queries[0m[2m:[0m Face{1, 40305f7b3f5b541aa0ec8ecbc8027690}:2076 Didn't receive final reply for query Face{2, d1aa1c0db8ee4a52adc3b1e68d42760d}:2076: Timeout(10s)!
[2m2026-08-24T07:02:28.860574Z[0m [33m WARN[0m ThreadId(19) [2mzenoh::net::routing::dispatcher::queries[0m[2m:[0m Face{1, 40305f7b3f5b541aa0ec8ecbc8027690}:2076 Route reply: Query not found!
[2m2026-08-24T07:02:28.860608Z[0m [33m WARN[0m ThreadId(19) [2mzenoh::net::routing::dispatcher::queries[0m[2m:[0m Face{1, 40305f7b3f5b541aa0ec8ecbc8027690}:2076 Route final reply: Query not found!
[2m2026-08-24T07:02:38.914409Z[0m [33m WARN[0m                net-0 ThreadId(14) [2mzenoh::net::routing::dispatcher::queries[0m[2m:[0m Face{1, 40305f7b3f5b541aa0ec8ecbc8027690}:2080 Didn't receive final reply for query Face{2, d1aa1c0db8ee4a52adc3b1e68d42760d}:2080: Timeout(10s)!
[2m2026-08-24T07:02:46.863980Z[0m [33m WARN[0m ThreadId(19) [2mzenoh::net::routing::dispatcher::queries[0m[2m:[0m Face{1, 40305f7b3f5b541aa0ec8ecbc8027690}:2080 Route reply: Query not found!
[2m2026-08-24T07:02:46.864023Z[0m [33m WARN[0m ThreadId(19) [2mzenoh::net::routing::dispatcher::queries[0m[2m:[0m Face{1, 40305f7b3f5b541aa0ec8ecbc8027690}:2080 Route final reply: Query not found!
[2m2026-08-24T07:02:56.902672Z[0m [33m WARN[0m                net-0 ThreadId(14) [2mzenoh::net::routing::dispatcher::queries[0m[2m:[0m Face{1, 40305f7b3f5b541aa0ec8ecbc8027690}:2084 Didn't receive final reply for query Face{2, d1aa1c0db8ee4a52adc3b1e68d42760d}:2084: Timeout(10s)!
[2m2026-08-24T07:03:04.862351Z[0m [33m WARN[0m ThreadId(19) [2mzenoh::net::routing::dispatcher::queries[0m[2m:[0m Face{1, 40305f7b3f5b541aa0ec8ecbc8027690}:2084 Route reply: Query not found!
[2m2026-08-24T07:03:04.862391Z[0m [33m WARN[0m ThreadId(19) [2mzenoh::net::routing::dispatcher::queries[0m[2m:[0m Face{1, 40305f7b3f5b541aa0ec8ecbc8027690}:2084 Route final reply: Query not found!
[2m2026-08-24T07:03:14.972679Z[0m [33m WARN[0m                net-0 ThreadId(14) [2mzenoh::net::routing::dispatcher::queries[0m[2m:[0m Face{1, 40305f7b3f5b541aa0ec8ecbc8027690}:2088 Didn't receive final reply for query Face{2, d1aa1c0db8ee4a52adc3b1e68d42760d}:2088: Timeout(10s)!
[2m2026-08-24T07:03:22.865254Z[0m [33m WARN[0m ThreadId(19) [2mzenoh::net::routing::dispatcher::queries[0m[2m:[0m Face{1, 40305f7b3f5b541aa0ec8ecbc8027690}:2088 Route reply: Query not found!
[2m2026-08-24T07:03:22.865324Z[0m [33m WARN[0m ThreadId(19) [2mzenoh::net::routing::dispatcher::queries[0m[2m:[0m Face{1, 40305f7b3f5b541aa0ec8ecbc8027690}:2088 Route final reply: Query not found!
[2m2026-08-24T07:03:32.964717Z[0m [33m WARN[0m                net-0 ThreadId(14) [2mzenoh::net::routing::dispatcher::queries[0m[2m:[0m Face{1, 40305f7b3f5b541aa0ec8ecbc8027690}:2092 Didn't receive final reply for query Face{2, d1aa1c0db8ee4a52adc3b1e68d42760d}:2092: Timeout(10s)!
[2m2026-08-24T07:03:40.868191Z[0m [33m WARN[0m ThreadId(19) [2mzenoh::net::routing::dispatcher::queries[0m[2m:[0m Face{1, 40305f7b3f5b541aa0ec8ecbc8027690}:2092 Route reply: Query not found!
[2m2026-08-24T07:03:40.868230Z[0m [33m WARN[0m ThreadId(19) [2mzenoh::net::routing::dispatcher::queries[0m[2m:[0m Face{1, 40305f7b3f5b541aa0ec8ecbc8027690}:2092 Route final reply: Query not found!
[2m2026-08-24T07:03:50.951792Z[0m [33m WARN[0m                net-0 ThreadId(14) [2mzenoh::net::routing::dispatcher::queries[0m[2m:[0m Face{1, 40305f7b3f5b541aa0ec8ecbc8027690}:2096 Didn't receive final reply for query Face{2, d1aa1c0db8ee4a52adc3b1e68d42760d}:2096: Timeout(10s)!
[2m2026-08-24T07:03:58.867087Z[0m [33m WARN[0m ThreadId(19) [2mzenoh::net::routing::dispatcher::queries[0m[2m:[0m Face{1, 40305f7b3f5b541aa0ec8ecbc8027690}:2096 Route reply: Query not found!
[2m2026-08-24T07:03:58.867143Z[0m [33m WARN[0m ThreadId(19) [2mzenoh::net::routing::dispatcher::queries[0m[2m:[0m Face{1, 40305f7b3f5b541aa0ec8ecbc8027690}:2096 Route final reply: Query not found!
[2m2026-08-24T07:04:08.897883Z[0m [33m WARN[0m                net-0 ThreadId(14) [2mzenoh::net::routing::dispatcher::queries[0m[2m:[0m Face{1, 40305f7b3f5b541aa0ec8ecbc8027690}:2100 Didn't receive final reply for query Face{2, d1aa1c0db8ee4a52adc3b1e68d42760d}:2100: Timeout(10s)!
[2m2026-08-24T07:04:16.867671Z[0m [33m WARN[0m ThreadId(19) [2mzenoh::net::routing::dispatcher::queries[0m[2m:[0m Face{1, 40305f7b3f5b541aa0ec8ecbc8027690}:2100 Route reply: Query not found!
[2m2026-08-24T07:04:16.867708Z[0m [33m WARN[0m ThreadId(19) [2mzenoh::net::routing::dispatcher::queries[0m[2m:[0m Face{1, 40305f7b3f5b541aa0ec8ecbc8027690}:2100 Route final reply: Query not found!
[2m2026-08-24T07:04:26.972697Z[0m [33m WARN[0m                net-0 ThreadId(14) [2mzenoh::net::routing::dispatcher::queries[0m[2m:[0m Face{1, 40305f7b3f5b541aa0ec8ecbc8027690}:2104 Didn't receive final reply for query Face{2, d1aa1c0db8ee4a52adc3b1e68d42760d}:2104: Timeout(10s)!
[2m2026-08-24T07:04:34.864758Z[0m [33m WARN[0m ThreadId(19) [2mzenoh::net::routing::dispatcher::queries[0m[2m:[0m Face{1, 40305f7b3f5b541aa0ec8ecbc8027690}:2104 Route reply: Query not found!
[2m2026-08-24T07:04:34.864869Z[0m [33m WARN[0m ThreadId(19) [2mzenoh::net::routing::dispatcher::queries[0m[2m:[0m Face{1, 40305f7b3f5b541aa0ec8ecbc8027690}:2104 Route final reply: Query not found!
[2m2026-08-24T07:04:44.948702Z[0m [33m WARN[0m                net-0 ThreadId(14) [2mzenoh::net::routing::dispatcher::queries[0m[2m:[0m Face{1, 40305f7b3f5b541aa0ec8ecbc8027690}:2108 Didn't receive final reply for query Face{2, d1aa1c0db8ee4a52adc3b1e68d42760d}:2108: Timeout(10s)!
[2m2026-08-24T07:04:52.867978Z[0m [33m WARN[0m ThreadId(19) [2mzenoh::net::routing::dispatcher::queries[0m[2m:[0m Face{1, 40305f7b3f5b541aa0ec8ecbc8027690}:2108 Route reply: Query not found!
[2m2026-08-24T07:04:52.868007Z[0m [33m WARN[0m ThreadId(19) [2mzenoh::net::routing::dispatcher::queries[0m[2m:[0m Face{1, 40305f7b3f5b541aa0ec8ecbc8027690}:2108 Route final reply: Query not found!
[2m2026-08-24T07:05:02.938742Z[0m [33m WARN[0m                net-0 ThreadId(14) [2mzenoh::net::routing::dispatcher::queries[0m[2m:[0m Face{1, 40305f7b3f5b541aa0ec8ecbc8027690}:2112 Didn't receive final reply for query Face{2, d1aa1c0db8ee4a52adc3b1e68d42760d}:2112: Timeout(10s)!
[2m2026-08-24T07:05:10.867951Z[0m [33m WARN[0m ThreadId(19) [2mzenoh::net::routing::dispatcher::queries[0m[2m:[0m Face{1, 40305f7b3f5b541aa0ec8ecbc8027690}:2112 Route reply: Query not found!
[2m2026-08-24T07:05:10.867977Z[0m [33m WARN[0m ThreadId(19) [2mzenoh::net::routing::dispatcher::queries[0m[2m:[0m Face{1, 40305f7b3f5b541aa0ec8ecbc8027690}:2112 Route final reply: Query not found!
[2m2026-08-24T07:05:20.910740Z[0m [33m WARN[0m                net-0 ThreadId(14) [2mzenoh::net::routing::dispatcher::queries[0m[2m:[0m Face{1, 40305f7b3f5b541aa0ec8ecbc8027690}:2116 Didn't receive final reply for query Face{2, d1aa1c0db8ee4a52adc3b1e68d42760d}:2116: Timeout(10s)!
[2m2026-08-24T07:05:28.859624Z[0m [33m WARN[0m ThreadId(19) [2mzenoh::net::routing::dispatcher::queries[0m[2m:[0m Face{1, 40305f7b3f5b541aa0ec8ecbc8027690}:2116 Route reply: Query not found!
[2m2026-08-24T07:05:28.859665Z[0m [33m WARN[0m ThreadId(19) [2mzenoh::net::routing::dispatcher::queries[0m[2m:[0m Face{1, 40305f7b3f5b541aa0ec8ecbc8027690}:2116 Route final reply: Query not found!
[2m2026-08-24T07:05:38.992242Z[0m [33m WARN[0m                net-0 ThreadId(14) [2mzenoh::net::routing::dispatcher::queries[0m[2m:[0m Face{1, 40305f7b3f5b541aa0ec8ecbc8027690}:2120 Didn't receive final reply for query Face{2, d1aa1c0db8ee4a52adc3b1e68d42760d}:2120: Timeout(10s)!
[2m2026-08-24T07:05:46.866224Z[0m [33m WARN[0m ThreadId(19) [2mzenoh::net::routing::dispatcher::queries[0m[2m:[0m Face{1, 40305f7b3f5b541aa0ec8ecbc8027690}:2120 Route reply: Query not found!
[2m2026-08-24T07:05:46.866266Z[0m [33m WARN[0m ThreadId(19) [2mzenoh::net::routing::dispatcher::queries[0m[2m:[0m Face{1, 40305f7b3f5b541aa0ec8ecbc8027690}:2120 Route final reply: Query not found!
[2m2026-08-24T07:05:56.993772Z[0m [33m WARN[0m                net-0 ThreadId(14) [2mzenoh::net::routing::dispatcher::queries[0m[2m:[0m Face{1, 40305f7b3f5b541aa0ec8ecbc8027690}:2124 Didn't receive final reply for query Face{2, d1aa1c0db8ee4a52adc3b1e68d42760d}:2124: Timeout(10s)!
[2m2026-08-24T07:06:04.865218Z[0m [33m WARN[0m ThreadId(19) [2mzenoh::net::routing::dispatcher::queries[0m[2m:[0m Face{1, 40305f7b3f5b541aa0ec8ecbc8027690}:2124 Route reply: Query not found!
[2m2026-08-24T07:06:04.865260Z[0m [33m WARN[0m ThreadId(19) [2mzenoh::net::routing::dispatcher::queries[0m[2m:[0m Face{1, 40305f7b3f5b541aa0ec8ecbc8027690}:2124 Route final reply: Query not found!
[2m2026-08-24T07:06:14.992704Z[0m [33m WARN[0m                net-0 ThreadId(14) [2mzenoh::net::routing::dispatcher::queries[0m[2m:[0m Face{1, 40305f7b3f5b541aa0ec8ecbc8027690}:2128 Didn't receive final reply for query Face{2, d1aa1c0db8ee4a52adc3b1e68d42760d}:2128: Timeout(10s)!
[2m2026-08-24T07:06:22.864312Z[0m [33m WARN[0m ThreadId(19) [2mzenoh::net::routing::dispatcher::queries[0m[2m:[0m Face{1, 40305f7b3f5b541aa0ec8ecbc8027690}:2128 Route reply: Query not found!
[2m2026-08-24T07:06:22.864362Z[0m [33m WARN[0m ThreadId(19) [2mzenoh::net::routing::dispatcher::queries[0m[2m:[0m Face{1, 40305f7b3f5b541aa0ec8ecbc8027690}:2128 Route final reply: Query not found!
[2m2026-08-24T07:06:32.963676Z[0m [33m WARN[0m                net-0 ThreadId(14) [2mzenoh::net::routing::dispatcher::queries[0m[2m:[0m Face{1, 40305f7b3f5b541aa0ec8ecbc8027690}:2132 Didn't receive final reply for query Face{2, d1aa1c0db8ee4a52adc3b1e68d42760d}:2132: Timeout(10s)!
[2m2026-08-24T07:06:40.864902Z[0m [33m WARN[0m ThreadId(19) [2mzenoh::net::routing::dispatcher::queries[0m[2m:[0m Face{1, 40305f7b3f5b541aa0ec8ecbc8027690}:2132 Route reply: Query not found!
[2m2026-08-24T07:06:40.864960Z[0m [33m WARN[0m ThreadId(19) [2mzenoh::net::routing::dispatcher::queries[0m[2m:[0m Face{1, 40305f7b3f5b541aa0ec8ecbc8027690}:2132 Route final reply: Query not found!
[2m2026-08-24T07:06:50.952769Z[0m [33m WARN[0m                net-0 ThreadId(14) [2mzenoh::net::routing::dispatcher::queries[0m[2m:[0m Face{1, 40305f7b3f5b541aa0ec8ecbc8027690}:2136 Didn't receive final reply for query Face{2, d1aa1c0db8ee4a52adc3b1e68d42760d}:2136: Timeout(10s)!
[2m2026-08-24T07:06:58.863862Z[0m [33m WARN[0m ThreadId(19) [2mzenoh::net::routing::dispatcher::queries[0m[2m:[0m Face{1, 40305f7b3f5b541aa0ec8ecbc8027690}:2136 Route reply: Query not found!
[2m2026-08-24T07:06:58.863896Z[0m [33m WARN[0m ThreadId(19) [2mzenoh::net::routing::dispatcher::queries[0m[2m:[0m Face{1, 40305f7b3f5b541aa0ec8ecbc8027690}:2136 Route final reply: Query not found!
[2m2026-08-24T07:07:08.930696Z[0m [33m WARN[0m                net-0 ThreadId(14) [2mzenoh::net::routing::dispatcher::queries[0m[2m:[0m Face{1, 40305f7b3f5b541aa0ec8ecbc8027690}:2140 Didn't receive final reply for query Face{2, d1aa1c0db8ee4a52adc3b1e68d42760d}:2140: Timeout(10s)!
[2m2026-08-24T07:07:16.859801Z[0m [33m WARN[0m ThreadId(19) [2mzenoh::net::routing::dispatcher::queries[0m[2m:[0m Face{1, 40305f7b3f5b541aa0ec8ecbc8027690}:2140 Route reply: Query not found!
[2m2026-08-24T07:07:16.859848Z[0m [33m WARN[0m ThreadId(19) [2mzenoh::net::routing::dispatcher::queries[0m[2m:[0m Face{1, 40305f7b3f5b541aa0ec8ecbc8027690}:2140 Route final reply: Query not found!
[2m2026-08-24T07:07:26.932709Z[0m [33m WARN[0m                net-0 ThreadId(14) [2mzenoh::net::routing::dispatcher::queries[0m[2m:[0m Face{1, 40305f7b3f5b541aa0ec8ecbc8027690}:2144 Didn't receive final reply for query Face{2, d1aa1c0db8ee4a52adc3b1e68d42760d}:2144: Timeout(10s)!
[2m2026-08-24T07:07:34.858736Z[0m [33m WARN[0m ThreadId(19) [2mzenoh::net::routing::dispatcher::queries[0m[2m:[0m Face{1, 40305f7b3f5b541aa0ec8ecbc8027690}:2144 Route reply: Query not found!
[2m2026-08-24T07:07:34.858778Z[0m [33m WARN[0m ThreadId(19) [2mzenoh::net::routing::dispatcher::queries[0m[2m:[0m Face{1, 40305f7b3f5b541aa0ec8ecbc8027690}:2144 Route final reply: Query not found!
[2m2026-08-24T07:07:44.917678Z[0m [33m WARN[0m                net-0 ThreadId(14) [2mzenoh::net::routing::dispatcher::queries[0m[2m:[0m Face{1, 40305f7b3f5b541aa0ec8ecbc8027690}:2148 Didn't receive final reply for query Face{2, d1aa1c0db8ee4a52adc3b1e68d42760d}:2148: Timeout(10s)!
[2m2026-08-24T07:07:52.867212Z[0m [33m WARN[0m ThreadId(19) [2mzenoh::net::routing::dispatcher::queries[0m[2m:[0m Face{1, 40305f7b3f5b541aa0ec8ecbc8027690}:2148 Route reply: Query not found!
[2m2026-08-24T07:07:52.867265Z[0m [33m WARN[0m ThreadId(19) [2mzenoh::net::routing::dispatcher::queries[0m[2m:[0m Face{1, 40305f7b3f5b541aa0ec8ecbc8027690}:2148 Route final reply: Query not found!
[2m2026-08-24T07:08:02.932678Z[0m [33m WARN[0m                net-0 ThreadId(14) [2mzenoh::net::routing::dispatcher::queries[0m[2m:[0m Face{1, 40305f7b3f5b541aa0ec8ecbc8027690}:2152 Didn't receive final reply for query Face{2, d1aa1c0db8ee4a52adc3b1e68d42760d}:2152: Timeout(10s)!
[2m2026-08-24T07:08:10.862877Z[0m [33m WARN[0m ThreadId(19) [2mzenoh::net::routing::dispatcher::queries[0m[2m:[0m Face{1, 40305f7b3f5b541aa0ec8ecbc8027690}:2152 Route reply: Query not found!
[2m2026-08-24T07:08:10.862927Z[0m [33m WARN[0m ThreadId(19) [2mzenoh::net::routing::dispatcher::queries[0m[2m:[0m Face{1, 40305f7b3f5b541aa0ec8ecbc8027690}:2152 Route final reply: Query not found!
[2m2026-08-24T07:08:20.921691Z[0m [33m WARN[0m                net-0 ThreadId(14) [2mzenoh::net::routing::dispatcher::queries[0m[2m:[0m Face{1, 40305f7b3f5b541aa0ec8ecbc8027690}:2156 Didn't receive final reply for query Face{2, d1aa1c0db8ee4a52adc3b1e68d42760d}:2156: Timeout(10s)!
[2m2026-08-24T07:08:28.867455Z[0m [33m WARN[0m ThreadId(19) [2mzenoh::net::routing::dispatcher::queries[0m[2m:[0m Face{1, 40305f7b3f5b541aa0ec8ecbc8027690}:2156 Route reply: Query not found!
[2m2026-08-24T07:08:28.867505Z[0m [33m WARN[0m ThreadId(19) [2mzenoh::net::routing::dispatcher::queries[0m[2m:[0m Face{1, 40305f7b3f5b541aa0ec8ecbc8027690}:2156 Route final reply: Query not found!
[2m2026-08-24T07:08:38.931954Z[0m [33m WARN[0m                net-0 ThreadId(14) [2mzenoh::net::routing::dispatcher::queries[0m[2m:[0m Face{1, 40305f7b3f5b541aa0ec8ecbc8027690}:2160 Didn't receive final reply for query Face{2, d1aa1c0db8ee4a52adc3b1e68d42760d}:2160: Timeout(10s)!
[2m2026-08-24T07:08:46.859347Z[0m [33m WARN[0m ThreadId(19) [2mzenoh::net::routing::dispatcher::queries[0m[2m:[0m Face{1, 40305f7b3f5b541aa0ec8ecbc8027690}:2160 Route reply: Query not found!
[2m2026-08-24T07:08:46.859392Z[0m [33m WARN[0m ThreadId(19) [2mzenoh::net::routing::dispatcher::queries[0m[2m:[0m Face{1, 40305f7b3f5b541aa0ec8ecbc8027690}:2160 Route final reply: Query not found!
[2m2026-08-24T07:08:56.948278Z[0m [33m WARN[0m                net-0 ThreadId(14) [2mzenoh::net::routing::dispatcher::queries[0m[2m:[0m Face{1, 40305f7b3f5b541aa0ec8ecbc8027690}:2164 Didn't receive final reply for query Face{2, d1aa1c0db8ee4a52adc3b1e68d42760d}:2164: Timeout(10s)!
[2m2026-08-24T07:09:04.865240Z[0m [33m WARN[0m ThreadId(19) [2mzenoh::net::routing::dispatcher::queries[0m[2m:[0m Face{1, 40305f7b3f5b541aa0ec8ecbc8027690}:2164 Route reply: Query not found!
[2m2026-08-24T07:09:04.865293Z[0m [33m WARN[0m ThreadId(19) [2mzenoh::net::routing::dispatcher::queries[0m[2m:[0m Face{1, 40305f7b3f5b541aa0ec8ecbc8027690}:2164 Route final reply: Query not found!
[2m2026-08-24T07:09:14.921683Z[0m [33m WARN[0m                net-0 ThreadId(14) [2mzenoh::net::routing::dispatcher::queries[0m[2m:[0m Face{1, 40305f7b3f5b541aa0ec8ecbc8027690}:2168 Didn't receive final reply for query Face{2, d1aa1c0db8ee4a52adc3b1e68d42760d}:2168: Timeout(10s)!
[2m2026-08-24T07:09:22.867246Z[0m [33m WARN[0m ThreadId(19) [2mzenoh::net::routing::dispatcher::queries[0m[2m:[0m Face{1, 40305f7b3f5b541aa0ec8ecbc8027690}:2168 Route reply: Query not found!
[2m2026-08-24T07:09:22.867308Z[0m [33m WARN[0m ThreadId(19) [2mzenoh::net::routing::dispatcher::queries[0m[2m:[0m Face{1, 40305f7b3f5b541aa0ec8ecbc8027690}:2168 Route final reply: Query not found!
[2m2026-08-24T07:09:32.903930Z[0m [33m WARN[0m                net-0 ThreadId(14) [2mzenoh::net::routing::dispatcher::queries[0m[2m:[0m Face{1, 40305f7b3f5b541aa0ec8ecbc8027690}:2172 Didn't receive final reply for query Face{2, d1aa1c0db8ee4a52adc3b1e68d42760d}:2172: Timeout(10s)!
[2m2026-08-24T07:09:40.865194Z[0m [33m WARN[0m ThreadId(19) [2mzenoh::net::routing::dispatcher::queries[0m[2m:[0m Face{1, 40305f7b3f5b541aa0ec8ecbc8027690}:2172 Route reply: Query not found!
[2m2026-08-24T07:09:40.865266Z[0m [33m WARN[0m ThreadId(19) [2mzenoh::net::routing::dispatcher::queries[0m[2m:[0m Face{1, 40305f7b3f5b541aa0ec8ecbc8027690}:2172 Route final reply: Query not found!
[2m2026-08-24T07:09:50.983902Z[0m [33m WARN[0m                net-0 ThreadId(14) [2mzenoh::net::routing::dispatcher::queries[0m[2m:[0m Face{1, 40305f7b3f5b541aa0ec8ecbc8027690}:2176 Didn't receive final reply for query Face{2, d1aa1c0db8ee4a52adc3b1e68d42760d}:2176: Timeout(10s)!
[2m2026-08-24T07:09:58.860884Z[0m [33m WARN[0m ThreadId(19) [2mzenoh::net::routing::dispatcher::queries[0m[2m:[0m Face{1, 40305f7b3f5b541aa0ec8ecbc8027690}:2176 Route reply: Query not found!
[2m2026-08-24T07:09:58.860947Z[0m [33m WARN[0m ThreadId(19) [2mzenoh::net::routing::dispatcher::queries[0m[2m:[0m Face{1, 40305f7b3f5b541aa0ec8ecbc8027690}:2176 Route final reply: Query not found!
[2m2026-08-24T07:10:08.951951Z[0m [33m WARN[0m                net-0 ThreadId(14) [2mzenoh::net::routing::dispatcher::queries[0m[2m:[0m Face{1, 40305f7b3f5b541aa0ec8ecbc8027690}:2180 Didn't receive final reply for query Face{2, d1aa1c0db8ee4a52adc3b1e68d42760d}:2180: Timeout(10s)!
[2m2026-08-24T07:10:16.874446Z[0m [33m WARN[0m ThreadId(19) [2mzenoh::net::routing::dispatcher::queries[0m[2m:[0m Face{1, 40305f7b3f5b541aa0ec8ecbc8027690}:2180 Route reply: Query not found!
[2m2026-08-24T07:10:16.874508Z[0m [33m WARN[0m ThreadId(19) [2mzenoh::net::routing::dispatcher::queries[0m[2m:[0m Face{1, 40305f7b3f5b541aa0ec8ecbc8027690}:2180 Route final reply: Query not found!
[2m2026-08-24T07:10:27.010777Z[0m [33m WARN[0m                net-0 ThreadId(14) [2mzenoh::net::routing::dispatcher::queries[0m[2m:[0m Face{1, 40305f7b3f5b541aa0ec8ecbc8027690}:2184 Didn't receive final reply for query Face{2, d1aa1c0db8ee4a52adc3b1e68d42760d}:2184: Timeout(10s)!
[2m2026-08-24T07:10:34.863063Z[0m [33m WARN[0m ThreadId(19) [2mzenoh::net::routing::dispatcher::queries[0m[2m:[0m Face{1, 40305f7b3f5b541aa0ec8ecbc8027690}:2184 Route reply: Query not found!
[2m2026-08-24T07:10:34.863118Z[0m [33m WARN[0m ThreadId(19) [2mzenoh::net::routing::dispatcher::queries[0m[2m:[0m Face{1, 40305f7b3f5b541aa0ec8ecbc8027690}:2184 Route final reply: Query not found!
[2m2026-08-24T07:10:44.998672Z[0m [33m WARN[0m                net-0 ThreadId(14) [2mzenoh::net::routing::dispatcher::queries[0m[2m:[0m Face{1, 40305f7b3f5b541aa0ec8ecbc8027690}:2188 Didn't receive final reply for query Face{2, d1aa1c0db8ee4a52adc3b1e68d42760d}:2188: Timeout(10s)!
[2m2026-08-24T07:10:52.868838Z[0m [33m WARN[0m ThreadId(19) [2mzenoh::net::routing::dispatcher::queries[0m[2m:[0m Face{1, 40305f7b3f5b541aa0ec8ecbc8027690}:2188 Route reply: Query not found!
[2m2026-08-24T07:10:52.868874Z[0m [33m WARN[0m ThreadId(19) [2mzenoh::net::routing::dispatcher::queries[0m[2m:[0m Face{1, 40305f7b3f5b541aa0ec8ecbc8027690}:2188 Route final reply: Query not found!
[2m2026-08-24T07:11:02.963045Z[0m [33m WARN[0m                net-0 ThreadId(14) [2mzenoh::net::routing::dispatcher::queries[0m[2m:[0m Face{1, 40305f7b3f5b541aa0ec8ecbc8027690}:2192 Didn't receive final reply for query Face{2, d1aa1c0db8ee4a52adc3b1e68d42760d}:2192: Timeout(10s)!
[2m2026-08-24T07:11:10.865001Z[0m [33m WARN[0m ThreadId(19) [2mzenoh::net::routing::dispatcher::queries[0m[2m:[0m Face{1, 40305f7b3f5b541aa0ec8ecbc8027690}:2192 Route reply: Query not found!
[2m2026-08-24T07:11:10.865048Z[0m [33m WARN[0m ThreadId(19) [2mzenoh::net::routing::dispatcher::queries[0m[2m:[0m Face{1, 40305f7b3f5b541aa0ec8ecbc8027690}:2192 Route final reply: Query not found!
[2m2026-08-24T07:11:20.919694Z[0m [33m WARN[0m                net-0 ThreadId(14) [2mzenoh::net::routing::dispatcher::queries[0m[2m:[0m Face{1, 40305f7b3f5b541aa0ec8ecbc8027690}:2196 Didn't receive final reply for query Face{2, d1aa1c0db8ee4a52adc3b1e68d42760d}:2196: Timeout(10s)!
[2m2026-08-24T07:11:28.867281Z[0m [33m WARN[0m ThreadId(19) [2mzenoh::net::routing::dispatcher::queries[0m[2m:[0m Face{1, 40305f7b3f5b541aa0ec8ecbc8027690}:2196 Route reply: Query not found!
[2m2026-08-24T07:11:28.867346Z[0m [33m WARN[0m ThreadId(19) [2mzenoh::net::routing::dispatcher::queries[0m[2m:[0m Face{1, 40305f7b3f5b541aa0ec8ecbc8027690}:2196 Route final reply: Query not found!
[2m2026-08-24T07:11:38.978787Z[0m [33m WARN[0m                net-0 ThreadId(14) [2mzenoh::net::routing::dispatcher::queries[0m[2m:[0m Face{1, 40305f7b3f5b541aa0ec8ecbc8027690}:2200 Didn't receive final reply for query Face{2, d1aa1c0db8ee4a52adc3b1e68d42760d}:2200: Timeout(10s)!
[2m2026-08-24T07:11:46.860169Z[0m [33m WARN[0m ThreadId(19) [2mzenoh::net::routing::dispatcher::queries[0m[2m:[0m Face{1, 40305f7b3f5b541aa0ec8ecbc8027690}:2200 Route reply: Query not found!
[2m2026-08-24T07:11:46.860215Z[0m [33m WARN[0m ThreadId(19) [2mzenoh::net::routing::dispatcher::queries[0m[2m:[0m Face{1, 40305f7b3f5b541aa0ec8ecbc8027690}:2200 Route final reply: Query not found!
[2m2026-08-24T07:11:56.946887Z[0m [33m WARN[0m                net-0 ThreadId(14) [2mzenoh::net::routing::dispatcher::queries[0m[2m:[0m Face{1, 40305f7b3f5b541aa0ec8ecbc8027690}:2204 Didn't receive final reply for query Face{2, d1aa1c0db8ee4a52adc3b1e68d42760d}:2204: Timeout(10s)!
[2m2026-08-24T07:12:04.867013Z[0m [33m WARN[0m ThreadId(19) [2mzenoh::net::routing::dispatcher::queries[0m[2m:[0m Face{1, 40305f7b3f5b541aa0ec8ecbc8027690}:2204 Route reply: Query not found!
[2m2026-08-24T07:12:04.867065Z[0m [33m WARN[0m ThreadId(19) [2mzenoh::net::routing::dispatcher::queries[0m[2m:[0m Face{1, 40305f7b3f5b541aa0ec8ecbc8027690}:2204 Route final reply: Query not found!
[2m2026-08-24T07:12:14.902688Z[0m [33m WARN[0m                net-0 ThreadId(14) [2mzenoh::net::routing::dispatcher::queries[0m[2m:[0m Face{1, 40305f7b3f5b541aa0ec8ecbc8027690}:2208 Didn't receive final reply for query Face{2, d1aa1c0db8ee4a52adc3b1e68d42760d}:2208: Timeout(10s)!
[2m2026-08-24T07:12:22.865067Z[0m [33m WARN[0m ThreadId(19) [2mzenoh::net::routing::dispatcher::queries[0m[2m:[0m Face{1, 40305f7b3f5b541aa0ec8ecbc8027690}:2208 Route reply: Query not found!
[2m2026-08-24T07:12:22.865122Z[0m [33m WARN[0m ThreadId(19) [2mzenoh::net::routing::dispatcher::queries[0m[2m:[0m Face{1, 40305f7b3f5b541aa0ec8ecbc8027690}:2208 Route final reply: Query not found!
[2m2026-08-24T07:12:32.964538Z[0m [33m WARN[0m                net-0 ThreadId(14) [2mzenoh::net::routing::dispatcher::queries[0m[2m:[0m Face{1, 40305f7b3f5b541aa0ec8ecbc8027690}:2212 Didn't receive final reply for query Face{2, d1aa1c0db8ee4a52adc3b1e68d42760d}:2212: Timeout(10s)!
[2m2026-08-24T07:12:40.859017Z[0m [33m WARN[0m ThreadId(19) [2mzenoh::net::routing::dispatcher::queries[0m[2m:[0m Face{1, 40305f7b3f5b541aa0ec8ecbc8027690}:2212 Route reply: Query not found!
[2m2026-08-24T07:12:40.859061Z[0m [33m WARN[0m ThreadId(19) [2mzenoh::net::routing::dispatcher::queries[0m[2m:[0m Face{1, 40305f7b3f5b541aa0ec8ecbc8027690}:2212 Route final reply: Query not found!
[2m2026-08-24T07:12:50.929658Z[0m [33m WARN[0m                net-0 ThreadId(14) [2mzenoh::net::routing::dispatcher::queries[0m[2m:[0m Face{1, 40305f7b3f5b541aa0ec8ecbc8027690}:2216 Didn't receive final reply for query Face{2, d1aa1c0db8ee4a52adc3b1e68d42760d}:2216: Timeout(10s)!
[2m2026-08-24T07:12:58.865747Z[0m [33m WARN[0m ThreadId(19) [2mzenoh::net::routing::dispatcher::queries[0m[2m:[0m Face{1, 40305f7b3f5b541aa0ec8ecbc8027690}:2216 Route reply: Query not found!
[2m2026-08-24T07:12:58.865810Z[0m [33m WARN[0m ThreadId(19) [2mzenoh::net::routing::dispatcher::queries[0m[2m:[0m Face{1, 40305f7b3f5b541aa0ec8ecbc8027690}:2216 Route final reply: Query not found!
[2m2026-08-24T07:13:08.998698Z[0m [33m WARN[0m                net-0 ThreadId(14) [2mzenoh::net::routing::dispatcher::queries[0m[2m:[0m Face{1, 40305f7b3f5b541aa0ec8ecbc8027690}:2220 Didn't receive final reply for query Face{2, d1aa1c0db8ee4a52adc3b1e68d42760d}:2220: Timeout(10s)!
[2m2026-08-24T07:13:16.860330Z[0m [33m WARN[0m ThreadId(19) [2mzenoh::net::routing::dispatcher::queries[0m[2m:[0m Face{1, 40305f7b3f5b541aa0ec8ecbc8027690}:2220 Route reply: Query not found!
[2m2026-08-24T07:13:16.860393Z[0m [33m WARN[0m ThreadId(19) [2mzenoh::net::routing::dispatcher::queries[0m[2m:[0m Face{1, 40305f7b3f5b541aa0ec8ecbc8027690}:2220 Route final reply: Query not found!
[2m2026-08-24T07:13:26.961700Z[0m [33m WARN[0m                net-0 ThreadId(14) [2mzenoh::net::routing::dispatcher::queries[0m[2m:[0m Face{1, 40305f7b3f5b541aa0ec8ecbc8027690}:2224 Didn't receive final reply for query Face{2, d1aa1c0db8ee4a52adc3b1e68d42760d}:2224: Timeout(10s)!
[2m2026-08-24T07:13:34.861909Z[0m [33m WARN[0m ThreadId(19) [2mzenoh::net::routing::dispatcher::queries[0m[2m:[0m Face{1, 40305f7b3f5b541aa0ec8ecbc8027690}:2224 Route reply: Query not found!
[2m2026-08-24T07:13:34.861946Z[0m [33m WARN[0m ThreadId(19) [2mzenoh::net::routing::dispatcher::queries[0m[2m:[0m Face{1, 40305f7b3f5b541aa0ec8ecbc8027690}:2224 Route final reply: Query not found!
[2m2026-08-24T07:13:44.929621Z[0m [33m WARN[0m                net-0 ThreadId(14) [2mzenoh::net::routing::dispatcher::queries[0m[2m:[0m Face{1, 40305f7b3f5b541aa0ec8ecbc8027690}:2228 Didn't receive final reply for query Face{2, d1aa1c0db8ee4a52adc3b1e68d42760d}:2228: Timeout(10s)!
[2m2026-08-24T07:13:52.859530Z[0m [33m WARN[0m ThreadId(19) [2mzenoh::net::routing::dispatcher::queries[0m[2m:[0m Face{1, 40305f7b3f5b541aa0ec8ecbc8027690}:2228 Route reply: Query not found!
[2m2026-08-24T07:13:52.859583Z[0m [33m WARN[0m ThreadId(19) [2mzenoh::net::routing::dispatcher::queries[0m[2m:[0m Face{1, 40305f7b3f5b541aa0ec8ecbc8027690}:2228 Route final reply: Query not found!
[2m2026-08-24T07:14:02.895379Z[0m [33m WARN[0m                net-0 ThreadId(14) [2mzenoh::net::routing::dispatcher::queries[0m[2m:[0m Face{1, 40305f7b3f5b541aa0ec8ecbc8027690}:2232 Didn't receive final reply for query Face{2, d1aa1c0db8ee4a52adc3b1e68d42760d}:2232: Timeout(10s)!
[2m2026-08-24T07:14:10.864192Z[0m [33m WARN[0m ThreadId(19) [2mzenoh::net::routing::dispatcher::queries[0m[2m:[0m Face{1, 40305f7b3f5b541aa0ec8ecbc8027690}:2232 Route reply: Query not found!
[2m2026-08-24T07:14:10.864234Z[0m [33m WARN[0m ThreadId(19) [2mzenoh::net::routing::dispatcher::queries[0m[2m:[0m Face{1, 40305f7b3f5b541aa0ec8ecbc8027690}:2232 Route final reply: Query not found!
[2m2026-08-24T07:14:20.961688Z[0m [33m WARN[0m                net-0 ThreadId(14) [2mzenoh::net::routing::dispatcher::queries[0m[2m:[0m Face{1, 40305f7b3f5b541aa0ec8ecbc8027690}:2236 Didn't receive final reply for query Face{2, d1aa1c0db8ee4a52adc3b1e68d42760d}:2236: Timeout(10s)!
[2m2026-08-24T07:14:28.860061Z[0m [33m WARN[0m ThreadId(19) [2mzenoh::net::routing::dispatcher::queries[0m[2m:[0m Face{1, 40305f7b3f5b541aa0ec8ecbc8027690}:2236 Route reply: Query not found!
[2m2026-08-24T07:14:28.860110Z[0m [33m WARN[0m ThreadId(19) [2mzenoh::net::routing::dispatcher::queries[0m[2m:[0m Face{1, 40305f7b3f5b541aa0ec8ecbc8027690}:2236 Route final reply: Query not found!
[2m2026-08-24T07:14:38.928798Z[0m [33m WARN[0m                net-0 ThreadId(14) [2mzenoh::net::routing::dispatcher::queries[0m[2m:[0m Face{1, 40305f7b3f5b541aa0ec8ecbc8027690}:2240 Didn't receive final reply for query Face{2, d1aa1c0db8ee4a52adc3b1e68d42760d}:2240: Timeout(10s)!
[2m2026-08-24T07:14:46.867674Z[0m [33m WARN[0m ThreadId(19) [2mzenoh::net::routing::dispatcher::queries[0m[2m:[0m Face{1, 40305f7b3f5b541aa0ec8ecbc8027690}:2240 Route reply: Query not found!
[2m2026-08-24T07:14:46.867738Z[0m [33m WARN[0m ThreadId(19) [2mzenoh::net::routing::dispatcher::queries[0m[2m:[0m Face{1, 40305f7b3f5b541aa0ec8ecbc8027690}:2240 Route final reply: Query not found!
[2m2026-08-24T07:14:56.988164Z[0m [33m WARN[0m                net-0 ThreadId(14) [2mzenoh::net::routing::dispatcher::queries[0m[2m:[0m Face{1, 40305f7b3f5b541aa0ec8ecbc8027690}:2244 Didn't receive final reply for query Face{2, d1aa1c0db8ee4a52adc3b1e68d42760d}:2244: Timeout(10s)!
[2m2026-08-24T07:15:04.868253Z[0m [33m WARN[0m ThreadId(19) [2mzenoh::net::routing::dispatcher::queries[0m[2m:[0m Face{1, 40305f7b3f5b541aa0ec8ecbc8027690}:2244 Route reply: Query not found!
[2m2026-08-24T07:15:04.868293Z[0m [33m WARN[0m ThreadId(19) [2mzenoh::net::routing::dispatcher::queries[0m[2m:[0m Face{1, 40305f7b3f5b541aa0ec8ecbc8027690}:2244 Route final reply: Query not found!
[2m2026-08-24T07:15:15.028784Z[0m [33m WARN[0m                net-0 ThreadId(14) [2mzenoh::net::routing::dispatcher::queries[0m[2m:[0m Face{1, 40305f7b3f5b541aa0ec8ecbc8027690}:2248 Didn't receive final reply for query Face{2, d1aa1c0db8ee4a52adc3b1e68d42760d}:2248: Timeout(10s)!
[2m2026-08-24T07:15:22.878822Z[0m [33m WARN[0m ThreadId(19) [2mzenoh::net::routing::dispatcher::queries[0m[2m:[0m Face{1, 40305f7b3f5b541aa0ec8ecbc8027690}:2248 Route reply: Query not found!
[2m2026-08-24T07:15:22.878923Z[0m [33m WARN[0m ThreadId(19) [2mzenoh::net::routing::dispatcher::queries[0m[2m:[0m Face{1, 40305f7b3f5b541aa0ec8ecbc8027690}:2248 Route final reply: Query not found!
[2m2026-08-24T07:15:32.930333Z[0m [33m WARN[0m                net-0 ThreadId(14) [2mzenoh::net::routing::dispatcher::queries[0m[2m:[0m Face{1, 40305f7b3f5b541aa0ec8ecbc8027690}:2252 Didn't receive final reply for query Face{2, d1aa1c0db8ee4a52adc3b1e68d42760d}:2252: Timeout(10s)!
[2m2026-08-24T07:15:40.862302Z[0m [33m WARN[0m ThreadId(19) [2mzenoh::net::routing::dispatcher::queries[0m[2m:[0m Face{1, 40305f7b3f5b541aa0ec8ecbc8027690}:2252 Route reply: Query not found!
[2m2026-08-24T07:15:40.862350Z[0m [33m WARN[0m ThreadId(19) [2mzenoh::net::routing::dispatcher::queries[0m[2m:[0m Face{1, 40305f7b3f5b541aa0ec8ecbc8027690}:2252 Route final reply: Query not found!
[2m2026-08-24T07:15:50.997971Z[0m [33m WARN[0m                net-0 ThreadId(14) [2mzenoh::net::routing::dispatcher::queries[0m[2m:[0m Face{1, 40305f7b3f5b541aa0ec8ecbc8027690}:2256 Didn't receive final reply for query Face{2, d1aa1c0db8ee4a52adc3b1e68d42760d}:2256: Timeout(10s)!
[2m2026-08-24T07:15:58.865216Z[0m [33m WARN[0m ThreadId(19) [2mzenoh::net::routing::dispatcher::queries[0m[2m:[0m Face{1, 40305f7b3f5b541aa0ec8ecbc8027690}:2256 Route reply: Query not found!
[2m2026-08-24T07:15:58.865270Z[0m [33m WARN[0m ThreadId(19) [2mzenoh::net::routing::dispatcher::queries[0m[2m:[0m Face{1, 40305f7b3f5b541aa0ec8ecbc8027690}:2256 Route final reply: Query not found!
[2m2026-08-24T07:16:08.974688Z[0m [33m WARN[0m                net-0 ThreadId(14) [2mzenoh::net::routing::dispatcher::queries[0m[2m:[0m Face{1, 40305f7b3f5b541aa0ec8ecbc8027690}:2260 Didn't receive final reply for query Face{2, d1aa1c0db8ee4a52adc3b1e68d42760d}:2260: Timeout(10s)!
[2m2026-08-24T07:16:16.863475Z[0m [33m WARN[0m ThreadId(19) [2mzenoh::net::routing::dispatcher::queries[0m[2m:[0m Face{1, 40305f7b3f5b541aa0ec8ecbc8027690}:2260 Route reply: Query not found!
[2m2026-08-24T07:16:16.863520Z[0m [33m WARN[0m ThreadId(19) [2mzenoh::net::routing::dispatcher::queries[0m[2m:[0m Face{1, 40305f7b3f5b541aa0ec8ecbc8027690}:2260 Route final reply: Query not found!
[2m2026-08-24T07:16:26.942660Z[0m [33m WARN[0m                net-0 ThreadId(14) [2mzenoh::net::routing::dispatcher::queries[0m[2m:[0m Face{1, 40305f7b3f5b541aa0ec8ecbc8027690}:2264 Didn't receive final reply for query Face{2, d1aa1c0db8ee4a52adc3b1e68d42760d}:2264: Timeout(10s)!
[2m2026-08-24T07:16:34.864885Z[0m [33m WARN[0m ThreadId(19) [2mzenoh::net::routing::dispatcher::queries[0m[2m:[0m Face{1, 40305f7b3f5b541aa0ec8ecbc8027690}:2264 Route reply: Query not found!
[2m2026-08-24T07:16:34.864934Z[0m [33m WARN[0m ThreadId(19) [2mzenoh::net::routing::dispatcher::queries[0m[2m:[0m Face{1, 40305f7b3f5b541aa0ec8ecbc8027690}:2264 Route final reply: Query not found!
[2m2026-08-24T07:16:44.904692Z[0m [33m WARN[0m                net-0 ThreadId(14) [2mzenoh::net::routing::dispatcher::queries[0m[2m:[0m Face{1, 40305f7b3f5b541aa0ec8ecbc8027690}:2268 Didn't receive final reply for query Face{2, d1aa1c0db8ee4a52adc3b1e68d42760d}:2268: Timeout(10s)!
[2m2026-08-24T07:16:52.867144Z[0m [33m WARN[0m ThreadId(19) [2mzenoh::net::routing::dispatcher::queries[0m[2m:[0m Face{1, 40305f7b3f5b541aa0ec8ecbc8027690}:2268 Route reply: Query not found!
[2m2026-08-24T07:16:52.867196Z[0m [33m WARN[0m ThreadId(19) [2mzenoh::net::routing::dispatcher::queries[0m[2m:[0m Face{1, 40305f7b3f5b541aa0ec8ecbc8027690}:2268 Route final reply: Query not found!
[2m2026-08-24T07:17:02.998738Z[0m [33m WARN[0m                net-0 ThreadId(14) [2mzenoh::net::routing::dispatcher::queries[0m[2m:[0m Face{1, 40305f7b3f5b541aa0ec8ecbc8027690}:2272 Didn't receive final reply for query Face{2, d1aa1c0db8ee4a52adc3b1e68d42760d}:2272: Timeout(10s)!
[2m2026-08-24T07:17:10.868909Z[0m [33m WARN[0m ThreadId(19) [2mzenoh::net::routing::dispatcher::queries[0m[2m:[0m Face{1, 40305f7b3f5b541aa0ec8ecbc8027690}:2272 Route reply: Query not found!
[2m2026-08-24T07:17:10.868944Z[0m [33m WARN[0m ThreadId(19) [2mzenoh::net::routing::dispatcher::queries[0m[2m:[0m Face{1, 40305f7b3f5b541aa0ec8ecbc8027690}:2272 Route final reply: Query not found!
[2m2026-08-24T07:17:20.959666Z[0m [33m WARN[0m                net-0 ThreadId(14) [2mzenoh::net::routing::dispatcher::queries[0m[2m:[0m Face{1, 40305f7b3f5b541aa0ec8ecbc8027690}:2276 Didn't receive final reply for query Face{2, d1aa1c0db8ee4a52adc3b1e68d42760d}:2276: Timeout(10s)!
[2m2026-08-24T07:17:28.862210Z[0m [33m WARN[0m ThreadId(19) [2mzenoh::net::routing::dispatcher::queries[0m[2m:[0m Face{1, 40305f7b3f5b541aa0ec8ecbc8027690}:2276 Route reply: Query not found!
[2m2026-08-24T07:17:28.862273Z[0m [33m WARN[0m ThreadId(19) [2mzenoh::net::routing::dispatcher::queries[0m[2m:[0m Face{1, 40305f7b3f5b541aa0ec8ecbc8027690}:2276 Route final reply: Query not found!
[2m2026-08-24T07:17:38.932288Z[0m [33m WARN[0m                net-0 ThreadId(14) [2mzenoh::net::routing::dispatcher::queries[0m[2m:[0m Face{1, 40305f7b3f5b541aa0ec8ecbc8027690}:2280 Didn't receive final reply for query Face{2, d1aa1c0db8ee4a52adc3b1e68d42760d}:2280: Timeout(10s)!
[2m2026-08-24T07:17:46.869967Z[0m [33m WARN[0m ThreadId(19) [2mzenoh::net::routing::dispatcher::queries[0m[2m:[0m Face{1, 40305f7b3f5b541aa0ec8ecbc8027690}:2280 Route reply: Query not found!
[2m2026-08-24T07:17:46.870017Z[0m [33m WARN[0m ThreadId(19) [2mzenoh::net::routing::dispatcher::queries[0m[2m:[0m Face{1, 40305f7b3f5b541aa0ec8ecbc8027690}:2280 Route final reply: Query not found!
[2m2026-08-24T07:17:57.018078Z[0m [33m WARN[0m                net-0 ThreadId(14) [2mzenoh::net::routing::dispatcher::queries[0m[2m:[0m Face{1, 40305f7b3f5b541aa0ec8ecbc8027690}:2284 Didn't receive final reply for query Face{2, d1aa1c0db8ee4a52adc3b1e68d42760d}:2284: Timeout(10s)!
[2m2026-08-24T07:18:05.863539Z[0m [33m WARN[0m ThreadId(19) [2mzenoh::net::routing::dispatcher::queries[0m[2m:[0m Face{1, 40305f7b3f5b541aa0ec8ecbc8027690}:2284 Route reply: Query not found!
[2m2026-08-24T07:18:05.866134Z[0m [33m WARN[0m ThreadId(19) [2mzenoh::net::routing::dispatcher::queries[0m[2m:[0m Face{1, 40305f7b3f5b541aa0ec8ecbc8027690}:2284 Route final reply: Query not found!
[2m2026-08-24T07:18:15.925708Z[0m [33m WARN[0m                net-0 ThreadId(14) [2mzenoh::net::routing::dispatcher::queries[0m[2m:[0m Face{1, 40305f7b3f5b541aa0ec8ecbc8027690}:2288 Didn't receive final reply for query Face{2, d1aa1c0db8ee4a52adc3b1e68d42760d}:2288: Timeout(10s)!
[2m2026-08-24T07:18:23.861720Z[0m [33m WARN[0m ThreadId(19) [2mzenoh::net::routing::dispatcher::queries[0m[2m:[0m Face{1, 40305f7b3f5b541aa0ec8ecbc8027690}:2288 Route reply: Query not found!
[2m2026-08-24T07:18:23.861776Z[0m [33m WARN[0m ThreadId(19) [2mzenoh::net::routing::dispatcher::queries[0m[2m:[0m Face{1, 40305f7b3f5b541aa0ec8ecbc8027690}:2288 Route final reply: Query not found!
[2m2026-08-24T07:18:33.982695Z[0m [33m WARN[0m                net-0 ThreadId(14) [2mzenoh::net::routing::dispatcher::queries[0m[2m:[0m Face{1, 40305f7b3f5b541aa0ec8ecbc8027690}:2292 Didn't receive final reply for query Face{2, d1aa1c0db8ee4a52adc3b1e68d42760d}:2292: Timeout(10s)!
[2m2026-08-24T07:18:41.860777Z[0m [33m WARN[0m ThreadId(19) [2mzenoh::net::routing::dispatcher::queries[0m[2m:[0m Face{1, 40305f7b3f5b541aa0ec8ecbc8027690}:2292 Route reply: Query not found!
[2m2026-08-24T07:18:41.860820Z[0m [33m WARN[0m ThreadId(19) [2mzenoh::net::routing::dispatcher::queries[0m[2m:[0m Face{1, 40305f7b3f5b541aa0ec8ecbc8027690}:2292 Route final reply: Query not found!
[2m2026-08-24T07:18:51.919677Z[0m [33m WARN[0m                net-0 ThreadId(14) [2mzenoh::net::routing::dispatcher::queries[0m[2m:[0m Face{1, 40305f7b3f5b541aa0ec8ecbc8027690}:2296 Didn't receive final reply for query Face{2, d1aa1c0db8ee4a52adc3b1e68d42760d}:2296: Timeout(10s)!
[2m2026-08-24T07:18:59.861242Z[0m [33m WARN[0m ThreadId(19) [2mzenoh::net::routing::dispatcher::queries[0m[2m:[0m Face{1, 40305f7b3f5b541aa0ec8ecbc8027690}:2296 Route reply: Query not found!
[2m2026-08-24T07:18:59.861291Z[0m [33m WARN[0m ThreadId(19) [2mzenoh::net::routing::dispatcher::queries[0m[2m:[0m Face{1, 40305f7b3f5b541aa0ec8ecbc8027690}:2296 Route final reply: Query not found!
[2m2026-08-24T07:19:09.943246Z[0m [33m WARN[0m                net-0 ThreadId(14) [2mzenoh::net::routing::dispatcher::queries[0m[2m:[0m Face{1, 40305f7b3f5b541aa0ec8ecbc8027690}:2300 Didn't receive final reply for query Face{2, d1aa1c0db8ee4a52adc3b1e68d42760d}:2300: Timeout(10s)!
[2m2026-08-24T07:19:17.867815Z[0m [33m WARN[0m ThreadId(19) [2mzenoh::net::routing::dispatcher::queries[0m[2m:[0m Face{1, 40305f7b3f5b541aa0ec8ecbc8027690}:2300 Route reply: Query not found!
[2m2026-08-24T07:19:17.867860Z[0m [33m WARN[0m ThreadId(19) [2mzenoh::net::routing::dispatcher::queries[0m[2m:[0m Face{1, 40305f7b3f5b541aa0ec8ecbc8027690}:2300 Route final reply: Query not found!
[2m2026-08-24T07:19:27.922695Z[0m [33m WARN[0m                net-0 ThreadId(14) [2mzenoh::net::routing::dispatcher::queries[0m[2m:[0m Face{1, 40305f7b3f5b541aa0ec8ecbc8027690}:2304 Didn't receive final reply for query Face{2, d1aa1c0db8ee4a52adc3b1e68d42760d}:2304: Timeout(10s)!
[2m2026-08-24T07:19:35.861956Z[0m [33m WARN[0m ThreadId(19) [2mzenoh::net::routing::dispatcher::queries[0m[2m:[0m Face{1, 40305f7b3f5b541aa0ec8ecbc8027690}:2304 Route reply: Query not found!
[2m2026-08-24T07:19:35.861994Z[0m [33m WARN[0m ThreadId(19) [2mzenoh::net::routing::dispatcher::queries[0m[2m:[0m Face{1, 40305f7b3f5b541aa0ec8ecbc8027690}:2304 Route final reply: Query not found!
[2m2026-08-24T07:19:46.018656Z[0m [33m WARN[0m                net-0 ThreadId(14) [2mzenoh::net::routing::dispatcher::queries[0m[2m:[0m Face{1, 40305f7b3f5b541aa0ec8ecbc8027690}:2308 Didn't receive final reply for query Face{2, d1aa1c0db8ee4a52adc3b1e68d42760d}:2308: Timeout(10s)!
[2m2026-08-24T07:19:53.863311Z[0m [33m WARN[0m ThreadId(19) [2mzenoh::net::routing::dispatcher::queries[0m[2m:[0m Face{1, 40305f7b3f5b541aa0ec8ecbc8027690}:2308 Route reply: Query not found!
[2m2026-08-24T07:19:53.863355Z[0m [33m WARN[0m ThreadId(19) [2mzenoh::net::routing::dispatcher::queries[0m[2m:[0m Face{1, 40305f7b3f5b541aa0ec8ecbc8027690}:2308 Route final reply: Query not found!
[2m2026-08-24T07:20:03.922697Z[0m [33m WARN[0m                net-0 ThreadId(14) [2mzenoh::net::routing::dispatcher::queries[0m[2m:[0m Face{1, 40305f7b3f5b541aa0ec8ecbc8027690}:2312 Didn't receive final reply for query Face{2, d1aa1c0db8ee4a52adc3b1e68d42760d}:2312: Timeout(10s)!
[2m2026-08-24T07:20:11.865692Z[0m [33m WARN[0m ThreadId(19) [2mzenoh::net::routing::dispatcher::queries[0m[2m:[0m Face{1, 40305f7b3f5b541aa0ec8ecbc8027690}:2312 Route reply: Query not found!
[2m2026-08-24T07:20:11.865869Z[0m [33m WARN[0m ThreadId(19) [2mzenoh::net::routing::dispatcher::queries[0m[2m:[0m Face{1, 40305f7b3f5b541aa0ec8ecbc8027690}:2312 Route final reply: Query not found!
[2m2026-08-24T07:20:21.992752Z[0m [33m WARN[0m                net-0 ThreadId(14) [2mzenoh::net::routing::dispatcher::queries[0m[2m:[0m Face{1, 40305f7b3f5b541aa0ec8ecbc8027690}:2316 Didn't receive final reply for query Face{2, d1aa1c0db8ee4a52adc3b1e68d42760d}:2316: Timeout(10s)!
[2m2026-08-24T07:20:29.863813Z[0m [33m WARN[0m ThreadId(19) [2mzenoh::net::routing::dispatcher::queries[0m[2m:[0m Face{1, 40305f7b3f5b541aa0ec8ecbc8027690}:2316 Route reply: Query not found!
[2m2026-08-24T07:20:29.863873Z[0m [33m WARN[0m ThreadId(19) [2mzenoh::net::routing::dispatcher::queries[0m[2m:[0m Face{1, 40305f7b3f5b541aa0ec8ecbc8027690}:2316 Route final reply: Query not found!
[2m2026-08-24T07:20:39.979162Z[0m [33m WARN[0m                net-0 ThreadId(14) [2mzenoh::net::routing::dispatcher::queries[0m[2m:[0m Face{1, 40305f7b3f5b541aa0ec8ecbc8027690}:2320 Didn't receive final reply for query Face{2, d1aa1c0db8ee4a52adc3b1e68d42760d}:2320: Timeout(10s)!
[2m2026-08-24T07:20:47.865976Z[0m [33m WARN[0m ThreadId(19) [2mzenoh::net::routing::dispatcher::queries[0m[2m:[0m Face{1, 40305f7b3f5b541aa0ec8ecbc8027690}:2320 Route reply: Query not found!
[2m2026-08-24T07:20:47.866027Z[0m [33m WARN[0m ThreadId(19) [2mzenoh::net::routing::dispatcher::queries[0m[2m:[0m Face{1, 40305f7b3f5b541aa0ec8ecbc8027690}:2320 Route final reply: Query not found!
[2m2026-08-24T07:20:57.931706Z[0m [33m WARN[0m                net-0 ThreadId(14) [2mzenoh::net::routing::dispatcher::queries[0m[2m:[0m Face{1, 40305f7b3f5b541aa0ec8ecbc8027690}:2324 Didn't receive final reply for query Face{2, d1aa1c0db8ee4a52adc3b1e68d42760d}:2324: Timeout(10s)!
[2m2026-08-24T07:21:05.867735Z[0m [33m WARN[0m ThreadId(19) [2mzenoh::net::routing::dispatcher::queries[0m[2m:[0m Face{1, 40305f7b3f5b541aa0ec8ecbc8027690}:2324 Route reply: Query not found!
[2m2026-08-24T07:21:05.867766Z[0m [33m WARN[0m ThreadId(19) [2mzenoh::net::routing::dispatcher::queries[0m[2m:[0m Face{1, 40305f7b3f5b541aa0ec8ecbc8027690}:2324 Route final reply: Query not found!
[2m2026-08-24T07:21:15.989695Z[0m [33m WARN[0m                net-0 ThreadId(14) [2mzenoh::net::routing::dispatcher::queries[0m[2m:[0m Face{1, 40305f7b3f5b541aa0ec8ecbc8027690}:2328 Didn't receive final reply for query Face{2, d1aa1c0db8ee4a52adc3b1e68d42760d}:2328: Timeout(10s)!
[2m2026-08-24T07:21:23.863096Z[0m [33m WARN[0m ThreadId(19) [2mzenoh::net::routing::dispatcher::queries[0m[2m:[0m Face{1, 40305f7b3f5b541aa0ec8ecbc8027690}:2328 Route reply: Query not found!
[2m2026-08-24T07:21:23.863142Z[0m [33m WARN[0m ThreadId(19) [2mzenoh::net::routing::dispatcher::queries[0m[2m:[0m Face{1, 40305f7b3f5b541aa0ec8ecbc8027690}:2328 Route final reply: Query not found!
[2m2026-08-24T07:21:33.959680Z[0m [33m WARN[0m                net-0 ThreadId(14) [2mzenoh::net::routing::dispatcher::queries[0m[2m:[0m Face{1, 40305f7b3f5b541aa0ec8ecbc8027690}:2332 Didn't receive final reply for query Face{2, d1aa1c0db8ee4a52adc3b1e68d42760d}:2332: Timeout(10s)!
[2m2026-08-24T07:21:41.860443Z[0m [33m WARN[0m ThreadId(19) [2mzenoh::net::routing::dispatcher::queries[0m[2m:[0m Face{1, 40305f7b3f5b541aa0ec8ecbc8027690}:2332 Route reply: Query not found!
[2m2026-08-24T07:21:41.860486Z[0m [33m WARN[0m ThreadId(19) [2mzenoh::net::routing::dispatcher::queries[0m[2m:[0m Face{1, 40305f7b3f5b541aa0ec8ecbc8027690}:2332 Route final reply: Query not found!
[2m2026-08-24T07:21:51.932669Z[0m [33m WARN[0m                net-0 ThreadId(14) [2mzenoh::net::routing::dispatcher::queries[0m[2m:[0m Face{1, 40305f7b3f5b541aa0ec8ecbc8027690}:2336 Didn't receive final reply for query Face{2, d1aa1c0db8ee4a52adc3b1e68d42760d}:2336: Timeout(10s)!
[2m2026-08-24T07:21:59.859942Z[0m [33m WARN[0m ThreadId(19) [2mzenoh::net::routing::dispatcher::queries[0m[2m:[0m Face{1, 40305f7b3f5b541aa0ec8ecbc8027690}:2336 Route reply: Query not found!
[2m2026-08-24T07:21:59.859985Z[0m [33m WARN[0m ThreadId(19) [2mzenoh::net::routing::dispatcher::queries[0m[2m:[0m Face{1, 40305f7b3f5b541aa0ec8ecbc8027690}:2336 Route final reply: Query not found!
[2m2026-08-24T07:22:09.908019Z[0m [33m WARN[0m                net-0 ThreadId(14) [2mzenoh::net::routing::dispatcher::queries[0m[2m:[0m Face{1, 40305f7b3f5b541aa0ec8ecbc8027690}:2340 Didn't receive final reply for query Face{2, d1aa1c0db8ee4a52adc3b1e68d42760d}:2340: Timeout(10s)!
[2m2026-08-24T07:22:17.866089Z[0m [33m WARN[0m ThreadId(19) [2mzenoh::net::routing::dispatcher::queries[0m[2m:[0m Face{1, 40305f7b3f5b541aa0ec8ecbc8027690}:2340 Route reply: Query not found!
[2m2026-08-24T07:22:17.866243Z[0m [33m WARN[0m ThreadId(19) [2mzenoh::net::routing::dispatcher::queries[0m[2m:[0m Face{1, 40305f7b3f5b541aa0ec8ecbc8027690}:2340 Route final reply: Query not found!
[2m2026-08-24T07:22:27.969783Z[0m [33m WARN[0m                net-0 ThreadId(14) [2mzenoh::net::routing::dispatcher::queries[0m[2m:[0m Face{1, 40305f7b3f5b541aa0ec8ecbc8027690}:2344 Didn't receive final reply for query Face{2, d1aa1c0db8ee4a52adc3b1e68d42760d}:2344: Timeout(10s)!
[2m2026-08-24T07:22:35.860901Z[0m [33m WARN[0m ThreadId(19) [2mzenoh::net::routing::dispatcher::queries[0m[2m:[0m Face{1, 40305f7b3f5b541aa0ec8ecbc8027690}:2344 Route reply: Query not found!
[2m2026-08-24T07:22:35.860942Z[0m [33m WARN[0m ThreadId(19) [2mzenoh::net::routing::dispatcher::queries[0m[2m:[0m Face{1, 40305f7b3f5b541aa0ec8ecbc8027690}:2344 Route final reply: Query not found!
[2m2026-08-24T07:22:45.942693Z[0m [33m WARN[0m                net-0 ThreadId(14) [2mzenoh::net::routing::dispatcher::queries[0m[2m:[0m Face{1, 40305f7b3f5b541aa0ec8ecbc8027690}:2348 Didn't receive final reply for query Face{2, d1aa1c0db8ee4a52adc3b1e68d42760d}:2348: Timeout(10s)!
[2m2026-08-24T07:22:53.860559Z[0m [33m WARN[0m ThreadId(19) [2mzenoh::net::routing::dispatcher::queries[0m[2m:[0m Face{1, 40305f7b3f5b541aa0ec8ecbc8027690}:2348 Route reply: Query not found!
[2m2026-08-24T07:22:53.860602Z[0m [33m WARN[0m ThreadId(19) [2mzenoh::net::routing::dispatcher::queries[0m[2m:[0m Face{1, 40305f7b3f5b541aa0ec8ecbc8027690}:2348 Route final reply: Query not found!
[2m2026-08-24T07:23:03.896606Z[0m [33m WARN[0m                net-0 ThreadId(14) [2mzenoh::net::routing::dispatcher::queries[0m[2m:[0m Face{1, 40305f7b3f5b541aa0ec8ecbc8027690}:2352 Didn't receive final reply for query Face{2, d1aa1c0db8ee4a52adc3b1e68d42760d}:2352: Timeout(10s)!
[2m2026-08-24T07:23:11.869080Z[0m [33m WARN[0m ThreadId(19) [2mzenoh::net::routing::dispatcher::queries[0m[2m:[0m Face{1, 40305f7b3f5b541aa0ec8ecbc8027690}:2352 Route reply: Query not found!
[2m2026-08-24T07:23:11.869114Z[0m [33m WARN[0m ThreadId(19) [2mzenoh::net::routing::dispatcher::queries[0m[2m:[0m Face{1, 40305f7b3f5b541aa0ec8ecbc8027690}:2352 Route final reply: Query not found!
[2m2026-08-24T07:23:21.982680Z[0m [33m WARN[0m                net-0 ThreadId(14) [2mzenoh::net::routing::dispatcher::queries[0m[2m:[0m Face{1, 40305f7b3f5b541aa0ec8ecbc8027690}:2356 Didn't receive final reply for query Face{2, d1aa1c0db8ee4a52adc3b1e68d42760d}:2356: Timeout(10s)!
[2m2026-08-24T07:23:29.867110Z[0m [33m WARN[0m ThreadId(19) [2mzenoh::net::routing::dispatcher::queries[0m[2m:[0m Face{1, 40305f7b3f5b541aa0ec8ecbc8027690}:2356 Route reply: Query not found!
[2m2026-08-24T07:23:29.867159Z[0m [33m WARN[0m ThreadId(19) [2mzenoh::net::routing::dispatcher::queries[0m[2m:[0m Face{1, 40305f7b3f5b541aa0ec8ecbc8027690}:2356 Route final reply: Query not found!
[2m2026-08-24T07:23:39.951902Z[0m [33m WARN[0m                net-0 ThreadId(14) [2mzenoh::net::routing::dispatcher::queries[0m[2m:[0m Face{1, 40305f7b3f5b541aa0ec8ecbc8027690}:2360 Didn't receive final reply for query Face{2, d1aa1c0db8ee4a52adc3b1e68d42760d}:2360: Timeout(10s)!
[2m2026-08-24T07:23:47.864845Z[0m [33m WARN[0m ThreadId(19) [2mzenoh::net::routing::dispatcher::queries[0m[2m:[0m Face{1, 40305f7b3f5b541aa0ec8ecbc8027690}:2360 Route reply: Query not found!
[2m2026-08-24T07:23:47.864903Z[0m [33m WARN[0m ThreadId(19) [2mzenoh::net::routing::dispatcher::queries[0m[2m:[0m Face{1, 40305f7b3f5b541aa0ec8ecbc8027690}:2360 Route final reply: Query not found!
[2m2026-08-24T07:23:57.920595Z[0m [33m WARN[0m                net-0 ThreadId(14) [2mzenoh::net::routing::dispatcher::queries[0m[2m:[0m Face{1, 40305f7b3f5b541aa0ec8ecbc8027690}:2364 Didn't receive final reply for query Face{2, d1aa1c0db8ee4a52adc3b1e68d42760d}:2364: Timeout(10s)!
[2m2026-08-24T07:24:05.866288Z[0m [33m WARN[0m ThreadId(19) [2mzenoh::net::routing::dispatcher::queries[0m[2m:[0m Face{1, 40305f7b3f5b541aa0ec8ecbc8027690}:2364 Route reply: Query not found!
[2m2026-08-24T07:24:05.866343Z[0m [33m WARN[0m ThreadId(19) [2mzenoh::net::routing::dispatcher::queries[0m[2m:[0m Face{1, 40305f7b3f5b541aa0ec8ecbc8027690}:2364 Route final reply: Query not found!
[2m2026-08-24T07:24:15.997733Z[0m [33m WARN[0m                net-0 ThreadId(14) [2mzenoh::net::routing::dispatcher::queries[0m[2m:[0m Face{1, 40305f7b3f5b541aa0ec8ecbc8027690}:2368 Didn't receive final reply for query Face{2, d1aa1c0db8ee4a52adc3b1e68d42760d}:2368: Timeout(10s)!
[2m2026-08-24T07:24:23.863637Z[0m [33m WARN[0m ThreadId(19) [2mzenoh::net::routing::dispatcher::queries[0m[2m:[0m Face{1, 40305f7b3f5b541aa0ec8ecbc8027690}:2368 Route reply: Query not found!
[2m2026-08-24T07:24:23.863676Z[0m [33m WARN[0m ThreadId(19) [2mzenoh::net::routing::dispatcher::queries[0m[2m:[0m Face{1, 40305f7b3f5b541aa0ec8ecbc8027690}:2368 Route final reply: Query not found!
[2m2026-08-24T07:24:33.966669Z[0m [33m WARN[0m                net-0 ThreadId(14) [2mzenoh::net::routing::dispatcher::queries[0m[2m:[0m Face{1, 40305f7b3f5b541aa0ec8ecbc8027690}:2372 Didn't receive final reply for query Face{2, d1aa1c0db8ee4a52adc3b1e68d42760d}:2372: Timeout(10s)!
[2m2026-08-24T07:24:41.865202Z[0m [33m WARN[0m ThreadId(19) [2mzenoh::net::routing::dispatcher::queries[0m[2m:[0m Face{1, 40305f7b3f5b541aa0ec8ecbc8027690}:2372 Route reply: Query not found!
[2m2026-08-24T07:24:41.865241Z[0m [33m WARN[0m ThreadId(19) [2mzenoh::net::routing::dispatcher::queries[0m[2m:[0m Face{1, 40305f7b3f5b541aa0ec8ecbc8027690}:2372 Route final reply: Query not found!
[2m2026-08-24T07:24:51.936619Z[0m [33m WARN[0m                net-0 ThreadId(14) [2mzenoh::net::routing::dispatcher::queries[0m[2m:[0m Face{1, 40305f7b3f5b541aa0ec8ecbc8027690}:2376 Didn't receive final reply for query Face{2, d1aa1c0db8ee4a52adc3b1e68d42760d}:2376: Timeout(10s)!
[2m2026-08-24T07:24:59.866485Z[0m [33m WARN[0m ThreadId(19) [2mzenoh::net::routing::dispatcher::queries[0m[2m:[0m Face{1, 40305f7b3f5b541aa0ec8ecbc8027690}:2376 Route reply: Query not found!
[2m2026-08-24T07:24:59.866543Z[0m [33m WARN[0m ThreadId(19) [2mzenoh::net::routing::dispatcher::queries[0m[2m:[0m Face{1, 40305f7b3f5b541aa0ec8ecbc8027690}:2376 Route final reply: Query not found!
[2m2026-08-24T07:25:09.914760Z[0m [33m WARN[0m                net-0 ThreadId(14) [2mzenoh::net::routing::dispatcher::queries[0m[2m:[0m Face{1, 40305f7b3f5b541aa0ec8ecbc8027690}:2380 Didn't receive final reply for query Face{2, d1aa1c0db8ee4a52adc3b1e68d42760d}:2380: Timeout(10s)!
[2m2026-08-24T07:25:17.866585Z[0m [33m WARN[0m ThreadId(19) [2mzenoh::net::routing::dispatcher::queries[0m[2m:[0m Face{1, 40305f7b3f5b541aa0ec8ecbc8027690}:2380 Route reply: Query not found!
[2m2026-08-24T07:25:17.866666Z[0m [33m WARN[0m ThreadId(19) [2mzenoh::net::routing::dispatcher::queries[0m[2m:[0m Face{1, 40305f7b3f5b541aa0ec8ecbc8027690}:2380 Route final reply: Query not found!
[2m2026-08-24T07:25:27.981672Z[0m [33m WARN[0m                net-0 ThreadId(14) [2mzenoh::net::routing::dispatcher::queries[0m[2m:[0m Face{1, 40305f7b3f5b541aa0ec8ecbc8027690}:2384 Didn't receive final reply for query Face{2, d1aa1c0db8ee4a52adc3b1e68d42760d}:2384: Timeout(10s)!
[2m2026-08-24T07:25:35.861126Z[0m [33m WARN[0m ThreadId(19) [2mzenoh::net::routing::dispatcher::queries[0m[2m:[0m Face{1, 40305f7b3f5b541aa0ec8ecbc8027690}:2384 Route reply: Query not found!
[2m2026-08-24T07:25:35.861180Z[0m [33m WARN[0m ThreadId(19) [2mzenoh::net::routing::dispatcher::queries[0m[2m:[0m Face{1, 40305f7b3f5b541aa0ec8ecbc8027690}:2384 Route final reply: Query not found!
[2m2026-08-24T07:25:45.954625Z[0m [33m WARN[0m                net-0 ThreadId(14) [2mzenoh::net::routing::dispatcher::queries[0m[2m:[0m Face{1, 40305f7b3f5b541aa0ec8ecbc8027690}:2388 Didn't receive final reply for query Face{2, d1aa1c0db8ee4a52adc3b1e68d42760d}:2388: Timeout(10s)!
[2m2026-08-24T07:25:53.869088Z[0m [33m WARN[0m ThreadId(19) [2mzenoh::net::routing::dispatcher::queries[0m[2m:[0m Face{1, 40305f7b3f5b541aa0ec8ecbc8027690}:2388 Route reply: Query not found!
[2m2026-08-24T07:25:53.869135Z[0m [33m WARN[0m ThreadId(19) [2mzenoh::net::routing::dispatcher::queries[0m[2m:[0m Face{1, 40305f7b3f5b541aa0ec8ecbc8027690}:2388 Route final reply: Query not found!
[2m2026-08-24T07:26:03.917493Z[0m [33m WARN[0m                net-0 ThreadId(14) [2mzenoh::net::routing::dispatcher::queries[0m[2m:[0m Face{1, 40305f7b3f5b541aa0ec8ecbc8027690}:2392 Didn't receive final reply for query Face{2, d1aa1c0db8ee4a52adc3b1e68d42760d}:2392: Timeout(10s)!
[2m2026-08-24T07:26:11.866564Z[0m [33m WARN[0m ThreadId(19) [2mzenoh::net::routing::dispatcher::queries[0m[2m:[0m Face{1, 40305f7b3f5b541aa0ec8ecbc8027690}:2392 Route reply: Query not found!
[2m2026-08-24T07:26:11.867046Z[0m [33m WARN[0m ThreadId(19) [2mzenoh::net::routing::dispatcher::queries[0m[2m:[0m Face{1, 40305f7b3f5b541aa0ec8ecbc8027690}:2392 Route final reply: Query not found!
[2m2026-08-24T07:26:21.979676Z[0m [33m WARN[0m                net-0 ThreadId(14) [2mzenoh::net::routing::dispatcher::queries[0m[2m:[0m Face{1, 40305f7b3f5b541aa0ec8ecbc8027690}:2396 Didn't receive final reply for query Face{2, d1aa1c0db8ee4a52adc3b1e68d42760d}:2396: Timeout(10s)!
[2m2026-08-24T07:26:29.860522Z[0m [33m WARN[0m ThreadId(19) [2mzenoh::net::routing::dispatcher::queries[0m[2m:[0m Face{1, 40305f7b3f5b541aa0ec8ecbc8027690}:2396 Route reply: Query not found!
[2m2026-08-24T07:26:29.860554Z[0m [33m WARN[0m ThreadId(19) [2mzenoh::net::routing::dispatcher::queries[0m[2m:[0m Face{1, 40305f7b3f5b541aa0ec8ecbc8027690}:2396 Route final reply: Query not found!
[2m2026-08-24T07:26:39.931673Z[0m [33m WARN[0m                net-0 ThreadId(14) [2mzenoh::net::routing::dispatcher::queries[0m[2m:[0m Face{1, 40305f7b3f5b541aa0ec8ecbc8027690}:2400 Didn't receive final reply for query Face{2, d1aa1c0db8ee4a52adc3b1e68d42760d}:2400: Timeout(10s)!
[2m2026-08-24T07:26:47.860443Z[0m [33m WARN[0m ThreadId(19) [2mzenoh::net::routing::dispatcher::queries[0m[2m:[0m Face{1, 40305f7b3f5b541aa0ec8ecbc8027690}:2400 Route reply: Query not found!
[2m2026-08-24T07:26:47.860485Z[0m [33m WARN[0m ThreadId(19) [2mzenoh::net::routing::dispatcher::queries[0m[2m:[0m Face{1, 40305f7b3f5b541aa0ec8ecbc8027690}:2400 Route final reply: Query not found!
[2m2026-08-24T07:26:57.893666Z[0m [33m WARN[0m                net-0 ThreadId(14) [2mzenoh::net::routing::dispatcher::queries[0m[2m:[0m Face{1, 40305f7b3f5b541aa0ec8ecbc8027690}:2404 Didn't receive final reply for query Face{2, d1aa1c0db8ee4a52adc3b1e68d42760d}:2404: Timeout(10s)!
[2m2026-08-24T07:27:05.867478Z[0m [33m WARN[0m ThreadId(19) [2mzenoh::net::routing::dispatcher::queries[0m[2m:[0m Face{1, 40305f7b3f5b541aa0ec8ecbc8027690}:2404 Route reply: Query not found!
[2m2026-08-24T07:27:05.867522Z[0m [33m WARN[0m ThreadId(19) [2mzenoh::net::routing::dispatcher::queries[0m[2m:[0m Face{1, 40305f7b3f5b541aa0ec8ecbc8027690}:2404 Route final reply: Query not found!
[2m2026-08-24T07:27:15.955244Z[0m [33m WARN[0m                net-0 ThreadId(14) [2mzenoh::net::routing::dispatcher::queries[0m[2m:[0m Face{1, 40305f7b3f5b541aa0ec8ecbc8027690}:2408 Didn't receive final reply for query Face{2, d1aa1c0db8ee4a52adc3b1e68d42760d}:2408: Timeout(10s)!
[2m2026-08-24T07:27:23.866670Z[0m [33m WARN[0m ThreadId(19) [2mzenoh::net::routing::dispatcher::queries[0m[2m:[0m Face{1, 40305f7b3f5b541aa0ec8ecbc8027690}:2408 Route reply: Query not found!
[2m2026-08-24T07:27:23.866726Z[0m [33m WARN[0m ThreadId(19) [2mzenoh::net::routing::dispatcher::queries[0m[2m:[0m Face{1, 40305f7b3f5b541aa0ec8ecbc8027690}:2408 Route final reply: Query not found!
[2m2026-08-24T07:27:33.927419Z[0m [33m WARN[0m                net-0 ThreadId(14) [2mzenoh::net::routing::dispatcher::queries[0m[2m:[0m Face{1, 40305f7b3f5b541aa0ec8ecbc8027690}:2412 Didn't receive final reply for query Face{2, d1aa1c0db8ee4a52adc3b1e68d42760d}:2412: Timeout(10s)!
[2m2026-08-24T07:27:41.864258Z[0m [33m WARN[0m ThreadId(19) [2mzenoh::net::routing::dispatcher::queries[0m[2m:[0m Face{1, 40305f7b3f5b541aa0ec8ecbc8027690}:2412 Route reply: Query not found!
[2m2026-08-24T07:27:41.864321Z[0m [33m WARN[0m ThreadId(19) [2mzenoh::net::routing::dispatcher::queries[0m[2m:[0m Face{1, 40305f7b3f5b541aa0ec8ecbc8027690}:2412 Route final reply: Query not found!
[2m2026-08-24T07:27:51.905927Z[0m [33m WARN[0m                net-0 ThreadId(14) [2mzenoh::net::routing::dispatcher::queries[0m[2m:[0m Face{1, 40305f7b3f5b541aa0ec8ecbc8027690}:2416 Didn't receive final reply for query Face{2, d1aa1c0db8ee4a52adc3b1e68d42760d}:2416: Timeout(10s)!
[2m2026-08-24T07:27:59.864097Z[0m [33m WARN[0m ThreadId(19) [2mzenoh::net::routing::dispatcher::queries[0m[2m:[0m Face{1, 40305f7b3f5b541aa0ec8ecbc8027690}:2416 Route reply: Query not found!
[2m2026-08-24T07:27:59.864148Z[0m [33m WARN[0m ThreadId(19) [2mzenoh::net::routing::dispatcher::queries[0m[2m:[0m Face{1, 40305f7b3f5b541aa0ec8ecbc8027690}:2416 Route final reply: Query not found!
[2m2026-08-24T07:28:09.974982Z[0m [33m WARN[0m                net-0 ThreadId(14) [2mzenoh::net::routing::dispatcher::queries[0m[2m:[0m Face{1, 40305f7b3f5b541aa0ec8ecbc8027690}:2420 Didn't receive final reply for query Face{2, d1aa1c0db8ee4a52adc3b1e68d42760d}:2420: Timeout(10s)!
[2m2026-08-24T07:28:17.866000Z[0m [33m WARN[0m ThreadId(19) [2mzenoh::net::routing::dispatcher::queries[0m[2m:[0m Face{1, 40305f7b3f5b541aa0ec8ecbc8027690}:2420 Route reply: Query not found!
[2m2026-08-24T07:28:17.866043Z[0m [33m WARN[0m ThreadId(19) [2mzenoh::net::routing::dispatcher::queries[0m[2m:[0m Face{1, 40305f7b3f5b541aa0ec8ecbc8027690}:2420 Route final reply: Query not found!
[2m2026-08-24T07:28:27.942881Z[0m [33m WARN[0m                net-0 ThreadId(14) [2mzenoh::net::routing::dispatcher::queries[0m[2m:[0m Face{1, 40305f7b3f5b541aa0ec8ecbc8027690}:2424 Didn't receive final reply for query Face{2, d1aa1c0db8ee4a52adc3b1e68d42760d}:2424: Timeout(10s)!
[2m2026-08-24T07:28:35.862091Z[0m [33m WARN[0m ThreadId(19) [2mzenoh::net::routing::dispatcher::queries[0m[2m:[0m Face{1, 40305f7b3f5b541aa0ec8ecbc8027690}:2424 Route reply: Query not found!
[2m2026-08-24T07:28:35.862130Z[0m [33m WARN[0m ThreadId(19) [2mzenoh::net::routing::dispatcher::queries[0m[2m:[0m Face{1, 40305f7b3f5b541aa0ec8ecbc8027690}:2424 Route final reply: Query not found!
[2m2026-08-24T07:28:45.897652Z[0m [33m WARN[0m                net-0 ThreadId(14) [2mzenoh::net::routing::dispatcher::queries[0m[2m:[0m Face{1, 40305f7b3f5b541aa0ec8ecbc8027690}:2428 Didn't receive final reply for query Face{2, d1aa1c0db8ee4a52adc3b1e68d42760d}:2428: Timeout(10s)!
[2m2026-08-24T07:28:53.860985Z[0m [33m WARN[0m ThreadId(19) [2mzenoh::net::routing::dispatcher::queries[0m[2m:[0m Face{1, 40305f7b3f5b541aa0ec8ecbc8027690}:2428 Route reply: Query not found!
[2m2026-08-24T07:28:53.861031Z[0m [33m WARN[0m ThreadId(19) [2mzenoh::net::routing::dispatcher::queries[0m[2m:[0m Face{1, 40305f7b3f5b541aa0ec8ecbc8027690}:2428 Route final reply: Query not found!
[2m2026-08-24T07:29:03.966287Z[0m [33m WARN[0m                net-0 ThreadId(14) [2mzenoh::net::routing::dispatcher::queries[0m[2m:[0m Face{1, 40305f7b3f5b541aa0ec8ecbc8027690}:2432 Didn't receive final reply for query Face{2, d1aa1c0db8ee4a52adc3b1e68d42760d}:2432: Timeout(10s)!
[2m2026-08-24T07:29:11.860621Z[0m [33m WARN[0m ThreadId(19) [2mzenoh::net::routing::dispatcher::queries[0m[2m:[0m Face{1, 40305f7b3f5b541aa0ec8ecbc8027690}:2432 Route reply: Query not found!
[2m2026-08-24T07:29:11.860664Z[0m [33m WARN[0m ThreadId(19) [2mzenoh::net::routing::dispatcher::queries[0m[2m:[0m Face{1, 40305f7b3f5b541aa0ec8ecbc8027690}:2432 Route final reply: Query not found!
[2m2026-08-24T07:29:21.944830Z[0m [33m WARN[0m                net-0 ThreadId(14) [2mzenoh::net::routing::dispatcher::queries[0m[2m:[0m Face{1, 40305f7b3f5b541aa0ec8ecbc8027690}:2436 Didn't receive final reply for query Face{2, d1aa1c0db8ee4a52adc3b1e68d42760d}:2436: Timeout(10s)!
[2m2026-08-24T07:29:29.862361Z[0m [33m WARN[0m ThreadId(19) [2mzenoh::net::routing::dispatcher::queries[0m[2m:[0m Face{1, 40305f7b3f5b541aa0ec8ecbc8027690}:2436 Route reply: Query not found!
[2m2026-08-24T07:29:29.862403Z[0m [33m WARN[0m ThreadId(19) [2mzenoh::net::routing::dispatcher::queries[0m[2m:[0m Face{1, 40305f7b3f5b541aa0ec8ecbc8027690}:2436 Route final reply: Query not found!
[2m2026-08-24T07:29:39.908689Z[0m [33m WARN[0m                net-0 ThreadId(14) [2mzenoh::net::routing::dispatcher::queries[0m[2m:[0m Face{1, 40305f7b3f5b541aa0ec8ecbc8027690}:2440 Didn't receive final reply for query Face{2, d1aa1c0db8ee4a52adc3b1e68d42760d}:2440: Timeout(10s)!
[2m2026-08-24T07:29:47.866710Z[0m [33m WARN[0m ThreadId(19) [2mzenoh::net::routing::dispatcher::queries[0m[2m:[0m Face{1, 40305f7b3f5b541aa0ec8ecbc8027690}:2440 Route reply: Query not found!
[2m2026-08-24T07:29:47.866765Z[0m [33m WARN[0m ThreadId(19) [2mzenoh::net::routing::dispatcher::queries[0m[2m:[0m Face{1, 40305f7b3f5b541aa0ec8ecbc8027690}:2440 Route final reply: Query not found!
[2m2026-08-24T07:29:57.979762Z[0m [33m WARN[0m                net-0 ThreadId(14) [2mzenoh::net::routing::dispatcher::queries[0m[2m:[0m Face{1, 40305f7b3f5b541aa0ec8ecbc8027690}:2444 Didn't receive final reply for query Face{2, d1aa1c0db8ee4a52adc3b1e68d42760d}:2444: Timeout(10s)!
[2m2026-08-24T07:30:05.860242Z[0m [33m WARN[0m ThreadId(19) [2mzenoh::net::routing::dispatcher::queries[0m[2m:[0m Face{1, 40305f7b3f5b541aa0ec8ecbc8027690}:2444 Route reply: Query not found!
[2m2026-08-24T07:30:05.860280Z[0m [33m WARN[0m ThreadId(19) [2mzenoh::net::routing::dispatcher::queries[0m[2m:[0m Face{1, 40305f7b3f5b541aa0ec8ecbc8027690}:2444 Route final reply: Query not found!
[2m2026-08-24T07:30:15.952684Z[0m [33m WARN[0m                net-0 ThreadId(14) [2mzenoh::net::routing::dispatcher::queries[0m[2m:[0m Face{1, 40305f7b3f5b541aa0ec8ecbc8027690}:2448 Didn't receive final reply for query Face{2, d1aa1c0db8ee4a52adc3b1e68d42760d}:2448: Timeout(10s)!
[2m2026-08-24T07:30:23.863042Z[0m [33m WARN[0m ThreadId(19) [2mzenoh::net::routing::dispatcher::queries[0m[2m:[0m Face{1, 40305f7b3f5b541aa0ec8ecbc8027690}:2448 Route reply: Query not found!
[2m2026-08-24T07:30:23.863084Z[0m [33m WARN[0m ThreadId(19) [2mzenoh::net::routing::dispatcher::queries[0m[2m:[0m Face{1, 40305f7b3f5b541aa0ec8ecbc8027690}:2448 Route final reply: Query not found!
[2m2026-08-24T07:30:33.919120Z[0m [33m WARN[0m                net-0 ThreadId(14) [2mzenoh::net::routing::dispatcher::queries[0m[2m:[0m Face{1, 40305f7b3f5b541aa0ec8ecbc8027690}:2452 Didn't receive final reply for query Face{2, d1aa1c0db8ee4a52adc3b1e68d42760d}:2452: Timeout(10s)!
[2m2026-08-24T07:30:41.861838Z[0m [33m WARN[0m ThreadId(19) [2mzenoh::net::routing::dispatcher::queries[0m[2m:[0m Face{1, 40305f7b3f5b541aa0ec8ecbc8027690}:2452 Route reply: Query not found!
[2m2026-08-24T07:30:41.861896Z[0m [33m WARN[0m ThreadId(19) [2mzenoh::net::routing::dispatcher::queries[0m[2m:[0m Face{1, 40305f7b3f5b541aa0ec8ecbc8027690}:2452 Route final reply: Query not found!
[2m2026-08-24T07:30:52.020971Z[0m [33m WARN[0m                net-0 ThreadId(14) [2mzenoh::net::routing::dispatcher::queries[0m[2m:[0m Face{1, 40305f7b3f5b541aa0ec8ecbc8027690}:2456 Didn't receive final reply for query Face{2, d1aa1c0db8ee4a52adc3b1e68d42760d}:2456: Timeout(10s)!
[2m2026-08-24T07:30:59.867147Z[0m [33m WARN[0m ThreadId(19) [2mzenoh::net::routing::dispatcher::queries[0m[2m:[0m Face{1, 40305f7b3f5b541aa0ec8ecbc8027690}:2456 Route reply: Query not found!
[2m2026-08-24T07:30:59.867200Z[0m [33m WARN[0m ThreadId(19) [2mzenoh::net::routing::dispatcher::queries[0m[2m:[0m Face{1, 40305f7b3f5b541aa0ec8ecbc8027690}:2456 Route final reply: Query not found!
[2m2026-08-24T07:31:09.954773Z[0m [33m WARN[0m                net-0 ThreadId(14) [2mzenoh::net::routing::dispatcher::queries[0m[2m:[0m Face{1, 40305f7b3f5b541aa0ec8ecbc8027690}:2460 Didn't receive final reply for query Face{2, d1aa1c0db8ee4a52adc3b1e68d42760d}:2460: Timeout(10s)!
[2m2026-08-24T07:31:17.867702Z[0m [33m WARN[0m ThreadId(19) [2mzenoh::net::routing::dispatcher::queries[0m[2m:[0m Face{1, 40305f7b3f5b541aa0ec8ecbc8027690}:2460 Route reply: Query not found!
[2m2026-08-24T07:31:17.867732Z[0m [33m WARN[0m ThreadId(19) [2mzenoh::net::routing::dispatcher::queries[0m[2m:[0m Face{1, 40305f7b3f5b541aa0ec8ecbc8027690}:2460 Route final reply: Query not found!
[2m2026-08-24T07:31:27.927664Z[0m [33m WARN[0m                net-0 ThreadId(14) [2mzenoh::net::routing::dispatcher::queries[0m[2m:[0m Face{1, 40305f7b3f5b541aa0ec8ecbc8027690}:2464 Didn't receive final reply for query Face{2, d1aa1c0db8ee4a52adc3b1e68d42760d}:2464: Timeout(10s)!
[2m2026-08-24T07:31:35.864278Z[0m [33m WARN[0m ThreadId(19) [2mzenoh::net::routing::dispatcher::queries[0m[2m:[0m Face{1, 40305f7b3f5b541aa0ec8ecbc8027690}:2464 Route reply: Query not found!
[2m2026-08-24T07:31:35.864330Z[0m [33m WARN[0m ThreadId(19) [2mzenoh::net::routing::dispatcher::queries[0m[2m:[0m Face{1, 40305f7b3f5b541aa0ec8ecbc8027690}:2464 Route final reply: Query not found!
[2m2026-08-24T07:31:45.978681Z[0m [33m WARN[0m                net-0 ThreadId(14) [2mzenoh::net::routing::dispatcher::queries[0m[2m:[0m Face{1, 40305f7b3f5b541aa0ec8ecbc8027690}:2468 Didn't receive final reply for query Face{2, d1aa1c0db8ee4a52adc3b1e68d42760d}:2468: Timeout(10s)!
[2m2026-08-24T07:31:53.859192Z[0m [33m WARN[0m ThreadId(19) [2mzenoh::net::routing::dispatcher::queries[0m[2m:[0m Face{1, 40305f7b3f5b541aa0ec8ecbc8027690}:2468 Route reply: Query not found!
[2m2026-08-24T07:31:53.859235Z[0m [33m WARN[0m ThreadId(19) [2mzenoh::net::routing::dispatcher::queries[0m[2m:[0m Face{1, 40305f7b3f5b541aa0ec8ecbc8027690}:2468 Route final reply: Query not found!
[2m2026-08-24T07:32:03.947062Z[0m [33m WARN[0m                net-0 ThreadId(14) [2mzenoh::net::routing::dispatcher::queries[0m[2m:[0m Face{1, 40305f7b3f5b541aa0ec8ecbc8027690}:2472 Didn't receive final reply for query Face{2, d1aa1c0db8ee4a52adc3b1e68d42760d}:2472: Timeout(10s)!
[2m2026-08-24T07:32:11.866895Z[0m [33m WARN[0m ThreadId(19) [2mzenoh::net::routing::dispatcher::queries[0m[2m:[0m Face{1, 40305f7b3f5b541aa0ec8ecbc8027690}:2472 Route reply: Query not found!
[2m2026-08-24T07:32:11.866956Z[0m [33m WARN[0m ThreadId(19) [2mzenoh::net::routing::dispatcher::queries[0m[2m:[0m Face{1, 40305f7b3f5b541aa0ec8ecbc8027690}:2472 Route final reply: Query not found!
[2m2026-08-24T07:32:21.996723Z[0m [33m WARN[0m                net-0 ThreadId(14) [2mzenoh::net::routing::dispatcher::queries[0m[2m:[0m Face{1, 40305f7b3f5b541aa0ec8ecbc8027690}:2476 Didn't receive final reply for query Face{2, d1aa1c0db8ee4a52adc3b1e68d42760d}:2476: Timeout(10s)!
[2m2026-08-24T07:32:29.860366Z[0m [33m WARN[0m ThreadId(19) [2mzenoh::net::routing::dispatcher::queries[0m[2m:[0m Face{1, 40305f7b3f5b541aa0ec8ecbc8027690}:2476 Route reply: Query not found!
[2m2026-08-24T07:32:29.860426Z[0m [33m WARN[0m ThreadId(19) [2mzenoh::net::routing::dispatcher::queries[0m[2m:[0m Face{1, 40305f7b3f5b541aa0ec8ecbc8027690}:2476 Route final reply: Query not found!
[2m2026-08-24T07:32:39.972680Z[0m [33m WARN[0m                net-0 ThreadId(14) [2mzenoh::net::routing::dispatcher::queries[0m[2m:[0m Face{1, 40305f7b3f5b541aa0ec8ecbc8027690}:2480 Didn't receive final reply for query Face{2, d1aa1c0db8ee4a52adc3b1e68d42760d}:2480: Timeout(10s)!
[2m2026-08-24T07:32:47.865295Z[0m [33m WARN[0m ThreadId(19) [2mzenoh::net::routing::dispatcher::queries[0m[2m:[0m Face{1, 40305f7b3f5b541aa0ec8ecbc8027690}:2480 Route reply: Query not found!
[2m2026-08-24T07:32:47.865330Z[0m [33m WARN[0m ThreadId(19) [2mzenoh::net::routing::dispatcher::queries[0m[2m:[0m Face{1, 40305f7b3f5b541aa0ec8ecbc8027690}:2480 Route final reply: Query not found!
[2m2026-08-24T07:32:57.948674Z[0m [33m WARN[0m                net-0 ThreadId(14) [2mzenoh::net::routing::dispatcher::queries[0m[2m:[0m Face{1, 40305f7b3f5b541aa0ec8ecbc8027690}:2484 Didn't receive final reply for query Face{2, d1aa1c0db8ee4a52adc3b1e68d42760d}:2484: Timeout(10s)!
[2m2026-08-24T07:33:05.862337Z[0m [33m WARN[0m ThreadId(19) [2mzenoh::net::routing::dispatcher::queries[0m[2m:[0m Face{1, 40305f7b3f5b541aa0ec8ecbc8027690}:2484 Route reply: Query not found!
[2m2026-08-24T07:33:05.862370Z[0m [33m WARN[0m ThreadId(19) [2mzenoh::net::routing::dispatcher::queries[0m[2m:[0m Face{1, 40305f7b3f5b541aa0ec8ecbc8027690}:2484 Route final reply: Query not found!
[2m2026-08-24T07:33:15.940735Z[0m [33m WARN[0m                net-0 ThreadId(14) [2mzenoh::net::routing::dispatcher::queries[0m[2m:[0m Face{1, 40305f7b3f5b541aa0ec8ecbc8027690}:2488 Didn't receive final reply for query Face{2, d1aa1c0db8ee4a52adc3b1e68d42760d}:2488: Timeout(10s)!
[2m2026-08-24T07:33:23.867526Z[0m [33m WARN[0m ThreadId(19) [2mzenoh::net::routing::dispatcher::queries[0m[2m:[0m Face{1, 40305f7b3f5b541aa0ec8ecbc8027690}:2488 Route reply: Query not found!
[2m2026-08-24T07:33:23.867612Z[0m [33m WARN[0m ThreadId(19) [2mzenoh::net::routing::dispatcher::queries[0m[2m:[0m Face{1, 40305f7b3f5b541aa0ec8ecbc8027690}:2488 Route final reply: Query not found!
[2m2026-08-24T07:33:33.910931Z[0m [33m WARN[0m                net-0 ThreadId(14) [2mzenoh::net::routing::dispatcher::queries[0m[2m:[0m Face{1, 40305f7b3f5b541aa0ec8ecbc8027690}:2492 Didn't receive final reply for query Face{2, d1aa1c0db8ee4a52adc3b1e68d42760d}:2492: Timeout(10s)!
[2m2026-08-24T07:33:41.861827Z[0m [33m WARN[0m ThreadId(19) [2mzenoh::net::routing::dispatcher::queries[0m[2m:[0m Face{1, 40305f7b3f5b541aa0ec8ecbc8027690}:2492 Route reply: Query not found!
[2m2026-08-24T07:33:41.861864Z[0m [33m WARN[0m ThreadId(19) [2mzenoh::net::routing::dispatcher::queries[0m[2m:[0m Face{1, 40305f7b3f5b541aa0ec8ecbc8027690}:2492 Route final reply: Query not found!
[2m2026-08-24T07:33:51.979664Z[0m [33m WARN[0m                net-0 ThreadId(14) [2mzenoh::net::routing::dispatcher::queries[0m[2m:[0m Face{1, 40305f7b3f5b541aa0ec8ecbc8027690}:2496 Didn't receive final reply for query Face{2, d1aa1c0db8ee4a52adc3b1e68d42760d}:2496: Timeout(10s)!
[2m2026-08-24T07:33:59.864350Z[0m [33m WARN[0m ThreadId(19) [2mzenoh::net::routing::dispatcher::queries[0m[2m:[0m Face{1, 40305f7b3f5b541aa0ec8ecbc8027690}:2496 Route reply: Query not found!
[2m2026-08-24T07:33:59.864384Z[0m [33m WARN[0m ThreadId(19) [2mzenoh::net::routing::dispatcher::queries[0m[2m:[0m Face{1, 40305f7b3f5b541aa0ec8ecbc8027690}:2496 Route final reply: Query not found!
[2m2026-08-24T07:34:09.954650Z[0m [33m WARN[0m                net-0 ThreadId(14) [2mzenoh::net::routing::dispatcher::queries[0m[2m:[0m Face{1, 40305f7b3f5b541aa0ec8ecbc8027690}:2500 Didn't receive final reply for query Face{2, d1aa1c0db8ee4a52adc3b1e68d42760d}:2500: Timeout(10s)!
[2m2026-08-24T07:34:17.864792Z[0m [33m WARN[0m ThreadId(19) [2mzenoh::net::routing::dispatcher::queries[0m[2m:[0m Face{1, 40305f7b3f5b541aa0ec8ecbc8027690}:2500 Route reply: Query not found!
[2m2026-08-24T07:34:17.864832Z[0m [33m WARN[0m ThreadId(19) [2mzenoh::net::routing::dispatcher::queries[0m[2m:[0m Face{1, 40305f7b3f5b541aa0ec8ecbc8027690}:2500 Route final reply: Query not found!
[2m2026-08-24T07:34:27.917678Z[0m [33m WARN[0m                net-0 ThreadId(14) [2mzenoh::net::routing::dispatcher::queries[0m[2m:[0m Face{1, 40305f7b3f5b541aa0ec8ecbc8027690}:2504 Didn't receive final reply for query Face{2, d1aa1c0db8ee4a52adc3b1e68d42760d}:2504: Timeout(10s)!
[2m2026-08-24T07:34:35.868219Z[0m [33m WARN[0m ThreadId(19) [2mzenoh::net::routing::dispatcher::queries[0m[2m:[0m Face{1, 40305f7b3f5b541aa0ec8ecbc8027690}:2504 Route reply: Query not found!
[2m2026-08-24T07:34:35.868262Z[0m [33m WARN[0m ThreadId(19) [2mzenoh::net::routing::dispatcher::queries[0m[2m:[0m Face{1, 40305f7b3f5b541aa0ec8ecbc8027690}:2504 Route final reply: Query not found!
[2m2026-08-24T07:34:45.972685Z[0m [33m WARN[0m                net-0 ThreadId(14) [2mzenoh::net::routing::dispatcher::queries[0m[2m:[0m Face{1, 40305f7b3f5b541aa0ec8ecbc8027690}:2508 Didn't receive final reply for query Face{2, d1aa1c0db8ee4a52adc3b1e68d42760d}:2508: Timeout(10s)!
[2m2026-08-24T07:34:53.864417Z[0m [33m WARN[0m ThreadId(19) [2mzenoh::net::routing::dispatcher::queries[0m[2m:[0m Face{1, 40305f7b3f5b541aa0ec8ecbc8027690}:2508 Route reply: Query not found!
[2m2026-08-24T07:34:53.864451Z[0m [33m WARN[0m ThreadId(19) [2mzenoh::net::routing::dispatcher::queries[0m[2m:[0m Face{1, 40305f7b3f5b541aa0ec8ecbc8027690}:2508 Route final reply: Query not found!
[2m2026-08-24T07:35:03.951943Z[0m [33m WARN[0m                net-0 ThreadId(14) [2mzenoh::net::routing::dispatcher::queries[0m[2m:[0m Face{1, 40305f7b3f5b541aa0ec8ecbc8027690}:2512 Didn't receive final reply for query Face{2, d1aa1c0db8ee4a52adc3b1e68d42760d}:2512: Timeout(10s)!
[2m2026-08-24T07:35:11.866626Z[0m [33m WARN[0m ThreadId(19) [2mzenoh::net::routing::dispatcher::queries[0m[2m:[0m Face{1, 40305f7b3f5b541aa0ec8ecbc8027690}:2512 Route reply: Query not found!
[2m2026-08-24T07:35:11.866675Z[0m [33m WARN[0m ThreadId(19) [2mzenoh::net::routing::dispatcher::queries[0m[2m:[0m Face{1, 40305f7b3f5b541aa0ec8ecbc8027690}:2512 Route final reply: Query not found!
[2m2026-08-24T07:35:21.911304Z[0m [33m WARN[0m                net-0 ThreadId(14) [2mzenoh::net::routing::dispatcher::queries[0m[2m:[0m Face{1, 40305f7b3f5b541aa0ec8ecbc8027690}:2516 Didn't receive final reply for query Face{2, d1aa1c0db8ee4a52adc3b1e68d42760d}:2516: Timeout(10s)!
[2m2026-08-24T07:35:29.863669Z[0m [33m WARN[0m ThreadId(19) [2mzenoh::net::routing::dispatcher::queries[0m[2m:[0m Face{1, 40305f7b3f5b541aa0ec8ecbc8027690}:2516 Route reply: Query not found!
[2m2026-08-24T07:35:29.863709Z[0m [33m WARN[0m ThreadId(19) [2mzenoh::net::routing::dispatcher::queries[0m[2m:[0m Face{1, 40305f7b3f5b541aa0ec8ecbc8027690}:2516 Route final reply: Query not found!
[2m2026-08-24T07:35:39.988659Z[0m [33m WARN[0m                net-0 ThreadId(14) [2mzenoh::net::routing::dispatcher::queries[0m[2m:[0m Face{1, 40305f7b3f5b541aa0ec8ecbc8027690}:2520 Didn't receive final reply for query Face{2, d1aa1c0db8ee4a52adc3b1e68d42760d}:2520: Timeout(10s)!
[2m2026-08-24T07:35:47.864926Z[0m [33m WARN[0m ThreadId(19) [2mzenoh::net::routing::dispatcher::queries[0m[2m:[0m Face{1, 40305f7b3f5b541aa0ec8ecbc8027690}:2520 Route reply: Query not found!
[2m2026-08-24T07:35:47.864959Z[0m [33m WARN[0m ThreadId(19) [2mzenoh::net::routing::dispatcher::queries[0m[2m:[0m Face{1, 40305f7b3f5b541aa0ec8ecbc8027690}:2520 Route final reply: Query not found!
[2m2026-08-24T07:35:57.948610Z[0m [33m WARN[0m                net-0 ThreadId(14) [2mzenoh::net::routing::dispatcher::queries[0m[2m:[0m Face{1, 40305f7b3f5b541aa0ec8ecbc8027690}:2524 Didn't receive final reply for query Face{2, d1aa1c0db8ee4a52adc3b1e68d42760d}:2524: Timeout(10s)!
[2m2026-08-24T07:36:05.862341Z[0m [33m WARN[0m ThreadId(19) [2mzenoh::net::routing::dispatcher::queries[0m[2m:[0m Face{1, 40305f7b3f5b541aa0ec8ecbc8027690}:2524 Route reply: Query not found!
[2m2026-08-24T07:36:05.862375Z[0m [33m WARN[0m ThreadId(19) [2mzenoh::net::routing::dispatcher::queries[0m[2m:[0m Face{1, 40305f7b3f5b541aa0ec8ecbc8027690}:2524 Route final reply: Query not found!
[2m2026-08-24T07:36:15.920222Z[0m [33m WARN[0m                net-0 ThreadId(14) [2mzenoh::net::routing::dispatcher::queries[0m[2m:[0m Face{1, 40305f7b3f5b541aa0ec8ecbc8027690}:2528 Didn't receive final reply for query Face{2, d1aa1c0db8ee4a52adc3b1e68d42760d}:2528: Timeout(10s)!
[2m2026-08-24T07:36:23.862038Z[0m [33m WARN[0m ThreadId(19) [2mzenoh::net::routing::dispatcher::queries[0m[2m:[0m Face{1, 40305f7b3f5b541aa0ec8ecbc8027690}:2528 Route reply: Query not found!
[2m2026-08-24T07:36:23.862080Z[0m [33m WARN[0m ThreadId(19) [2mzenoh::net::routing::dispatcher::queries[0m[2m:[0m Face{1, 40305f7b3f5b541aa0ec8ecbc8027690}:2528 Route final reply: Query not found!
[2m2026-08-24T07:36:33.983747Z[0m [33m WARN[0m                net-0 ThreadId(14) [2mzenoh::net::routing::dispatcher::queries[0m[2m:[0m Face{1, 40305f7b3f5b541aa0ec8ecbc8027690}:2532 Didn't receive final reply for query Face{2, d1aa1c0db8ee4a52adc3b1e68d42760d}:2532: Timeout(10s)!
[2m2026-08-24T07:36:41.864228Z[0m [33m WARN[0m ThreadId(19) [2mzenoh::net::routing::dispatcher::queries[0m[2m:[0m Face{1, 40305f7b3f5b541aa0ec8ecbc8027690}:2532 Route reply: Query not found!
[2m2026-08-24T07:36:41.864257Z[0m [33m WARN[0m ThreadId(19) [2mzenoh::net::routing::dispatcher::queries[0m[2m:[0m Face{1, 40305f7b3f5b541aa0ec8ecbc8027690}:2532 Route final reply: Query not found!
[2m2026-08-24T07:36:51.941679Z[0m [33m WARN[0m                net-0 ThreadId(14) [2mzenoh::net::routing::dispatcher::queries[0m[2m:[0m Face{1, 40305f7b3f5b541aa0ec8ecbc8027690}:2536 Didn't receive final reply for query Face{2, d1aa1c0db8ee4a52adc3b1e68d42760d}:2536: Timeout(10s)!
[2m2026-08-24T07:36:59.860636Z[0m [33m WARN[0m ThreadId(19) [2mzenoh::net::routing::dispatcher::queries[0m[2m:[0m Face{1, 40305f7b3f5b541aa0ec8ecbc8027690}:2536 Route reply: Query not found!
[2m2026-08-24T07:36:59.860682Z[0m [33m WARN[0m ThreadId(19) [2mzenoh::net::routing::dispatcher::queries[0m[2m:[0m Face{1, 40305f7b3f5b541aa0ec8ecbc8027690}:2536 Route final reply: Query not found!
[2m2026-08-24T07:37:09.901665Z[0m [33m WARN[0m                net-0 ThreadId(14) [2mzenoh::net::routing::dispatcher::queries[0m[2m:[0m Face{1, 40305f7b3f5b541aa0ec8ecbc8027690}:2540 Didn't receive final reply for query Face{2, d1aa1c0db8ee4a52adc3b1e68d42760d}:2540: Timeout(10s)!
[2m2026-08-24T07:37:17.863996Z[0m [33m WARN[0m ThreadId(19) [2mzenoh::net::routing::dispatcher::queries[0m[2m:[0m Face{1, 40305f7b3f5b541aa0ec8ecbc8027690}:2540 Route reply: Query not found!
[2m2026-08-24T07:37:17.864033Z[0m [33m WARN[0m ThreadId(19) [2mzenoh::net::routing::dispatcher::queries[0m[2m:[0m Face{1, 40305f7b3f5b541aa0ec8ecbc8027690}:2540 Route final reply: Query not found!
[2m2026-08-24T07:37:27.955503Z[0m [33m WARN[0m                net-0 ThreadId(14) [2mzenoh::net::routing::dispatcher::queries[0m[2m:[0m Face{1, 40305f7b3f5b541aa0ec8ecbc8027690}:2544 Didn't receive final reply for query Face{2, d1aa1c0db8ee4a52adc3b1e68d42760d}:2544: Timeout(10s)!
[2m2026-08-24T07:37:35.868577Z[0m [33m WARN[0m ThreadId(19) [2mzenoh::net::routing::dispatcher::queries[0m[2m:[0m Face{1, 40305f7b3f5b541aa0ec8ecbc8027690}:2544 Route reply: Query not found!
[2m2026-08-24T07:37:35.868625Z[0m [33m WARN[0m ThreadId(19) [2mzenoh::net::routing::dispatcher::queries[0m[2m:[0m Face{1, 40305f7b3f5b541aa0ec8ecbc8027690}:2544 Route final reply: Query not found!
[2m2026-08-24T07:37:45.914684Z[0m [33m WARN[0m                net-0 ThreadId(14) [2mzenoh::net::routing::dispatcher::queries[0m[2m:[0m Face{1, 40305f7b3f5b541aa0ec8ecbc8027690}:2548 Didn't receive final reply for query Face{2, d1aa1c0db8ee4a52adc3b1e68d42760d}:2548: Timeout(10s)!
[2m2026-08-24T07:37:53.869627Z[0m [33m WARN[0m ThreadId(19) [2mzenoh::net::routing::dispatcher::queries[0m[2m:[0m Face{1, 40305f7b3f5b541aa0ec8ecbc8027690}:2548 Route reply: Query not found!
[2m2026-08-24T07:37:53.869679Z[0m [33m WARN[0m ThreadId(19) [2mzenoh::net::routing::dispatcher::queries[0m[2m:[0m Face{1, 40305f7b3f5b541aa0ec8ecbc8027690}:2548 Route final reply: Query not found!
[2m2026-08-24T07:38:04.008622Z[0m [33m WARN[0m                net-0 ThreadId(14) [2mzenoh::net::routing::dispatcher::queries[0m[2m:[0m Face{1, 40305f7b3f5b541aa0ec8ecbc8027690}:2552 Didn't receive final reply for query Face{2, d1aa1c0db8ee4a52adc3b1e68d42760d}:2552: Timeout(10s)!
[2m2026-08-24T07:38:11.859579Z[0m [33m WARN[0m ThreadId(19) [2mzenoh::net::routing::dispatcher::queries[0m[2m:[0m Face{1, 40305f7b3f5b541aa0ec8ecbc8027690}:2552 Route reply: Query not found!
[2m2026-08-24T07:38:11.859650Z[0m [33m WARN[0m ThreadId(19) [2mzenoh::net::routing::dispatcher::queries[0m[2m:[0m Face{1, 40305f7b3f5b541aa0ec8ecbc8027690}:2552 Route final reply: Query not found!
[2m2026-08-24T07:38:21.953688Z[0m [33m WARN[0m                net-0 ThreadId(14) [2mzenoh::net::routing::dispatcher::queries[0m[2m:[0m Face{1, 40305f7b3f5b541aa0ec8ecbc8027690}:2556 Didn't receive final reply for query Face{2, d1aa1c0db8ee4a52adc3b1e68d42760d}:2556: Timeout(10s)!
[2m2026-08-24T07:38:29.867641Z[0m [33m WARN[0m ThreadId(19) [2mzenoh::net::routing::dispatcher::queries[0m[2m:[0m Face{1, 40305f7b3f5b541aa0ec8ecbc8027690}:2556 Route reply: Query not found!
[2m2026-08-24T07:38:29.867689Z[0m [33m WARN[0m ThreadId(19) [2mzenoh::net::routing::dispatcher::queries[0m[2m:[0m Face{1, 40305f7b3f5b541aa0ec8ecbc8027690}:2556 Route final reply: Query not found!
[2m2026-08-24T07:38:39.947756Z[0m [33m WARN[0m                net-0 ThreadId(14) [2mzenoh::net::routing::dispatcher::queries[0m[2m:[0m Face{1, 40305f7b3f5b541aa0ec8ecbc8027690}:2560 Didn't receive final reply for query Face{2, d1aa1c0db8ee4a52adc3b1e68d42760d}:2560: Timeout(10s)!
[2m2026-08-24T07:38:47.867807Z[0m [33m WARN[0m ThreadId(19) [2mzenoh::net::routing::dispatcher::queries[0m[2m:[0m Face{1, 40305f7b3f5b541aa0ec8ecbc8027690}:2560 Route reply: Query not found!
[2m2026-08-24T07:38:47.867849Z[0m [33m WARN[0m ThreadId(19) [2mzenoh::net::routing::dispatcher::queries[0m[2m:[0m Face{1, 40305f7b3f5b541aa0ec8ecbc8027690}:2560 Route final reply: Query not found!
[2m2026-08-24T07:38:57.919351Z[0m [33m WARN[0m                net-0 ThreadId(14) [2mzenoh::net::routing::dispatcher::queries[0m[2m:[0m Face{1, 40305f7b3f5b541aa0ec8ecbc8027690}:2564 Didn't receive final reply for query Face{2, d1aa1c0db8ee4a52adc3b1e68d42760d}:2564: Timeout(10s)!
[2m2026-08-24T07:39:05.859231Z[0m [33m WARN[0m ThreadId(19) [2mzenoh::net::routing::dispatcher::queries[0m[2m:[0m Face{1, 40305f7b3f5b541aa0ec8ecbc8027690}:2564 Route reply: Query not found!
[2m2026-08-24T07:39:05.859285Z[0m [33m WARN[0m ThreadId(19) [2mzenoh::net::routing::dispatcher::queries[0m[2m:[0m Face{1, 40305f7b3f5b541aa0ec8ecbc8027690}:2564 Route final reply: Query not found!
[2m2026-08-24T07:39:15.894671Z[0m [33m WARN[0m                net-0 ThreadId(14) [2mzenoh::net::routing::dispatcher::queries[0m[2m:[0m Face{1, 40305f7b3f5b541aa0ec8ecbc8027690}:2568 Didn't receive final reply for query Face{2, d1aa1c0db8ee4a52adc3b1e68d42760d}:2568: Timeout(10s)!
[2m2026-08-24T07:39:23.868826Z[0m [33m WARN[0m ThreadId(19) [2mzenoh::net::routing::dispatcher::queries[0m[2m:[0m Face{1, 40305f7b3f5b541aa0ec8ecbc8027690}:2568 Route reply: Query not found!
[2m2026-08-24T07:39:23.868871Z[0m [33m WARN[0m ThreadId(19) [2mzenoh::net::routing::dispatcher::queries[0m[2m:[0m Face{1, 40305f7b3f5b541aa0ec8ecbc8027690}:2568 Route final reply: Query not found!
[2m2026-08-24T07:39:33.978693Z[0m [33m WARN[0m                net-0 ThreadId(14) [2mzenoh::net::routing::dispatcher::queries[0m[2m:[0m Face{1, 40305f7b3f5b541aa0ec8ecbc8027690}:2572 Didn't receive final reply for query Face{2, d1aa1c0db8ee4a52adc3b1e68d42760d}:2572: Timeout(10s)!
[2m2026-08-24T07:39:41.865533Z[0m [33m WARN[0m ThreadId(19) [2mzenoh::net::routing::dispatcher::queries[0m[2m:[0m Face{1, 40305f7b3f5b541aa0ec8ecbc8027690}:2572 Route reply: Query not found!
[2m2026-08-24T07:39:41.865587Z[0m [33m WARN[0m ThreadId(19) [2mzenoh::net::routing::dispatcher::queries[0m[2m:[0m Face{1, 40305f7b3f5b541aa0ec8ecbc8027690}:2572 Route final reply: Query not found!
[2m2026-08-24T07:39:51.934669Z[0m [33m WARN[0m                net-0 ThreadId(14) [2mzenoh::net::routing::dispatcher::queries[0m[2m:[0m Face{1, 40305f7b3f5b541aa0ec8ecbc8027690}:2576 Didn't receive final reply for query Face{2, d1aa1c0db8ee4a52adc3b1e68d42760d}:2576: Timeout(10s)!
[2m2026-08-24T07:39:59.864402Z[0m [33m WARN[0m ThreadId(19) [2mzenoh::net::routing::dispatcher::queries[0m[2m:[0m Face{1, 40305f7b3f5b541aa0ec8ecbc8027690}:2576 Route reply: Query not found!
[2m2026-08-24T07:39:59.864461Z[0m [33m WARN[0m ThreadId(19) [2mzenoh::net::routing::dispatcher::queries[0m[2m:[0m Face{1, 40305f7b3f5b541aa0ec8ecbc8027690}:2576 Route final reply: Query not found!
[2m2026-08-24T07:40:09.903693Z[0m [33m WARN[0m                net-0 ThreadId(14) [2mzenoh::net::routing::dispatcher::queries[0m[2m:[0m Face{1, 40305f7b3f5b541aa0ec8ecbc8027690}:2580 Didn't receive final reply for query Face{2, d1aa1c0db8ee4a52adc3b1e68d42760d}:2580: Timeout(10s)!
[2m2026-08-24T07:40:17.866996Z[0m [33m WARN[0m ThreadId(19) [2mzenoh::net::routing::dispatcher::queries[0m[2m:[0m Face{1, 40305f7b3f5b541aa0ec8ecbc8027690}:2580 Route reply: Query not found!
[2m2026-08-24T07:40:17.867046Z[0m [33m WARN[0m ThreadId(19) [2mzenoh::net::routing::dispatcher::queries[0m[2m:[0m Face{1, 40305f7b3f5b541aa0ec8ecbc8027690}:2580 Route final reply: Query not found!
[2m2026-08-24T07:40:27.975244Z[0m [33m WARN[0m                net-0 ThreadId(14) [2mzenoh::net::routing::dispatcher::queries[0m[2m:[0m Face{1, 40305f7b3f5b541aa0ec8ecbc8027690}:2584 Didn't receive final reply for query Face{2, d1aa1c0db8ee4a52adc3b1e68d42760d}:2584: Timeout(10s)!
[2m2026-08-24T07:40:35.864477Z[0m [33m WARN[0m ThreadId(19) [2mzenoh::net::routing::dispatcher::queries[0m[2m:[0m Face{1, 40305f7b3f5b541aa0ec8ecbc8027690}:2584 Route reply: Query not found!
[2m2026-08-24T07:40:35.864658Z[0m [33m WARN[0m ThreadId(19) [2mzenoh::net::routing::dispatcher::queries[0m[2m:[0m Face{1, 40305f7b3f5b541aa0ec8ecbc8027690}:2584 Route final reply: Query not found!
[2m2026-08-24T07:40:45.945783Z[0m [33m WARN[0m                net-0 ThreadId(14) [2mzenoh::net::routing::dispatcher::queries[0m[2m:[0m Face{1, 40305f7b3f5b541aa0ec8ecbc8027690}:2588 Didn't receive final reply for query Face{2, d1aa1c0db8ee4a52adc3b1e68d42760d}:2588: Timeout(10s)!
[2m2026-08-24T07:40:53.866743Z[0m [33m WARN[0m ThreadId(19) [2mzenoh::net::routing::dispatcher::queries[0m[2m:[0m Face{1, 40305f7b3f5b541aa0ec8ecbc8027690}:2588 Route reply: Query not found!
[2m2026-08-24T07:40:53.866788Z[0m [33m WARN[0m ThreadId(19) [2mzenoh::net::routing::dispatcher::queries[0m[2m:[0m Face{1, 40305f7b3f5b541aa0ec8ecbc8027690}:2588 Route final reply: Query not found!
[2m2026-08-24T07:41:03.907663Z[0m [33m WARN[0m                net-0 ThreadId(14) [2mzenoh::net::routing::dispatcher::queries[0m[2m:[0m Face{1, 40305f7b3f5b541aa0ec8ecbc8027690}:2592 Didn't receive final reply for query Face{2, d1aa1c0db8ee4a52adc3b1e68d42760d}:2592: Timeout(10s)!
[2m2026-08-24T07:41:11.868770Z[0m [33m WARN[0m ThreadId(19) [2mzenoh::net::routing::dispatcher::queries[0m[2m:[0m Face{1, 40305f7b3f5b541aa0ec8ecbc8027690}:2592 Route reply: Query not found!
[2m2026-08-24T07:41:11.868809Z[0m [33m WARN[0m ThreadId(19) [2mzenoh::net::routing::dispatcher::queries[0m[2m:[0m Face{1, 40305f7b3f5b541aa0ec8ecbc8027690}:2592 Route final reply: Query not found!
[2m2026-08-24T07:41:21.974739Z[0m [33m WARN[0m                net-0 ThreadId(14) [2mzenoh::net::routing::dispatcher::queries[0m[2m:[0m Face{1, 40305f7b3f5b541aa0ec8ecbc8027690}:2596 Didn't receive final reply for query Face{2, d1aa1c0db8ee4a52adc3b1e68d42760d}:2596: Timeout(10s)!
[2m2026-08-24T07:41:29.867227Z[0m [33m WARN[0m ThreadId(19) [2mzenoh::net::routing::dispatcher::queries[0m[2m:[0m Face{1, 40305f7b3f5b541aa0ec8ecbc8027690}:2596 Route reply: Query not found!
[2m2026-08-24T07:41:29.867268Z[0m [33m WARN[0m ThreadId(19) [2mzenoh::net::routing::dispatcher::queries[0m[2m:[0m Face{1, 40305f7b3f5b541aa0ec8ecbc8027690}:2596 Route final reply: Query not found!
[2m2026-08-24T07:41:39.944711Z[0m [33m WARN[0m                net-0 ThreadId(14) [2mzenoh::net::routing::dispatcher::queries[0m[2m:[0m Face{1, 40305f7b3f5b541aa0ec8ecbc8027690}:2600 Didn't receive final reply for query Face{2, d1aa1c0db8ee4a52adc3b1e68d42760d}:2600: Timeout(10s)!
[2m2026-08-24T07:41:47.865424Z[0m [33m WARN[0m ThreadId(19) [2mzenoh::net::routing::dispatcher::queries[0m[2m:[0m Face{1, 40305f7b3f5b541aa0ec8ecbc8027690}:2600 Route reply: Query not found!
[2m2026-08-24T07:41:47.865469Z[0m [33m WARN[0m ThreadId(19) [2mzenoh::net::routing::dispatcher::queries[0m[2m:[0m Face{1, 40305f7b3f5b541aa0ec8ecbc8027690}:2600 Route final reply: Query not found!
[2m2026-08-24T07:41:57.899283Z[0m [33m WARN[0m                net-0 ThreadId(14) [2mzenoh::net::routing::dispatcher::queries[0m[2m:[0m Face{1, 40305f7b3f5b541aa0ec8ecbc8027690}:2604 Didn't receive final reply for query Face{2, d1aa1c0db8ee4a52adc3b1e68d42760d}:2604: Timeout(10s)!
[2m2026-08-24T07:42:05.861415Z[0m [33m WARN[0m ThreadId(19) [2mzenoh::net::routing::dispatcher::queries[0m[2m:[0m Face{1, 40305f7b3f5b541aa0ec8ecbc8027690}:2604 Route reply: Query not found!
[2m2026-08-24T07:42:05.861474Z[0m [33m WARN[0m ThreadId(19) [2mzenoh::net::routing::dispatcher::queries[0m[2m:[0m Face{1, 40305f7b3f5b541aa0ec8ecbc8027690}:2604 Route final reply: Query not found!
[2m2026-08-24T07:42:15.959697Z[0m [33m WARN[0m                net-0 ThreadId(14) [2mzenoh::net::routing::dispatcher::queries[0m[2m:[0m Face{1, 40305f7b3f5b541aa0ec8ecbc8027690}:2608 Didn't receive final reply for query Face{2, d1aa1c0db8ee4a52adc3b1e68d42760d}:2608: Timeout(10s)!
[2m2026-08-24T07:42:23.863087Z[0m [33m WARN[0m ThreadId(19) [2mzenoh::net::routing::dispatcher::queries[0m[2m:[0m Face{1, 40305f7b3f5b541aa0ec8ecbc8027690}:2608 Route reply: Query not found!
[2m2026-08-24T07:42:23.863457Z[0m [33m WARN[0m ThreadId(19) [2mzenoh::net::routing::dispatcher::queries[0m[2m:[0m Face{1, 40305f7b3f5b541aa0ec8ecbc8027690}:2608 Route final reply: Query not found!
[2m2026-08-24T07:42:33.928680Z[0m [33m WARN[0m                net-0 ThreadId(14) [2mzenoh::net::routing::dispatcher::queries[0m[2m:[0m Face{1, 40305f7b3f5b541aa0ec8ecbc8027690}:2612 Didn't receive final reply for query Face{2, d1aa1c0db8ee4a52adc3b1e68d42760d}:2612: Timeout(10s)!
[2m2026-08-24T07:42:41.864977Z[0m [33m WARN[0m ThreadId(19) [2mzenoh::net::routing::dispatcher::queries[0m[2m:[0m Face{1, 40305f7b3f5b541aa0ec8ecbc8027690}:2612 Route reply: Query not found!
[2m2026-08-24T07:42:41.865228Z[0m [33m WARN[0m ThreadId(19) [2mzenoh::net::routing::dispatcher::queries[0m[2m:[0m Face{1, 40305f7b3f5b541aa0ec8ecbc8027690}:2612 Route final reply: Query not found!
[2m2026-08-24T07:42:51.898662Z[0m [33m WARN[0m                net-0 ThreadId(14) [2mzenoh::net::routing::dispatcher::queries[0m[2m:[0m Face{1, 40305f7b3f5b541aa0ec8ecbc8027690}:2616 Didn't receive final reply for query Face{2, d1aa1c0db8ee4a52adc3b1e68d42760d}:2616: Timeout(10s)!
[2m2026-08-24T07:42:59.859966Z[0m [33m WARN[0m ThreadId(19) [2mzenoh::net::routing::dispatcher::queries[0m[2m:[0m Face{1, 40305f7b3f5b541aa0ec8ecbc8027690}:2616 Route reply: Query not found!
[2m2026-08-24T07:42:59.860006Z[0m [33m WARN[0m ThreadId(19) [2mzenoh::net::routing::dispatcher::queries[0m[2m:[0m Face{1, 40305f7b3f5b541aa0ec8ecbc8027690}:2616 Route final reply: Query not found!
[2m2026-08-24T07:43:09.958839Z[0m [33m WARN[0m                net-0 ThreadId(14) [2mzenoh::net::routing::dispatcher::queries[0m[2m:[0m Face{1, 40305f7b3f5b541aa0ec8ecbc8027690}:2620 Didn't receive final reply for query Face{2, d1aa1c0db8ee4a52adc3b1e68d42760d}:2620: Timeout(10s)!
[2m2026-08-24T07:43:17.862748Z[0m [33m WARN[0m ThreadId(19) [2mzenoh::net::routing::dispatcher::queries[0m[2m:[0m Face{1, 40305f7b3f5b541aa0ec8ecbc8027690}:2620 Route reply: Query not found!
[2m2026-08-24T07:43:17.863008Z[0m [33m WARN[0m ThreadId(19) [2mzenoh::net::routing::dispatcher::queries[0m[2m:[0m Face{1, 40305f7b3f5b541aa0ec8ecbc8027690}:2620 Route final reply: Query not found!
[2m2026-08-24T07:43:27.918238Z[0m [33m WARN[0m                net-0 ThreadId(14) [2mzenoh::net::routing::dispatcher::queries[0m[2m:[0m Face{1, 40305f7b3f5b541aa0ec8ecbc8027690}:2624 Didn't receive final reply for query Face{2, d1aa1c0db8ee4a52adc3b1e68d42760d}:2624: Timeout(10s)!
[2m2026-08-24T07:43:35.868324Z[0m [33m WARN[0m ThreadId(19) [2mzenoh::net::routing::dispatcher::queries[0m[2m:[0m Face{1, 40305f7b3f5b541aa0ec8ecbc8027690}:2624 Route reply: Query not found!
[2m2026-08-24T07:43:35.868383Z[0m [33m WARN[0m ThreadId(19) [2mzenoh::net::routing::dispatcher::queries[0m[2m:[0m Face{1, 40305f7b3f5b541aa0ec8ecbc8027690}:2624 Route final reply: Query not found!
[2m2026-08-24T07:43:45.993693Z[0m [33m WARN[0m                net-0 ThreadId(14) [2mzenoh::net::routing::dispatcher::queries[0m[2m:[0m Face{1, 40305f7b3f5b541aa0ec8ecbc8027690}:2628 Didn't receive final reply for query Face{2, d1aa1c0db8ee4a52adc3b1e68d42760d}:2628: Timeout(10s)!
[2m2026-08-24T07:43:53.867906Z[0m [33m WARN[0m ThreadId(19) [2mzenoh::net::routing::dispatcher::queries[0m[2m:[0m Face{1, 40305f7b3f5b541aa0ec8ecbc8027690}:2628 Route reply: Query not found!
[2m2026-08-24T07:43:53.867940Z[0m [33m WARN[0m ThreadId(19) [2mzenoh::net::routing::dispatcher::queries[0m[2m:[0m Face{1, 40305f7b3f5b541aa0ec8ecbc8027690}:2628 Route final reply: Query not found!
[2m2026-08-24T07:44:03.959656Z[0m [33m WARN[0m                net-0 ThreadId(14) [2mzenoh::net::routing::dispatcher::queries[0m[2m:[0m Face{1, 40305f7b3f5b541aa0ec8ecbc8027690}:2632 Didn't receive final reply for query Face{2, d1aa1c0db8ee4a52adc3b1e68d42760d}:2632: Timeout(10s)!
[2m2026-08-24T07:44:11.863280Z[0m [33m WARN[0m ThreadId(19) [2mzenoh::net::routing::dispatcher::queries[0m[2m:[0m Face{1, 40305f7b3f5b541aa0ec8ecbc8027690}:2632 Route reply: Query not found!
[2m2026-08-24T07:44:11.863334Z[0m [33m WARN[0m ThreadId(19) [2mzenoh::net::routing::dispatcher::queries[0m[2m:[0m Face{1, 40305f7b3f5b541aa0ec8ecbc8027690}:2632 Route final reply: Query not found!
[2m2026-08-24T07:44:21.922748Z[0m [33m WARN[0m                net-0 ThreadId(14) [2mzenoh::net::routing::dispatcher::queries[0m[2m:[0m Face{1, 40305f7b3f5b541aa0ec8ecbc8027690}:2636 Didn't receive final reply for query Face{2, d1aa1c0db8ee4a52adc3b1e68d42760d}:2636: Timeout(10s)!
[2m2026-08-24T07:44:29.863125Z[0m [33m WARN[0m ThreadId(19) [2mzenoh::net::routing::dispatcher::queries[0m[2m:[0m Face{1, 40305f7b3f5b541aa0ec8ecbc8027690}:2636 Route reply: Query not found!
[2m2026-08-24T07:44:29.863449Z[0m [33m WARN[0m ThreadId(19) [2mzenoh::net::routing::dispatcher::queries[0m[2m:[0m Face{1, 40305f7b3f5b541aa0ec8ecbc8027690}:2636 Route final reply: Query not found!
[2m2026-08-24T07:44:39.995665Z[0m [33m WARN[0m                net-0 ThreadId(14) [2mzenoh::net::routing::dispatcher::queries[0m[2m:[0m Face{1, 40305f7b3f5b541aa0ec8ecbc8027690}:2640 Didn't receive final reply for query Face{2, d1aa1c0db8ee4a52adc3b1e68d42760d}:2640: Timeout(10s)!
[2m2026-08-24T07:44:47.861565Z[0m [33m WARN[0m ThreadId(19) [2mzenoh::net::routing::dispatcher::queries[0m[2m:[0m Face{1, 40305f7b3f5b541aa0ec8ecbc8027690}:2640 Route reply: Query not found!
[2m2026-08-24T07:44:47.861629Z[0m [33m WARN[0m ThreadId(19) [2mzenoh::net::routing::dispatcher::queries[0m[2m:[0m Face{1, 40305f7b3f5b541aa0ec8ecbc8027690}:2640 Route final reply: Query not found!
[2m2026-08-24T07:44:57.945968Z[0m [33m WARN[0m                net-0 ThreadId(14) [2mzenoh::net::routing::dispatcher::queries[0m[2m:[0m Face{1, 40305f7b3f5b541aa0ec8ecbc8027690}:2644 Didn't receive final reply for query Face{2, d1aa1c0db8ee4a52adc3b1e68d42760d}:2644: Timeout(10s)!
[2m2026-08-24T07:45:05.859896Z[0m [33m WARN[0m ThreadId(19) [2mzenoh::net::routing::dispatcher::queries[0m[2m:[0m Face{1, 40305f7b3f5b541aa0ec8ecbc8027690}:2644 Route reply: Query not found!
[2m2026-08-24T07:45:05.859943Z[0m [33m WARN[0m ThreadId(19) [2mzenoh::net::routing::dispatcher::queries[0m[2m:[0m Face{1, 40305f7b3f5b541aa0ec8ecbc8027690}:2644 Route final reply: Query not found!
[2m2026-08-24T07:45:15.926671Z[0m [33m WARN[0m                net-0 ThreadId(14) [2mzenoh::net::routing::dispatcher::queries[0m[2m:[0m Face{1, 40305f7b3f5b541aa0ec8ecbc8027690}:2648 Didn't receive final reply for query Face{2, d1aa1c0db8ee4a52adc3b1e68d42760d}:2648: Timeout(10s)!
[2m2026-08-24T07:45:23.866443Z[0m [33m WARN[0m ThreadId(19) [2mzenoh::net::routing::dispatcher::queries[0m[2m:[0m Face{1, 40305f7b3f5b541aa0ec8ecbc8027690}:2648 Route reply: Query not found!
[2m2026-08-24T07:45:23.866505Z[0m [33m WARN[0m ThreadId(19) [2mzenoh::net::routing::dispatcher::queries[0m[2m:[0m Face{1, 40305f7b3f5b541aa0ec8ecbc8027690}:2648 Route final reply: Query not found!
[2m2026-08-24T07:45:33.994689Z[0m [33m WARN[0m                net-0 ThreadId(14) [2mzenoh::net::routing::dispatcher::queries[0m[2m:[0m Face{1, 40305f7b3f5b541aa0ec8ecbc8027690}:2652 Didn't receive final reply for query Face{2, d1aa1c0db8ee4a52adc3b1e68d42760d}:2652: Timeout(10s)!
[2m2026-08-24T07:45:41.866008Z[0m [33m WARN[0m ThreadId(19) [2mzenoh::net::routing::dispatcher::queries[0m[2m:[0m Face{1, 40305f7b3f5b541aa0ec8ecbc8027690}:2652 Route reply: Query not found!
[2m2026-08-24T07:45:41.866053Z[0m [33m WARN[0m ThreadId(19) [2mzenoh::net::routing::dispatcher::queries[0m[2m:[0m Face{1, 40305f7b3f5b541aa0ec8ecbc8027690}:2652 Route final reply: Query not found!
[2m2026-08-24T07:45:51.962765Z[0m [33m WARN[0m                net-0 ThreadId(14) [2mzenoh::net::routing::dispatcher::queries[0m[2m:[0m Face{1, 40305f7b3f5b541aa0ec8ecbc8027690}:2656 Didn't receive final reply for query Face{2, d1aa1c0db8ee4a52adc3b1e68d42760d}:2656: Timeout(10s)!
[2m2026-08-24T07:45:59.865268Z[0m [33m WARN[0m ThreadId(19) [2mzenoh::net::routing::dispatcher::queries[0m[2m:[0m Face{1, 40305f7b3f5b541aa0ec8ecbc8027690}:2656 Route reply: Query not found!
[2m2026-08-24T07:45:59.865323Z[0m [33m WARN[0m ThreadId(19) [2mzenoh::net::routing::dispatcher::queries[0m[2m:[0m Face{1, 40305f7b3f5b541aa0ec8ecbc8027690}:2656 Route final reply: Query not found!
[2m2026-08-24T07:46:09.926710Z[0m [33m WARN[0m                net-0 ThreadId(14) [2mzenoh::net::routing::dispatcher::queries[0m[2m:[0m Face{1, 40305f7b3f5b541aa0ec8ecbc8027690}:2660 Didn't receive final reply for query Face{2, d1aa1c0db8ee4a52adc3b1e68d42760d}:2660: Timeout(10s)!
[2m2026-08-24T07:46:17.875240Z[0m [33m WARN[0m ThreadId(19) [2mzenoh::net::routing::dispatcher::queries[0m[2m:[0m Face{1, 40305f7b3f5b541aa0ec8ecbc8027690}:2660 Route reply: Query not found!
[2m2026-08-24T07:46:17.875374Z[0m [33m WARN[0m ThreadId(19) [2mzenoh::net::routing::dispatcher::queries[0m[2m:[0m Face{1, 40305f7b3f5b541aa0ec8ecbc8027690}:2660 Route final reply: Query not found!
[2m2026-08-24T07:46:28.018868Z[0m [33m WARN[0m                net-0 ThreadId(14) [2mzenoh::net::routing::dispatcher::queries[0m[2m:[0m Face{1, 40305f7b3f5b541aa0ec8ecbc8027690}:2664 Didn't receive final reply for query Face{2, d1aa1c0db8ee4a52adc3b1e68d42760d}:2664: Timeout(10s)!
[2m2026-08-24T07:46:35.861166Z[0m [33m WARN[0m ThreadId(19) [2mzenoh::net::routing::dispatcher::queries[0m[2m:[0m Face{1, 40305f7b3f5b541aa0ec8ecbc8027690}:2664 Route reply: Query not found!
[2m2026-08-24T07:46:35.861210Z[0m [33m WARN[0m ThreadId(19) [2mzenoh::net::routing::dispatcher::queries[0m[2m:[0m Face{1, 40305f7b3f5b541aa0ec8ecbc8027690}:2664 Route final reply: Query not found!
[2m2026-08-24T07:46:45.922766Z[0m [33m WARN[0m                net-0 ThreadId(14) [2mzenoh::net::routing::dispatcher::queries[0m[2m:[0m Face{1, 40305f7b3f5b541aa0ec8ecbc8027690}:2668 Didn't receive final reply for query Face{2, d1aa1c0db8ee4a52adc3b1e68d42760d}:2668: Timeout(10s)!
[2m2026-08-24T07:46:53.862955Z[0m [33m WARN[0m ThreadId(19) [2mzenoh::net::routing::dispatcher::queries[0m[2m:[0m Face{1, 40305f7b3f5b541aa0ec8ecbc8027690}:2668 Route reply: Query not found!
[2m2026-08-24T07:46:53.863530Z[0m [33m WARN[0m ThreadId(19) [2mzenoh::net::routing::dispatcher::queries[0m[2m:[0m Face{1, 40305f7b3f5b541aa0ec8ecbc8027690}:2668 Route final reply: Query not found!
[2m2026-08-24T07:47:03.976686Z[0m [33m WARN[0m                net-0 ThreadId(14) [2mzenoh::net::routing::dispatcher::queries[0m[2m:[0m Face{1, 40305f7b3f5b541aa0ec8ecbc8027690}:2672 Didn't receive final reply for query Face{2, d1aa1c0db8ee4a52adc3b1e68d42760d}:2672: Timeout(10s)!
[2m2026-08-24T07:47:11.867481Z[0m [33m WARN[0m ThreadId(19) [2mzenoh::net::routing::dispatcher::queries[0m[2m:[0m Face{1, 40305f7b3f5b541aa0ec8ecbc8027690}:2672 Route reply: Query not found!
[2m2026-08-24T07:47:11.867534Z[0m [33m WARN[0m ThreadId(19) [2mzenoh::net::routing::dispatcher::queries[0m[2m:[0m Face{1, 40305f7b3f5b541aa0ec8ecbc8027690}:2672 Route final reply: Query not found!
[2m2026-08-24T07:47:21.936552Z[0m [33m WARN[0m                net-0 ThreadId(14) [2mzenoh::net::routing::dispatcher::queries[0m[2m:[0m Face{1, 40305f7b3f5b541aa0ec8ecbc8027690}:2676 Didn't receive final reply for query Face{2, d1aa1c0db8ee4a52adc3b1e68d42760d}:2676: Timeout(10s)!
[2m2026-08-24T07:47:29.866539Z[0m [33m WARN[0m ThreadId(19) [2mzenoh::net::routing::dispatcher::queries[0m[2m:[0m Face{1, 40305f7b3f5b541aa0ec8ecbc8027690}:2676 Route reply: Query not found!
[2m2026-08-24T07:47:29.866589Z[0m [33m WARN[0m ThreadId(19) [2mzenoh::net::routing::dispatcher::queries[0m[2m:[0m Face{1, 40305f7b3f5b541aa0ec8ecbc8027690}:2676 Route final reply: Query not found!
[2m2026-08-24T07:47:39.995689Z[0m [33m WARN[0m                net-0 ThreadId(14) [2mzenoh::net::routing::dispatcher::queries[0m[2m:[0m Face{1, 40305f7b3f5b541aa0ec8ecbc8027690}:2680 Didn't receive final reply for query Face{2, d1aa1c0db8ee4a52adc3b1e68d42760d}:2680: Timeout(10s)!
[2m2026-08-24T07:47:47.868921Z[0m [33m WARN[0m ThreadId(19) [2mzenoh::net::routing::dispatcher::queries[0m[2m:[0m Face{1, 40305f7b3f5b541aa0ec8ecbc8027690}:2680 Route reply: Query not found!
[2m2026-08-24T07:47:47.868956Z[0m [33m WARN[0m ThreadId(19) [2mzenoh::net::routing::dispatcher::queries[0m[2m:[0m Face{1, 40305f7b3f5b541aa0ec8ecbc8027690}:2680 Route final reply: Query not found!
[2m2026-08-24T07:47:57.959689Z[0m [33m WARN[0m                net-0 ThreadId(14) [2mzenoh::net::routing::dispatcher::queries[0m[2m:[0m Face{1, 40305f7b3f5b541aa0ec8ecbc8027690}:2684 Didn't receive final reply for query Face{2, d1aa1c0db8ee4a52adc3b1e68d42760d}:2684: Timeout(10s)!
[2m2026-08-24T07:48:05.864644Z[0m [33m WARN[0m ThreadId(19) [2mzenoh::net::routing::dispatcher::queries[0m[2m:[0m Face{1, 40305f7b3f5b541aa0ec8ecbc8027690}:2684 Route reply: Query not found!
[2m2026-08-24T07:48:05.864718Z[0m [33m WARN[0m ThreadId(19) [2mzenoh::net::routing::dispatcher::queries[0m[2m:[0m Face{1, 40305f7b3f5b541aa0ec8ecbc8027690}:2684 Route final reply: Query not found!
[2m2026-08-24T07:48:15.948390Z[0m [33m WARN[0m                net-0 ThreadId(14) [2mzenoh::net::routing::dispatcher::queries[0m[2m:[0m Face{1, 40305f7b3f5b541aa0ec8ecbc8027690}:2688 Didn't receive final reply for query Face{2, d1aa1c0db8ee4a52adc3b1e68d42760d}:2688: Timeout(10s)!
[2m2026-08-24T07:48:23.867326Z[0m [33m WARN[0m ThreadId(19) [2mzenoh::net::routing::dispatcher::queries[0m[2m:[0m Face{1, 40305f7b3f5b541aa0ec8ecbc8027690}:2688 Route reply: Query not found!
[2m2026-08-24T07:48:23.867372Z[0m [33m WARN[0m ThreadId(19) [2mzenoh::net::routing::dispatcher::queries[0m[2m:[0m Face{1, 40305f7b3f5b541aa0ec8ecbc8027690}:2688 Route final reply: Query not found!
[2m2026-08-24T07:48:33.995663Z[0m [33m WARN[0m                net-0 ThreadId(14) [2mzenoh::net::routing::dispatcher::queries[0m[2m:[0m Face{1, 40305f7b3f5b541aa0ec8ecbc8027690}:2692 Didn't receive final reply for query Face{2, d1aa1c0db8ee4a52adc3b1e68d42760d}:2692: Timeout(10s)!
[2m2026-08-24T07:48:41.868141Z[0m [33m WARN[0m ThreadId(19) [2mzenoh::net::routing::dispatcher::queries[0m[2m:[0m Face{1, 40305f7b3f5b541aa0ec8ecbc8027690}:2692 Route reply: Query not found!
[2m2026-08-24T07:48:41.868175Z[0m [33m WARN[0m ThreadId(19) [2mzenoh::net::routing::dispatcher::queries[0m[2m:[0m Face{1, 40305f7b3f5b541aa0ec8ecbc8027690}:2692 Route final reply: Query not found!
[2m2026-08-24T07:48:51.960437Z[0m [33m WARN[0m                net-0 ThreadId(14) [2mzenoh::net::routing::dispatcher::queries[0m[2m:[0m Face{1, 40305f7b3f5b541aa0ec8ecbc8027690}:2696 Didn't receive final reply for query Face{2, d1aa1c0db8ee4a52adc3b1e68d42760d}:2696: Timeout(10s)!
[2m2026-08-24T07:48:59.862837Z[0m [33m WARN[0m ThreadId(19) [2mzenoh::net::routing::dispatcher::queries[0m[2m:[0m Face{1, 40305f7b3f5b541aa0ec8ecbc8027690}:2696 Route reply: Query not found!
[2m2026-08-24T07:48:59.863226Z[0m [33m WARN[0m ThreadId(19) [2mzenoh::net::routing::dispatcher::queries[0m[2m:[0m Face{1, 40305f7b3f5b541aa0ec8ecbc8027690}:2696 Route final reply: Query not found!
[2m2026-08-24T07:49:09.934672Z[0m [33m WARN[0m                net-0 ThreadId(14) [2mzenoh::net::routing::dispatcher::queries[0m[2m:[0m Face{1, 40305f7b3f5b541aa0ec8ecbc8027690}:2700 Didn't receive final reply for query Face{2, d1aa1c0db8ee4a52adc3b1e68d42760d}:2700: Timeout(10s)!
[2m2026-08-24T07:49:17.862228Z[0m [33m WARN[0m ThreadId(19) [2mzenoh::net::routing::dispatcher::queries[0m[2m:[0m Face{1, 40305f7b3f5b541aa0ec8ecbc8027690}:2700 Route reply: Query not found!
[2m2026-08-24T07:49:17.862269Z[0m [33m WARN[0m ThreadId(19) [2mzenoh::net::routing::dispatcher::queries[0m[2m:[0m Face{1, 40305f7b3f5b541aa0ec8ecbc8027690}:2700 Route final reply: Query not found!
[2m2026-08-24T07:49:27.900846Z[0m [33m WARN[0m                net-0 ThreadId(14) [2mzenoh::net::routing::dispatcher::queries[0m[2m:[0m Face{1, 40305f7b3f5b541aa0ec8ecbc8027690}:2704 Didn't receive final reply for query Face{2, d1aa1c0db8ee4a52adc3b1e68d42760d}:2704: Timeout(10s)!
[2m2026-08-24T07:49:35.860563Z[0m [33m WARN[0m ThreadId(19) [2mzenoh::net::routing::dispatcher::queries[0m[2m:[0m Face{1, 40305f7b3f5b541aa0ec8ecbc8027690}:2704 Route reply: Query not found!
[2m2026-08-24T07:49:35.860613Z[0m [33m WARN[0m ThreadId(19) [2mzenoh::net::routing::dispatcher::queries[0m[2m:[0m Face{1, 40305f7b3f5b541aa0ec8ecbc8027690}:2704 Route final reply: Query not found!
[2m2026-08-24T07:49:45.965053Z[0m [33m WARN[0m                net-0 ThreadId(14) [2mzenoh::net::routing::dispatcher::queries[0m[2m:[0m Face{1, 40305f7b3f5b541aa0ec8ecbc8027690}:2708 Didn't receive final reply for query Face{2, d1aa1c0db8ee4a52adc3b1e68d42760d}:2708: Timeout(10s)!
[2m2026-08-24T07:49:53.859501Z[0m [33m WARN[0m ThreadId(19) [2mzenoh::net::routing::dispatcher::queries[0m[2m:[0m Face{1, 40305f7b3f5b541aa0ec8ecbc8027690}:2708 Route reply: Query not found!
[2m2026-08-24T07:49:53.859539Z[0m [33m WARN[0m ThreadId(19) [2mzenoh::net::routing::dispatcher::queries[0m[2m:[0m Face{1, 40305f7b3f5b541aa0ec8ecbc8027690}:2708 Route final reply: Query not found!
[2m2026-08-24T07:50:03.943795Z[0m [33m WARN[0m                net-0 ThreadId(14) [2mzenoh::net::routing::dispatcher::queries[0m[2m:[0m Face{1, 40305f7b3f5b541aa0ec8ecbc8027690}:2712 Didn't receive final reply for query Face{2, d1aa1c0db8ee4a52adc3b1e68d42760d}:2712: Timeout(10s)!
[2m2026-08-24T07:50:11.865276Z[0m [33m WARN[0m ThreadId(19) [2mzenoh::net::routing::dispatcher::queries[0m[2m:[0m Face{1, 40305f7b3f5b541aa0ec8ecbc8027690}:2712 Route reply: Query not found!
[2m2026-08-24T07:50:11.865338Z[0m [33m WARN[0m ThreadId(19) [2mzenoh::net::routing::dispatcher::queries[0m[2m:[0m Face{1, 40305f7b3f5b541aa0ec8ecbc8027690}:2712 Route final reply: Query not found!
[2m2026-08-24T07:50:21.913095Z[0m [33m WARN[0m                net-0 ThreadId(14) [2mzenoh::net::routing::dispatcher::queries[0m[2m:[0m Face{1, 40305f7b3f5b541aa0ec8ecbc8027690}:2716 Didn't receive final reply for query Face{2, d1aa1c0db8ee4a52adc3b1e68d42760d}:2716: Timeout(10s)!
[2m2026-08-24T07:50:29.864673Z[0m [33m WARN[0m ThreadId(19) [2mzenoh::net::routing::dispatcher::queries[0m[2m:[0m Face{1, 40305f7b3f5b541aa0ec8ecbc8027690}:2716 Route reply: Query not found!
[2m2026-08-24T07:50:29.864733Z[0m [33m WARN[0m ThreadId(19) [2mzenoh::net::routing::dispatcher::queries[0m[2m:[0m Face{1, 40305f7b3f5b541aa0ec8ecbc8027690}:2716 Route final reply: Query not found!
[2m2026-08-24T07:50:39.994319Z[0m [33m WARN[0m                net-0 ThreadId(14) [2mzenoh::net::routing::dispatcher::queries[0m[2m:[0m Face{1, 40305f7b3f5b541aa0ec8ecbc8027690}:2720 Didn't receive final reply for query Face{2, d1aa1c0db8ee4a52adc3b1e68d42760d}:2720: Timeout(10s)!
[2m2026-08-24T07:50:47.866653Z[0m [33m WARN[0m ThreadId(19) [2mzenoh::net::routing::dispatcher::queries[0m[2m:[0m Face{1, 40305f7b3f5b541aa0ec8ecbc8027690}:2720 Route reply: Query not found!
[2m2026-08-24T07:50:47.866702Z[0m [33m WARN[0m ThreadId(19) [2mzenoh::net::routing::dispatcher::queries[0m[2m:[0m Face{1, 40305f7b3f5b541aa0ec8ecbc8027690}:2720 Route final reply: Query not found!
[2m2026-08-24T07:50:57.958664Z[0m [33m WARN[0m                net-0 ThreadId(14) [2mzenoh::net::routing::dispatcher::queries[0m[2m:[0m Face{1, 40305f7b3f5b541aa0ec8ecbc8027690}:2724 Didn't receive final reply for query Face{2, d1aa1c0db8ee4a52adc3b1e68d42760d}:2724: Timeout(10s)!
[2m2026-08-24T07:51:05.861877Z[0m [33m WARN[0m ThreadId(19) [2mzenoh::net::routing::dispatcher::queries[0m[2m:[0m Face{1, 40305f7b3f5b541aa0ec8ecbc8027690}:2724 Route reply: Query not found!
[2m2026-08-24T07:51:05.861916Z[0m [33m WARN[0m ThreadId(19) [2mzenoh::net::routing::dispatcher::queries[0m[2m:[0m Face{1, 40305f7b3f5b541aa0ec8ecbc8027690}:2724 Route final reply: Query not found!
[2m2026-08-24T07:51:15.908709Z[0m [33m WARN[0m                net-0 ThreadId(14) [2mzenoh::net::routing::dispatcher::queries[0m[2m:[0m Face{1, 40305f7b3f5b541aa0ec8ecbc8027690}:2728 Didn't receive final reply for query Face{2, d1aa1c0db8ee4a52adc3b1e68d42760d}:2728: Timeout(10s)!
[2m2026-08-24T07:51:23.861925Z[0m [33m WARN[0m ThreadId(19) [2mzenoh::net::routing::dispatcher::queries[0m[2m:[0m Face{1, 40305f7b3f5b541aa0ec8ecbc8027690}:2728 Route reply: Query not found!
[2m2026-08-24T07:51:23.861965Z[0m [33m WARN[0m ThreadId(19) [2mzenoh::net::routing::dispatcher::queries[0m[2m:[0m Face{1, 40305f7b3f5b541aa0ec8ecbc8027690}:2728 Route final reply: Query not found!
[2m2026-08-24T07:51:33.972756Z[0m [33m WARN[0m                net-0 ThreadId(14) [2mzenoh::net::routing::dispatcher::queries[0m[2m:[0m Face{1, 40305f7b3f5b541aa0ec8ecbc8027690}:2732 Didn't receive final reply for query Face{2, d1aa1c0db8ee4a52adc3b1e68d42760d}:2732: Timeout(10s)!
[2m2026-08-24T07:51:41.861696Z[0m [33m WARN[0m ThreadId(19) [2mzenoh::net::routing::dispatcher::queries[0m[2m:[0m Face{1, 40305f7b3f5b541aa0ec8ecbc8027690}:2732 Route reply: Query not found!
[2m2026-08-24T07:51:41.861746Z[0m [33m WARN[0m ThreadId(19) [2mzenoh::net::routing::dispatcher::queries[0m[2m:[0m Face{1, 40305f7b3f5b541aa0ec8ecbc8027690}:2732 Route final reply: Query not found!
[2m2026-08-24T07:51:51.936235Z[0m [33m WARN[0m                net-0 ThreadId(14) [2mzenoh::net::routing::dispatcher::queries[0m[2m:[0m Face{1, 40305f7b3f5b541aa0ec8ecbc8027690}:2736 Didn't receive final reply for query Face{2, d1aa1c0db8ee4a52adc3b1e68d42760d}:2736: Timeout(10s)!
[2m2026-08-24T07:51:59.866007Z[0m [33m WARN[0m ThreadId(19) [2mzenoh::net::routing::dispatcher::queries[0m[2m:[0m Face{1, 40305f7b3f5b541aa0ec8ecbc8027690}:2736 Route reply: Query not found!
[2m2026-08-24T07:51:59.866047Z[0m [33m WARN[0m ThreadId(19) [2mzenoh::net::routing::dispatcher::queries[0m[2m:[0m Face{1, 40305f7b3f5b541aa0ec8ecbc8027690}:2736 Route final reply: Query not found!
[2m2026-08-24T07:52:09.993667Z[0m [33m WARN[0m                net-0 ThreadId(14) [2mzenoh::net::routing::dispatcher::queries[0m[2m:[0m Face{1, 40305f7b3f5b541aa0ec8ecbc8027690}:2740 Didn't receive final reply for query Face{2, d1aa1c0db8ee4a52adc3b1e68d42760d}:2740: Timeout(10s)!
[2m2026-08-24T07:52:17.864094Z[0m [33m WARN[0m ThreadId(19) [2mzenoh::net::routing::dispatcher::queries[0m[2m:[0m Face{1, 40305f7b3f5b541aa0ec8ecbc8027690}:2740 Route reply: Query not found!
[2m2026-08-24T07:52:17.864158Z[0m [33m WARN[0m ThreadId(19) [2mzenoh::net::routing::dispatcher::queries[0m[2m:[0m Face{1, 40305f7b3f5b541aa0ec8ecbc8027690}:2740 Route final reply: Query not found!
[2m2026-08-24T07:52:27.956708Z[0m [33m WARN[0m                net-0 ThreadId(14) [2mzenoh::net::routing::dispatcher::queries[0m[2m:[0m Face{1, 40305f7b3f5b541aa0ec8ecbc8027690}:2744 Didn't receive final reply for query Face{2, d1aa1c0db8ee4a52adc3b1e68d42760d}:2744: Timeout(10s)!
[2m2026-08-24T07:52:35.869234Z[0m [33m WARN[0m ThreadId(19) [2mzenoh::net::routing::dispatcher::queries[0m[2m:[0m Face{1, 40305f7b3f5b541aa0ec8ecbc8027690}:2744 Route reply: Query not found!
[2m2026-08-24T07:52:35.869263Z[0m [33m WARN[0m ThreadId(19) [2mzenoh::net::routing::dispatcher::queries[0m[2m:[0m Face{1, 40305f7b3f5b541aa0ec8ecbc8027690}:2744 Route final reply: Query not found!
[2m2026-08-24T07:52:45.914709Z[0m [33m WARN[0m                net-0 ThreadId(14) [2mzenoh::net::routing::dispatcher::queries[0m[2m:[0m Face{1, 40305f7b3f5b541aa0ec8ecbc8027690}:2748 Didn't receive final reply for query Face{2, d1aa1c0db8ee4a52adc3b1e68d42760d}:2748: Timeout(10s)!
[2m2026-08-24T07:52:53.865522Z[0m [33m WARN[0m ThreadId(19) [2mzenoh::net::routing::dispatcher::queries[0m[2m:[0m Face{1, 40305f7b3f5b541aa0ec8ecbc8027690}:2748 Route reply: Query not found!
[2m2026-08-24T07:52:53.865576Z[0m [33m WARN[0m ThreadId(19) [2mzenoh::net::routing::dispatcher::queries[0m[2m:[0m Face{1, 40305f7b3f5b541aa0ec8ecbc8027690}:2748 Route final reply: Query not found!
[2m2026-08-24T07:53:03.996688Z[0m [33m WARN[0m                net-0 ThreadId(14) [2mzenoh::net::routing::dispatcher::queries[0m[2m:[0m Face{1, 40305f7b3f5b541aa0ec8ecbc8027690}:2752 Didn't receive final reply for query Face{2, d1aa1c0db8ee4a52adc3b1e68d42760d}:2752: Timeout(10s)!
[2m2026-08-24T07:53:11.865467Z[0m [33m WARN[0m ThreadId(19) [2mzenoh::net::routing::dispatcher::queries[0m[2m:[0m Face{1, 40305f7b3f5b541aa0ec8ecbc8027690}:2752 Route reply: Query not found!
[2m2026-08-24T07:53:11.865537Z[0m [33m WARN[0m ThreadId(19) [2mzenoh::net::routing::dispatcher::queries[0m[2m:[0m Face{1, 40305f7b3f5b541aa0ec8ecbc8027690}:2752 Route final reply: Query not found!
[2m2026-08-24T07:53:21.954120Z[0m [33m WARN[0m                net-0 ThreadId(14) [2mzenoh::net::routing::dispatcher::queries[0m[2m:[0m Face{1, 40305f7b3f5b541aa0ec8ecbc8027690}:2756 Didn't receive final reply for query Face{2, d1aa1c0db8ee4a52adc3b1e68d42760d}:2756: Timeout(10s)!
[2m2026-08-24T07:53:29.867765Z[0m [33m WARN[0m ThreadId(19) [2mzenoh::net::routing::dispatcher::queries[0m[2m:[0m Face{1, 40305f7b3f5b541aa0ec8ecbc8027690}:2756 Route reply: Query not found!
[2m2026-08-24T07:53:29.867795Z[0m [33m WARN[0m ThreadId(19) [2mzenoh::net::routing::dispatcher::queries[0m[2m:[0m Face{1, 40305f7b3f5b541aa0ec8ecbc8027690}:2756 Route final reply: Query not found!
[2m2026-08-24T07:53:39.940741Z[0m [33m WARN[0m                net-0 ThreadId(14) [2mzenoh::net::routing::dispatcher::queries[0m[2m:[0m Face{1, 40305f7b3f5b541aa0ec8ecbc8027690}:2760 Didn't receive final reply for query Face{2, d1aa1c0db8ee4a52adc3b1e68d42760d}:2760: Timeout(10s)!
[2m2026-08-24T07:53:47.860733Z[0m [33m WARN[0m ThreadId(19) [2mzenoh::net::routing::dispatcher::queries[0m[2m:[0m Face{1, 40305f7b3f5b541aa0ec8ecbc8027690}:2760 Route reply: Query not found!
[2m2026-08-24T07:53:47.860791Z[0m [33m WARN[0m ThreadId(19) [2mzenoh::net::routing::dispatcher::queries[0m[2m:[0m Face{1, 40305f7b3f5b541aa0ec8ecbc8027690}:2760 Route final reply: Query not found!
[2m2026-08-24T07:53:57.907666Z[0m [33m WARN[0m                net-0 ThreadId(14) [2mzenoh::net::routing::dispatcher::queries[0m[2m:[0m Face{1, 40305f7b3f5b541aa0ec8ecbc8027690}:2764 Didn't receive final reply for query Face{2, d1aa1c0db8ee4a52adc3b1e68d42760d}:2764: Timeout(10s)!
[2m2026-08-24T07:54:05.860497Z[0m [33m WARN[0m ThreadId(19) [2mzenoh::net::routing::dispatcher::queries[0m[2m:[0m Face{1, 40305f7b3f5b541aa0ec8ecbc8027690}:2764 Route reply: Query not found!
[2m2026-08-24T07:54:05.860535Z[0m [33m WARN[0m ThreadId(19) [2mzenoh::net::routing::dispatcher::queries[0m[2m:[0m Face{1, 40305f7b3f5b541aa0ec8ecbc8027690}:2764 Route final reply: Query not found!
[2m2026-08-24T07:54:15.969704Z[0m [33m WARN[0m                net-0 ThreadId(14) [2mzenoh::net::routing::dispatcher::queries[0m[2m:[0m Face{1, 40305f7b3f5b541aa0ec8ecbc8027690}:2768 Didn't receive final reply for query Face{2, d1aa1c0db8ee4a52adc3b1e68d42760d}:2768: Timeout(10s)!
[2m2026-08-24T07:54:23.863386Z[0m [33m WARN[0m ThreadId(19) [2mzenoh::net::routing::dispatcher::queries[0m[2m:[0m Face{1, 40305f7b3f5b541aa0ec8ecbc8027690}:2768 Route reply: Query not found!
[2m2026-08-24T07:54:23.863422Z[0m [33m WARN[0m ThreadId(19) [2mzenoh::net::routing::dispatcher::queries[0m[2m:[0m Face{1, 40305f7b3f5b541aa0ec8ecbc8027690}:2768 Route final reply: Query not found!
[2m2026-08-24T07:54:33.933998Z[0m [33m WARN[0m                net-0 ThreadId(14) [2mzenoh::net::routing::dispatcher::queries[0m[2m:[0m Face{1, 40305f7b3f5b541aa0ec8ecbc8027690}:2772 Didn't receive final reply for query Face{2, d1aa1c0db8ee4a52adc3b1e68d42760d}:2772: Timeout(10s)!
[2m2026-08-24T07:54:41.863680Z[0m [33m WARN[0m ThreadId(19) [2mzenoh::net::routing::dispatcher::queries[0m[2m:[0m Face{1, 40305f7b3f5b541aa0ec8ecbc8027690}:2772 Route reply: Query not found!
[2m2026-08-24T07:54:41.863727Z[0m [33m WARN[0m ThreadId(19) [2mzenoh::net::routing::dispatcher::queries[0m[2m:[0m Face{1, 40305f7b3f5b541aa0ec8ecbc8027690}:2772 Route final reply: Query not found!
[2m2026-08-24T07:54:51.959002Z[0m [33m WARN[0m                net-0 ThreadId(14) [2mzenoh::net::routing::dispatcher::queries[0m[2m:[0m Face{1, 40305f7b3f5b541aa0ec8ecbc8027690}:2776 Didn't receive final reply for query Face{2, d1aa1c0db8ee4a52adc3b1e68d42760d}:2776: Timeout(10s)!
[2m2026-08-24T07:54:59.866469Z[0m [33m WARN[0m ThreadId(19) [2mzenoh::net::routing::dispatcher::queries[0m[2m:[0m Face{1, 40305f7b3f5b541aa0ec8ecbc8027690}:2776 Route reply: Query not found!
[2m2026-08-24T07:54:59.866514Z[0m [33m WARN[0m ThreadId(19) [2mzenoh::net::routing::dispatcher::queries[0m[2m:[0m Face{1, 40305f7b3f5b541aa0ec8ecbc8027690}:2776 Route final reply: Query not found!
[2m2026-08-24T07:55:09.917699Z[0m [33m WARN[0m                net-0 ThreadId(14) [2mzenoh::net::routing::dispatcher::queries[0m[2m:[0m Face{1, 40305f7b3f5b541aa0ec8ecbc8027690}:2780 Didn't receive final reply for query Face{2, d1aa1c0db8ee4a52adc3b1e68d42760d}:2780: Timeout(10s)!
[2m2026-08-24T07:55:17.861756Z[0m [33m WARN[0m ThreadId(19) [2mzenoh::net::routing::dispatcher::queries[0m[2m:[0m Face{1, 40305f7b3f5b541aa0ec8ecbc8027690}:2780 Route reply: Query not found!
[2m2026-08-24T07:55:17.861794Z[0m [33m WARN[0m ThreadId(19) [2mzenoh::net::routing::dispatcher::queries[0m[2m:[0m Face{1, 40305f7b3f5b541aa0ec8ecbc8027690}:2780 Route final reply: Query not found!
[2m2026-08-24T07:55:27.972694Z[0m [33m WARN[0m                net-0 ThreadId(14) [2mzenoh::net::routing::dispatcher::queries[0m[2m:[0m Face{1, 40305f7b3f5b541aa0ec8ecbc8027690}:2784 Didn't receive final reply for query Face{2, d1aa1c0db8ee4a52adc3b1e68d42760d}:2784: Timeout(10s)!
[2m2026-08-24T07:55:35.864427Z[0m [33m WARN[0m ThreadId(19) [2mzenoh::net::routing::dispatcher::queries[0m[2m:[0m Face{1, 40305f7b3f5b541aa0ec8ecbc8027690}:2784 Route reply: Query not found!
[2m2026-08-24T07:55:35.864500Z[0m [33m WARN[0m ThreadId(19) [2mzenoh::net::routing::dispatcher::queries[0m[2m:[0m Face{1, 40305f7b3f5b541aa0ec8ecbc8027690}:2784 Route final reply: Query not found!
[2m2026-08-24T07:55:45.904733Z[0m [33m WARN[0m                net-0 ThreadId(14) [2mzenoh::net::routing::dispatcher::queries[0m[2m:[0m Face{1, 40305f7b3f5b541aa0ec8ecbc8027690}:2788 Didn't receive final reply for query Face{2, d1aa1c0db8ee4a52adc3b1e68d42760d}:2788: Timeout(10s)!
[2m2026-08-24T07:55:53.859020Z[0m [33m WARN[0m ThreadId(19) [2mzenoh::net::routing::dispatcher::queries[0m[2m:[0m Face{1, 40305f7b3f5b541aa0ec8ecbc8027690}:2788 Route reply: Query not found!
[2m2026-08-24T07:55:53.859065Z[0m [33m WARN[0m ThreadId(19) [2mzenoh::net::routing::dispatcher::queries[0m[2m:[0m Face{1, 40305f7b3f5b541aa0ec8ecbc8027690}:2788 Route final reply: Query not found!
[2m2026-08-24T07:56:03.899232Z[0m [33m WARN[0m                net-0 ThreadId(14) [2mzenoh::net::routing::dispatcher::queries[0m[2m:[0m Face{1, 40305f7b3f5b541aa0ec8ecbc8027690}:2792 Didn't receive final reply for query Face{2, d1aa1c0db8ee4a52adc3b1e68d42760d}:2792: Timeout(10s)!
[2m2026-08-24T07:56:11.869212Z[0m [33m WARN[0m ThreadId(19) [2mzenoh::net::routing::dispatcher::queries[0m[2m:[0m Face{1, 40305f7b3f5b541aa0ec8ecbc8027690}:2792 Route reply: Query not found!
[2m2026-08-24T07:56:11.869284Z[0m [33m WARN[0m ThreadId(19) [2mzenoh::net::routing::dispatcher::queries[0m[2m:[0m Face{1, 40305f7b3f5b541aa0ec8ecbc8027690}:2792 Route final reply: Query not found!
[2m2026-08-24T07:56:21.954921Z[0m [33m WARN[0m                net-0 ThreadId(14) [2mzenoh::net::routing::dispatcher::queries[0m[2m:[0m Face{1, 40305f7b3f5b541aa0ec8ecbc8027690}:2796 Didn't receive final reply for query Face{2, d1aa1c0db8ee4a52adc3b1e68d42760d}:2796: Timeout(10s)!
[2m2026-08-24T07:56:29.865317Z[0m [33m WARN[0m ThreadId(19) [2mzenoh::net::routing::dispatcher::queries[0m[2m:[0m Face{1, 40305f7b3f5b541aa0ec8ecbc8027690}:2796 Route reply: Query not found!
[2m2026-08-24T07:56:29.865355Z[0m [33m WARN[0m ThreadId(19) [2mzenoh::net::routing::dispatcher::queries[0m[2m:[0m Face{1, 40305f7b3f5b541aa0ec8ecbc8027690}:2796 Route final reply: Query not found!
[2m2026-08-24T07:56:39.917666Z[0m [33m WARN[0m                net-0 ThreadId(14) [2mzenoh::net::routing::dispatcher::queries[0m[2m:[0m Face{1, 40305f7b3f5b541aa0ec8ecbc8027690}:2800 Didn't receive final reply for query Face{2, d1aa1c0db8ee4a52adc3b1e68d42760d}:2800: Timeout(10s)!
[2m2026-08-24T07:56:47.860103Z[0m [33m WARN[0m ThreadId(19) [2mzenoh::net::routing::dispatcher::queries[0m[2m:[0m Face{1, 40305f7b3f5b541aa0ec8ecbc8027690}:2800 Route reply: Query not found!
[2m2026-08-24T07:56:47.860142Z[0m [33m WARN[0m ThreadId(19) [2mzenoh::net::routing::dispatcher::queries[0m[2m:[0m Face{1, 40305f7b3f5b541aa0ec8ecbc8027690}:2800 Route final reply: Query not found!
[2m2026-08-24T07:56:57.985768Z[0m [33m WARN[0m                net-0 ThreadId(14) [2mzenoh::net::routing::dispatcher::queries[0m[2m:[0m Face{1, 40305f7b3f5b541aa0ec8ecbc8027690}:2804 Didn't receive final reply for query Face{2, d1aa1c0db8ee4a52adc3b1e68d42760d}:2804: Timeout(10s)!
[2m2026-08-24T07:57:05.868126Z[0m [33m WARN[0m ThreadId(19) [2mzenoh::net::routing::dispatcher::queries[0m[2m:[0m Face{1, 40305f7b3f5b541aa0ec8ecbc8027690}:2804 Route reply: Query not found!
[2m2026-08-24T07:57:05.868160Z[0m [33m WARN[0m ThreadId(19) [2mzenoh::net::routing::dispatcher::queries[0m[2m:[0m Face{1, 40305f7b3f5b541aa0ec8ecbc8027690}:2804 Route final reply: Query not found!
[2m2026-08-24T07:57:15.957260Z[0m [33m WARN[0m                net-0 ThreadId(14) [2mzenoh::net::routing::dispatcher::queries[0m[2m:[0m Face{1, 40305f7b3f5b541aa0ec8ecbc8027690}:2808 Didn't receive final reply for query Face{2, d1aa1c0db8ee4a52adc3b1e68d42760d}:2808: Timeout(10s)!
[2m2026-08-24T07:57:23.866320Z[0m [33m WARN[0m ThreadId(19) [2mzenoh::net::routing::dispatcher::queries[0m[2m:[0m Face{1, 40305f7b3f5b541aa0ec8ecbc8027690}:2808 Route reply: Query not found!
[2m2026-08-24T07:57:23.866357Z[0m [33m WARN[0m ThreadId(19) [2mzenoh::net::routing::dispatcher::queries[0m[2m:[0m Face{1, 40305f7b3f5b541aa0ec8ecbc8027690}:2808 Route final reply: Query not found!
[2m2026-08-24T07:57:33.927683Z[0m [33m WARN[0m                net-0 ThreadId(14) [2mzenoh::net::routing::dispatcher::queries[0m[2m:[0m Face{1, 40305f7b3f5b541aa0ec8ecbc8027690}:2812 Didn't receive final reply for query Face{2, d1aa1c0db8ee4a52adc3b1e68d42760d}:2812: Timeout(10s)!
[2m2026-08-24T07:57:41.860125Z[0m [33m WARN[0m ThreadId(19) [2mzenoh::net::routing::dispatcher::queries[0m[2m:[0m Face{1, 40305f7b3f5b541aa0ec8ecbc8027690}:2812 Route reply: Query not found!
[2m2026-08-24T07:57:41.860183Z[0m [33m WARN[0m ThreadId(19) [2mzenoh::net::routing::dispatcher::queries[0m[2m:[0m Face{1, 40305f7b3f5b541aa0ec8ecbc8027690}:2812 Route final reply: Query not found!
[2m2026-08-24T07:57:51.985808Z[0m [33m WARN[0m                net-0 ThreadId(14) [2mzenoh::net::routing::dispatcher::queries[0m[2m:[0m Face{1, 40305f7b3f5b541aa0ec8ecbc8027690}:2816 Didn't receive final reply for query Face{2, d1aa1c0db8ee4a52adc3b1e68d42760d}:2816: Timeout(10s)!
[2m2026-08-24T07:57:59.866421Z[0m [33m WARN[0m ThreadId(19) [2mzenoh::net::routing::dispatcher::queries[0m[2m:[0m Face{1, 40305f7b3f5b541aa0ec8ecbc8027690}:2816 Route reply: Query not found!
[2m2026-08-24T07:57:59.866459Z[0m [33m WARN[0m ThreadId(19) [2mzenoh::net::routing::dispatcher::queries[0m[2m:[0m Face{1, 40305f7b3f5b541aa0ec8ecbc8027690}:2816 Route final reply: Query not found!
[2m2026-08-24T07:58:09.943698Z[0m [33m WARN[0m                net-0 ThreadId(14) [2mzenoh::net::routing::dispatcher::queries[0m[2m:[0m Face{1, 40305f7b3f5b541aa0ec8ecbc8027690}:2820 Didn't receive final reply for query Face{2, d1aa1c0db8ee4a52adc3b1e68d42760d}:2820: Timeout(10s)!
[2m2026-08-24T07:58:17.866712Z[0m [33m WARN[0m ThreadId(19) [2mzenoh::net::routing::dispatcher::queries[0m[2m:[0m Face{1, 40305f7b3f5b541aa0ec8ecbc8027690}:2820 Route reply: Query not found!
[2m2026-08-24T07:58:17.866750Z[0m [33m WARN[0m ThreadId(19) [2mzenoh::net::routing::dispatcher::queries[0m[2m:[0m Face{1, 40305f7b3f5b541aa0ec8ecbc8027690}:2820 Route final reply: Query not found!
[2m2026-08-24T07:58:27.912736Z[0m [33m WARN[0m                net-0 ThreadId(14) [2mzenoh::net::routing::dispatcher::queries[0m[2m:[0m Face{1, 40305f7b3f5b541aa0ec8ecbc8027690}:2824 Didn't receive final reply for query Face{2, d1aa1c0db8ee4a52adc3b1e68d42760d}:2824: Timeout(10s)!
[2m2026-08-24T07:58:35.868048Z[0m [33m WARN[0m ThreadId(19) [2mzenoh::net::routing::dispatcher::queries[0m[2m:[0m Face{1, 40305f7b3f5b541aa0ec8ecbc8027690}:2824 Route reply: Query not found!
[2m2026-08-24T07:58:35.868079Z[0m [33m WARN[0m ThreadId(19) [2mzenoh::net::routing::dispatcher::queries[0m[2m:[0m Face{1, 40305f7b3f5b541aa0ec8ecbc8027690}:2824 Route final reply: Query not found!
[2m2026-08-24T07:58:45.981512Z[0m [33m WARN[0m                net-0 ThreadId(14) [2mzenoh::net::routing::dispatcher::queries[0m[2m:[0m Face{1, 40305f7b3f5b541aa0ec8ecbc8027690}:2828 Didn't receive final reply for query Face{2, d1aa1c0db8ee4a52adc3b1e68d42760d}:2828: Timeout(10s)!
[2m2026-08-24T07:58:53.865013Z[0m [33m WARN[0m ThreadId(19) [2mzenoh::net::routing::dispatcher::queries[0m[2m:[0m Face{1, 40305f7b3f5b541aa0ec8ecbc8027690}:2828 Route reply: Query not found!
[2m2026-08-24T07:58:53.865050Z[0m [33m WARN[0m ThreadId(19) [2mzenoh::net::routing::dispatcher::queries[0m[2m:[0m Face{1, 40305f7b3f5b541aa0ec8ecbc8027690}:2828 Route final reply: Query not found!
[2m2026-08-24T07:59:03.947661Z[0m [33m WARN[0m                net-0 ThreadId(14) [2mzenoh::net::routing::dispatcher::queries[0m[2m:[0m Face{1, 40305f7b3f5b541aa0ec8ecbc8027690}:2832 Didn't receive final reply for query Face{2, d1aa1c0db8ee4a52adc3b1e68d42760d}:2832: Timeout(10s)!
[2m2026-08-24T07:59:11.866917Z[0m [33m WARN[0m ThreadId(19) [2mzenoh::net::routing::dispatcher::queries[0m[2m:[0m Face{1, 40305f7b3f5b541aa0ec8ecbc8027690}:2832 Route reply: Query not found!
[2m2026-08-24T07:59:11.866978Z[0m [33m WARN[0m ThreadId(19) [2mzenoh::net::routing::dispatcher::queries[0m[2m:[0m Face{1, 40305f7b3f5b541aa0ec8ecbc8027690}:2832 Route final reply: Query not found!
[2m2026-08-24T07:59:21.940705Z[0m [33m WARN[0m                net-0 ThreadId(14) [2mzenoh::net::routing::dispatcher::queries[0m[2m:[0m Face{1, 40305f7b3f5b541aa0ec8ecbc8027690}:2836 Didn't receive final reply for query Face{2, d1aa1c0db8ee4a52adc3b1e68d42760d}:2836: Timeout(10s)!
[2m2026-08-24T07:59:29.863243Z[0m [33m WARN[0m ThreadId(19) [2mzenoh::net::routing::dispatcher::queries[0m[2m:[0m Face{1, 40305f7b3f5b541aa0ec8ecbc8027690}:2836 Route reply: Query not found!
[2m2026-08-24T07:59:29.863278Z[0m [33m WARN[0m ThreadId(19) [2mzenoh::net::routing::dispatcher::queries[0m[2m:[0m Face{1, 40305f7b3f5b541aa0ec8ecbc8027690}:2836 Route final reply: Query not found!
[2m2026-08-24T07:59:39.909703Z[0m [33m WARN[0m                net-0 ThreadId(14) [2mzenoh::net::routing::dispatcher::queries[0m[2m:[0m Face{1, 40305f7b3f5b541aa0ec8ecbc8027690}:2840 Didn't receive final reply for query Face{2, d1aa1c0db8ee4a52adc3b1e68d42760d}:2840: Timeout(10s)!
[2m2026-08-24T07:59:47.858851Z[0m [33m WARN[0m ThreadId(19) [2mzenoh::net::routing::dispatcher::queries[0m[2m:[0m Face{1, 40305f7b3f5b541aa0ec8ecbc8027690}:2840 Route reply: Query not found!
[2m2026-08-24T07:59:47.859115Z[0m [33m WARN[0m ThreadId(19) [2mzenoh::net::routing::dispatcher::queries[0m[2m:[0m Face{1, 40305f7b3f5b541aa0ec8ecbc8027690}:2840 Route final reply: Query not found!
[2m2026-08-24T07:59:57.972682Z[0m [33m WARN[0m                net-0 ThreadId(14) [2mzenoh::net::routing::dispatcher::queries[0m[2m:[0m Face{1, 40305f7b3f5b541aa0ec8ecbc8027690}:2844 Didn't receive final reply for query Face{2, d1aa1c0db8ee4a52adc3b1e68d42760d}:2844: Timeout(10s)!
[2m2026-08-24T08:00:05.860732Z[0m [33m WARN[0m ThreadId(19) [2mzenoh::net::routing::dispatcher::queries[0m[2m:[0m Face{1, 40305f7b3f5b541aa0ec8ecbc8027690}:2844 Route reply: Query not found!
[2m2026-08-24T08:00:05.860764Z[0m [33m WARN[0m ThreadId(19) [2mzenoh::net::routing::dispatcher::queries[0m[2m:[0m Face{1, 40305f7b3f5b541aa0ec8ecbc8027690}:2844 Route final reply: Query not found!
[2m2026-08-24T08:00:15.950421Z[0m [33m WARN[0m                net-0 ThreadId(14) [2mzenoh::net::routing::dispatcher::queries[0m[2m:[0m Face{1, 40305f7b3f5b541aa0ec8ecbc8027690}:2848 Didn't receive final reply for query Face{2, d1aa1c0db8ee4a52adc3b1e68d42760d}:2848: Timeout(10s)!
[2m2026-08-24T08:00:23.859300Z[0m [33m WARN[0m ThreadId(19) [2mzenoh::net::routing::dispatcher::queries[0m[2m:[0m Face{1, 40305f7b3f5b541aa0ec8ecbc8027690}:2848 Route reply: Query not found!
[2m2026-08-24T08:00:23.859351Z[0m [33m WARN[0m ThreadId(19) [2mzenoh::net::routing::dispatcher::queries[0m[2m:[0m Face{1, 40305f7b3f5b541aa0ec8ecbc8027690}:2848 Route final reply: Query not found!
[2m2026-08-24T08:00:33.938807Z[0m [33m WARN[0m                net-0 ThreadId(14) [2mzenoh::net::routing::dispatcher::queries[0m[2m:[0m Face{1, 40305f7b3f5b541aa0ec8ecbc8027690}:2852 Didn't receive final reply for query Face{2, d1aa1c0db8ee4a52adc3b1e68d42760d}:2852: Timeout(10s)!
[2m2026-08-24T08:00:41.862264Z[0m [33m WARN[0m ThreadId(19) [2mzenoh::net::routing::dispatcher::queries[0m[2m:[0m Face{1, 40305f7b3f5b541aa0ec8ecbc8027690}:2852 Route reply: Query not found!
[2m2026-08-24T08:00:41.862297Z[0m [33m WARN[0m ThreadId(19) [2mzenoh::net::routing::dispatcher::queries[0m[2m:[0m Face{1, 40305f7b3f5b541aa0ec8ecbc8027690}:2852 Route final reply: Query not found!
[2m2026-08-24T08:00:51.910249Z[0m [33m WARN[0m                net-0 ThreadId(14) [2mzenoh::net::routing::dispatcher::queries[0m[2m:[0m Face{1, 40305f7b3f5b541aa0ec8ecbc8027690}:2856 Didn't receive final reply for query Face{2, d1aa1c0db8ee4a52adc3b1e68d42760d}:2856: Timeout(10s)!
[2m2026-08-24T08:00:59.859103Z[0m [33m WARN[0m ThreadId(19) [2mzenoh::net::routing::dispatcher::queries[0m[2m:[0m Face{1, 40305f7b3f5b541aa0ec8ecbc8027690}:2856 Route reply: Query not found!
[2m2026-08-24T08:00:59.859147Z[0m [33m WARN[0m ThreadId(19) [2mzenoh::net::routing::dispatcher::queries[0m[2m:[0m Face{1, 40305f7b3f5b541aa0ec8ecbc8027690}:2856 Route final reply: Query not found!
[2m2026-08-24T08:01:09.959684Z[0m [33m WARN[0m                net-0 ThreadId(14) [2mzenoh::net::routing::dispatcher::queries[0m[2m:[0m Face{1, 40305f7b3f5b541aa0ec8ecbc8027690}:2860 Didn't receive final reply for query Face{2, d1aa1c0db8ee4a52adc3b1e68d42760d}:2860: Timeout(10s)!
[2m2026-08-24T08:01:17.861933Z[0m [33m WARN[0m ThreadId(19) [2mzenoh::net::routing::dispatcher::queries[0m[2m:[0m Face{1, 40305f7b3f5b541aa0ec8ecbc8027690}:2860 Route reply: Query not found!
[2m2026-08-24T08:01:17.861978Z[0m [33m WARN[0m ThreadId(19) [2mzenoh::net::routing::dispatcher::queries[0m[2m:[0m Face{1, 40305f7b3f5b541aa0ec8ecbc8027690}:2860 Route final reply: Query not found!
[2m2026-08-24T08:01:27.908697Z[0m [33m WARN[0m                net-0 ThreadId(14) [2mzenoh::net::routing::dispatcher::queries[0m[2m:[0m Face{1, 40305f7b3f5b541aa0ec8ecbc8027690}:2864 Didn't receive final reply for query Face{2, d1aa1c0db8ee4a52adc3b1e68d42760d}:2864: Timeout(10s)!
[2m2026-08-24T08:01:35.860401Z[0m [33m WARN[0m ThreadId(19) [2mzenoh::net::routing::dispatcher::queries[0m[2m:[0m Face{1, 40305f7b3f5b541aa0ec8ecbc8027690}:2864 Route reply: Query not found!
[2m2026-08-24T08:01:35.860434Z[0m [33m WARN[0m ThreadId(19) [2mzenoh::net::routing::dispatcher::queries[0m[2m:[0m Face{1, 40305f7b3f5b541aa0ec8ecbc8027690}:2864 Route final reply: Query not found!
[2m2026-08-24T08:01:45.983353Z[0m [33m WARN[0m                net-0 ThreadId(14) [2mzenoh::net::routing::dispatcher::queries[0m[2m:[0m Face{1, 40305f7b3f5b541aa0ec8ecbc8027690}:2868 Didn't receive final reply for query Face{2, d1aa1c0db8ee4a52adc3b1e68d42760d}:2868: Timeout(10s)!
[2m2026-08-24T08:01:53.860821Z[0m [33m WARN[0m ThreadId(19) [2mzenoh::net::routing::dispatcher::queries[0m[2m:[0m Face{1, 40305f7b3f5b541aa0ec8ecbc8027690}:2868 Route reply: Query not found!
[2m2026-08-24T08:01:53.860854Z[0m [33m WARN[0m ThreadId(19) [2mzenoh::net::routing::dispatcher::queries[0m[2m:[0m Face{1, 40305f7b3f5b541aa0ec8ecbc8027690}:2868 Route final reply: Query not found!
[2m2026-08-24T08:02:03.905720Z[0m [33m WARN[0m                net-0 ThreadId(14) [2mzenoh::net::routing::dispatcher::queries[0m[2m:[0m Face{1, 40305f7b3f5b541aa0ec8ecbc8027690}:2872 Didn't receive final reply for query Face{2, d1aa1c0db8ee4a52adc3b1e68d42760d}:2872: Timeout(10s)!
[2m2026-08-24T08:02:11.866860Z[0m [33m WARN[0m ThreadId(19) [2mzenoh::net::routing::dispatcher::queries[0m[2m:[0m Face{1, 40305f7b3f5b541aa0ec8ecbc8027690}:2872 Route reply: Query not found!
[2m2026-08-24T08:02:11.866904Z[0m [33m WARN[0m ThreadId(19) [2mzenoh::net::routing::dispatcher::queries[0m[2m:[0m Face{1, 40305f7b3f5b541aa0ec8ecbc8027690}:2872 Route final reply: Query not found!
[2m2026-08-24T08:02:21.979681Z[0m [33m WARN[0m                net-0 ThreadId(14) [2mzenoh::net::routing::dispatcher::queries[0m[2m:[0m Face{1, 40305f7b3f5b541aa0ec8ecbc8027690}:2876 Didn't receive final reply for query Face{2, d1aa1c0db8ee4a52adc3b1e68d42760d}:2876: Timeout(10s)!
[2m2026-08-24T08:02:29.866125Z[0m [33m WARN[0m ThreadId(19) [2mzenoh::net::routing::dispatcher::queries[0m[2m:[0m Face{1, 40305f7b3f5b541aa0ec8ecbc8027690}:2876 Route reply: Query not found!
[2m2026-08-24T08:02:29.866198Z[0m [33m WARN[0m ThreadId(19) [2mzenoh::net::routing::dispatcher::queries[0m[2m:[0m Face{1, 40305f7b3f5b541aa0ec8ecbc8027690}:2876 Route final reply: Query not found!
[2m2026-08-24T08:02:39.957675Z[0m [33m WARN[0m                net-0 ThreadId(14) [2mzenoh::net::routing::dispatcher::queries[0m[2m:[0m Face{1, 40305f7b3f5b541aa0ec8ecbc8027690}:2880 Didn't receive final reply for query Face{2, d1aa1c0db8ee4a52adc3b1e68d42760d}:2880: Timeout(10s)!
[2m2026-08-24T08:02:47.861938Z[0m [33m WARN[0m ThreadId(19) [2mzenoh::net::routing::dispatcher::queries[0m[2m:[0m Face{1, 40305f7b3f5b541aa0ec8ecbc8027690}:2880 Route reply: Query not found!
[2m2026-08-24T08:02:47.861989Z[0m [33m WARN[0m ThreadId(19) [2mzenoh::net::routing::dispatcher::queries[0m[2m:[0m Face{1, 40305f7b3f5b541aa0ec8ecbc8027690}:2880 Route final reply: Query not found!
[2m2026-08-24T08:02:57.937662Z[0m [33m WARN[0m                net-0 ThreadId(14) [2mzenoh::net::routing::dispatcher::queries[0m[2m:[0m Face{1, 40305f7b3f5b541aa0ec8ecbc8027690}:2884 Didn't receive final reply for query Face{2, d1aa1c0db8ee4a52adc3b1e68d42760d}:2884: Timeout(10s)!
[2m2026-08-24T08:03:05.868377Z[0m [33m WARN[0m ThreadId(19) [2mzenoh::net::routing::dispatcher::queries[0m[2m:[0m Face{1, 40305f7b3f5b541aa0ec8ecbc8027690}:2884 Route reply: Query not found!
[2m2026-08-24T08:03:05.868438Z[0m [33m WARN[0m ThreadId(19) [2mzenoh::net::routing::dispatcher::queries[0m[2m:[0m Face{1, 40305f7b3f5b541aa0ec8ecbc8027690}:2884 Route final reply: Query not found!
[2m2026-08-24T08:03:15.901156Z[0m [33m WARN[0m                net-0 ThreadId(14) [2mzenoh::net::routing::dispatcher::queries[0m[2m:[0m Face{1, 40305f7b3f5b541aa0ec8ecbc8027690}:2888 Didn't receive final reply for query Face{2, d1aa1c0db8ee4a52adc3b1e68d42760d}:2888: Timeout(10s)!
[2m2026-08-24T08:03:23.862345Z[0m [33m WARN[0m ThreadId(19) [2mzenoh::net::routing::dispatcher::queries[0m[2m:[0m Face{1, 40305f7b3f5b541aa0ec8ecbc8027690}:2888 Route reply: Query not found!
[2m2026-08-24T08:03:23.862382Z[0m [33m WARN[0m ThreadId(19) [2mzenoh::net::routing::dispatcher::queries[0m[2m:[0m Face{1, 40305f7b3f5b541aa0ec8ecbc8027690}:2888 Route final reply: Query not found!
[2m2026-08-24T08:03:33.964681Z[0m [33m WARN[0m                net-0 ThreadId(14) [2mzenoh::net::routing::dispatcher::queries[0m[2m:[0m Face{1, 40305f7b3f5b541aa0ec8ecbc8027690}:2892 Didn't receive final reply for query Face{2, d1aa1c0db8ee4a52adc3b1e68d42760d}:2892: Timeout(10s)!
[2m2026-08-24T08:03:41.868150Z[0m [33m WARN[0m ThreadId(19) [2mzenoh::net::routing::dispatcher::queries[0m[2m:[0m Face{1, 40305f7b3f5b541aa0ec8ecbc8027690}:2892 Route reply: Query not found!
[2m2026-08-24T08:03:41.868236Z[0m [33m WARN[0m ThreadId(19) [2mzenoh::net::routing::dispatcher::queries[0m[2m:[0m Face{1, 40305f7b3f5b541aa0ec8ecbc8027690}:2892 Route final reply: Query not found!
[2m2026-08-24T08:03:51.963677Z[0m [33m WARN[0m                net-0 ThreadId(14) [2mzenoh::net::routing::dispatcher::queries[0m[2m:[0m Face{1, 40305f7b3f5b541aa0ec8ecbc8027690}:2896 Didn't receive final reply for query Face{2, d1aa1c0db8ee4a52adc3b1e68d42760d}:2896: Timeout(10s)!
[2m2026-08-24T08:03:59.864417Z[0m [33m WARN[0m ThreadId(19) [2mzenoh::net::routing::dispatcher::queries[0m[2m:[0m Face{1, 40305f7b3f5b541aa0ec8ecbc8027690}:2896 Route reply: Query not found!
[2m2026-08-24T08:03:59.864462Z[0m [33m WARN[0m ThreadId(19) [2mzenoh::net::routing::dispatcher::queries[0m[2m:[0m Face{1, 40305f7b3f5b541aa0ec8ecbc8027690}:2896 Route final reply: Query not found!
[2m2026-08-24T08:04:09.926909Z[0m [33m WARN[0m                net-0 ThreadId(14) [2mzenoh::net::routing::dispatcher::queries[0m[2m:[0m Face{1, 40305f7b3f5b541aa0ec8ecbc8027690}:2900 Didn't receive final reply for query Face{2, d1aa1c0db8ee4a52adc3b1e68d42760d}:2900: Timeout(10s)!
[2m2026-08-24T08:04:17.860583Z[0m [33m WARN[0m ThreadId(19) [2mzenoh::net::routing::dispatcher::queries[0m[2m:[0m Face{1, 40305f7b3f5b541aa0ec8ecbc8027690}:2900 Route reply: Query not found!
[2m2026-08-24T08:04:17.860627Z[0m [33m WARN[0m ThreadId(19) [2mzenoh::net::routing::dispatcher::queries[0m[2m:[0m Face{1, 40305f7b3f5b541aa0ec8ecbc8027690}:2900 Route final reply: Query not found!
[2m2026-08-24T08:04:27.902690Z[0m [33m WARN[0m                net-0 ThreadId(14) [2mzenoh::net::routing::dispatcher::queries[0m[2m:[0m Face{1, 40305f7b3f5b541aa0ec8ecbc8027690}:2904 Didn't receive final reply for query Face{2, d1aa1c0db8ee4a52adc3b1e68d42760d}:2904: Timeout(10s)!
[2m2026-08-24T08:04:35.862651Z[0m [33m WARN[0m ThreadId(19) [2mzenoh::net::routing::dispatcher::queries[0m[2m:[0m Face{1, 40305f7b3f5b541aa0ec8ecbc8027690}:2904 Route reply: Query not found!
[2m2026-08-24T08:04:35.862697Z[0m [33m WARN[0m ThreadId(19) [2mzenoh::net::routing::dispatcher::queries[0m[2m:[0m Face{1, 40305f7b3f5b541aa0ec8ecbc8027690}:2904 Route final reply: Query not found!
[2m2026-08-24T08:04:45.965091Z[0m [33m WARN[0m                net-0 ThreadId(14) [2mzenoh::net::routing::dispatcher::queries[0m[2m:[0m Face{1, 40305f7b3f5b541aa0ec8ecbc8027690}:2908 Didn't receive final reply for query Face{2, d1aa1c0db8ee4a52adc3b1e68d42760d}:2908: Timeout(10s)!
[2m2026-08-24T08:04:53.866093Z[0m [33m WARN[0m ThreadId(19) [2mzenoh::net::routing::dispatcher::queries[0m[2m:[0m Face{1, 40305f7b3f5b541aa0ec8ecbc8027690}:2908 Route reply: Query not found!
[2m2026-08-24T08:04:53.866143Z[0m [33m WARN[0m ThreadId(19) [2mzenoh::net::routing::dispatcher::queries[0m[2m:[0m Face{1, 40305f7b3f5b541aa0ec8ecbc8027690}:2908 Route final reply: Query not found!
[2m2026-08-24T08:05:03.932683Z[0m [33m WARN[0m                net-0 ThreadId(14) [2mzenoh::net::routing::dispatcher::queries[0m[2m:[0m Face{1, 40305f7b3f5b541aa0ec8ecbc8027690}:2912 Didn't receive final reply for query Face{2, d1aa1c0db8ee4a52adc3b1e68d42760d}:2912: Timeout(10s)!
[2m2026-08-24T08:05:11.860966Z[0m [33m WARN[0m ThreadId(19) [2mzenoh::net::routing::dispatcher::queries[0m[2m:[0m Face{1, 40305f7b3f5b541aa0ec8ecbc8027690}:2912 Route reply: Query not found!
[2m2026-08-24T08:05:11.861027Z[0m [33m WARN[0m ThreadId(19) [2mzenoh::net::routing::dispatcher::queries[0m[2m:[0m Face{1, 40305f7b3f5b541aa0ec8ecbc8027690}:2912 Route final reply: Query not found!
[2m2026-08-24T08:05:21.897786Z[0m [33m WARN[0m                net-0 ThreadId(14) [2mzenoh::net::routing::dispatcher::queries[0m[2m:[0m Face{1, 40305f7b3f5b541aa0ec8ecbc8027690}:2916 Didn't receive final reply for query Face{2, d1aa1c0db8ee4a52adc3b1e68d42760d}:2916: Timeout(10s)!
[2m2026-08-24T08:05:29.860560Z[0m [33m WARN[0m ThreadId(19) [2mzenoh::net::routing::dispatcher::queries[0m[2m:[0m Face{1, 40305f7b3f5b541aa0ec8ecbc8027690}:2916 Route reply: Query not found!
[2m2026-08-24T08:05:29.860625Z[0m [33m WARN[0m ThreadId(19) [2mzenoh::net::routing::dispatcher::queries[0m[2m:[0m Face{1, 40305f7b3f5b541aa0ec8ecbc8027690}:2916 Route final reply: Query not found!
[2m2026-08-24T08:05:39.953671Z[0m [33m WARN[0m                net-0 ThreadId(14) [2mzenoh::net::routing::dispatcher::queries[0m[2m:[0m Face{1, 40305f7b3f5b541aa0ec8ecbc8027690}:2920 Didn't receive final reply for query Face{2, d1aa1c0db8ee4a52adc3b1e68d42760d}:2920: Timeout(10s)!
[2m2026-08-24T08:05:47.867413Z[0m [33m WARN[0m ThreadId(19) [2mzenoh::net::routing::dispatcher::queries[0m[2m:[0m Face{1, 40305f7b3f5b541aa0ec8ecbc8027690}:2920 Route reply: Query not found!
[2m2026-08-24T08:05:47.867462Z[0m [33m WARN[0m ThreadId(19) [2mzenoh::net::routing::dispatcher::queries[0m[2m:[0m Face{1, 40305f7b3f5b541aa0ec8ecbc8027690}:2920 Route final reply: Query not found!
[2m2026-08-24T08:05:57.922660Z[0m [33m WARN[0m                net-0 ThreadId(14) [2mzenoh::net::routing::dispatcher::queries[0m[2m:[0m Face{1, 40305f7b3f5b541aa0ec8ecbc8027690}:2924 Didn't receive final reply for query Face{2, d1aa1c0db8ee4a52adc3b1e68d42760d}:2924: Timeout(10s)!
[2m2026-08-24T08:06:05.860604Z[0m [33m WARN[0m ThreadId(19) [2mzenoh::net::routing::dispatcher::queries[0m[2m:[0m Face{1, 40305f7b3f5b541aa0ec8ecbc8027690}:2924 Route reply: Query not found!
[2m2026-08-24T08:06:05.860655Z[0m [33m WARN[0m ThreadId(19) [2mzenoh::net::routing::dispatcher::queries[0m[2m:[0m Face{1, 40305f7b3f5b541aa0ec8ecbc8027690}:2924 Route final reply: Query not found!
[2m2026-08-24T08:06:15.993009Z[0m [33m WARN[0m                net-0 ThreadId(14) [2mzenoh::net::routing::dispatcher::queries[0m[2m:[0m Face{1, 40305f7b3f5b541aa0ec8ecbc8027690}:2928 Didn't receive final reply for query Face{2, d1aa1c0db8ee4a52adc3b1e68d42760d}:2928: Timeout(10s)!
[2m2026-08-24T08:06:23.864725Z[0m [33m WARN[0m ThreadId(19) [2mzenoh::net::routing::dispatcher::queries[0m[2m:[0m Face{1, 40305f7b3f5b541aa0ec8ecbc8027690}:2928 Route reply: Query not found!
[2m2026-08-24T08:06:23.864784Z[0m [33m WARN[0m ThreadId(19) [2mzenoh::net::routing::dispatcher::queries[0m[2m:[0m Face{1, 40305f7b3f5b541aa0ec8ecbc8027690}:2928 Route final reply: Query not found!
[2m2026-08-24T08:06:33.948677Z[0m [33m WARN[0m                net-0 ThreadId(14) [2mzenoh::net::routing::dispatcher::queries[0m[2m:[0m Face{1, 40305f7b3f5b541aa0ec8ecbc8027690}:2932 Didn't receive final reply for query Face{2, d1aa1c0db8ee4a52adc3b1e68d42760d}:2932: Timeout(10s)!
[2m2026-08-24T08:06:41.869286Z[0m [33m WARN[0m ThreadId(19) [2mzenoh::net::routing::dispatcher::queries[0m[2m:[0m Face{1, 40305f7b3f5b541aa0ec8ecbc8027690}:2932 Route reply: Query not found!
[2m2026-08-24T08:06:41.869910Z[0m [33m WARN[0m ThreadId(19) [2mzenoh::net::routing::dispatcher::queries[0m[2m:[0m Face{1, 40305f7b3f5b541aa0ec8ecbc8027690}:2932 Route final reply: Query not found!
[2m2026-08-24T08:06:51.910728Z[0m [33m WARN[0m                net-0 ThreadId(14) [2mzenoh::net::routing::dispatcher::queries[0m[2m:[0m Face{1, 40305f7b3f5b541aa0ec8ecbc8027690}:2936 Didn't receive final reply for query Face{2, d1aa1c0db8ee4a52adc3b1e68d42760d}:2936: Timeout(10s)!
[2m2026-08-24T08:06:59.864298Z[0m [33m WARN[0m ThreadId(19) [2mzenoh::net::routing::dispatcher::queries[0m[2m:[0m Face{1, 40305f7b3f5b541aa0ec8ecbc8027690}:2936 Route reply: Query not found!
[2m2026-08-24T08:06:59.864346Z[0m [33m WARN[0m ThreadId(19) [2mzenoh::net::routing::dispatcher::queries[0m[2m:[0m Face{1, 40305f7b3f5b541aa0ec8ecbc8027690}:2936 Route final reply: Query not found!
[2m2026-08-24T08:07:09.979725Z[0m [33m WARN[0m                net-0 ThreadId(14) [2mzenoh::net::routing::dispatcher::queries[0m[2m:[0m Face{1, 40305f7b3f5b541aa0ec8ecbc8027690}:2940 Didn't receive final reply for query Face{2, d1aa1c0db8ee4a52adc3b1e68d42760d}:2940: Timeout(10s)!
[2m2026-08-24T08:07:17.860332Z[0m [33m WARN[0m ThreadId(19) [2mzenoh::net::routing::dispatcher::queries[0m[2m:[0m Face{1, 40305f7b3f5b541aa0ec8ecbc8027690}:2940 Route reply: Query not found!
[2m2026-08-24T08:07:17.860387Z[0m [33m WARN[0m ThreadId(19) [2mzenoh::net::routing::dispatcher::queries[0m[2m:[0m Face{1, 40305f7b3f5b541aa0ec8ecbc8027690}:2940 Route final reply: Query not found!
[2m2026-08-24T08:07:27.947662Z[0m [33m WARN[0m                net-0 ThreadId(14) [2mzenoh::net::routing::dispatcher::queries[0m[2m:[0m Face{1, 40305f7b3f5b541aa0ec8ecbc8027690}:2944 Didn't receive final reply for query Face{2, d1aa1c0db8ee4a52adc3b1e68d42760d}:2944: Timeout(10s)!
[2m2026-08-24T08:07:35.868883Z[0m [33m WARN[0m ThreadId(19) [2mzenoh::net::routing::dispatcher::queries[0m[2m:[0m Face{1, 40305f7b3f5b541aa0ec8ecbc8027690}:2944 Route reply: Query not found!
[2m2026-08-24T08:07:35.868914Z[0m [33m WARN[0m ThreadId(19) [2mzenoh::net::routing::dispatcher::queries[0m[2m:[0m Face{1, 40305f7b3f5b541aa0ec8ecbc8027690}:2944 Route final reply: Query not found!
[2m2026-08-24T08:07:45.911146Z[0m [33m WARN[0m                net-0 ThreadId(14) [2mzenoh::net::routing::dispatcher::queries[0m[2m:[0m Face{1, 40305f7b3f5b541aa0ec8ecbc8027690}:2948 Didn't receive final reply for query Face{2, d1aa1c0db8ee4a52adc3b1e68d42760d}:2948: Timeout(10s)!
[2m2026-08-24T08:07:53.864106Z[0m [33m WARN[0m ThreadId(19) [2mzenoh::net::routing::dispatcher::queries[0m[2m:[0m Face{1, 40305f7b3f5b541aa0ec8ecbc8027690}:2948 Route reply: Query not found!
[2m2026-08-24T08:07:53.864159Z[0m [33m WARN[0m ThreadId(19) [2mzenoh::net::routing::dispatcher::queries[0m[2m:[0m Face{1, 40305f7b3f5b541aa0ec8ecbc8027690}:2948 Route final reply: Query not found!
[2m2026-08-24T08:08:03.993050Z[0m [33m WARN[0m                net-0 ThreadId(14) [2mzenoh::net::routing::dispatcher::queries[0m[2m:[0m Face{1, 40305f7b3f5b541aa0ec8ecbc8027690}:2952 Didn't receive final reply for query Face{2, d1aa1c0db8ee4a52adc3b1e68d42760d}:2952: Timeout(10s)!
[2m2026-08-24T08:08:11.862352Z[0m [33m WARN[0m ThreadId(19) [2mzenoh::net::routing::dispatcher::queries[0m[2m:[0m Face{1, 40305f7b3f5b541aa0ec8ecbc8027690}:2952 Route reply: Query not found!
[2m2026-08-24T08:08:11.862408Z[0m [33m WARN[0m ThreadId(19) [2mzenoh::net::routing::dispatcher::queries[0m[2m:[0m Face{1, 40305f7b3f5b541aa0ec8ecbc8027690}:2952 Route final reply: Query not found!
[2m2026-08-24T08:08:21.961666Z[0m [33m WARN[0m                net-0 ThreadId(14) [2mzenoh::net::routing::dispatcher::queries[0m[2m:[0m Face{1, 40305f7b3f5b541aa0ec8ecbc8027690}:2956 Didn't receive final reply for query Face{2, d1aa1c0db8ee4a52adc3b1e68d42760d}:2956: Timeout(10s)!
[2m2026-08-24T08:08:29.862741Z[0m [33m WARN[0m ThreadId(19) [2mzenoh::net::routing::dispatcher::queries[0m[2m:[0m Face{1, 40305f7b3f5b541aa0ec8ecbc8027690}:2956 Route reply: Query not found!
[2m2026-08-24T08:08:29.862793Z[0m [33m WARN[0m ThreadId(19) [2mzenoh::net::routing::dispatcher::queries[0m[2m:[0m Face{1, 40305f7b3f5b541aa0ec8ecbc8027690}:2956 Route final reply: Query not found!
[2m2026-08-24T08:08:39.913499Z[0m [33m WARN[0m                net-0 ThreadId(14) [2mzenoh::net::routing::dispatcher::queries[0m[2m:[0m Face{1, 40305f7b3f5b541aa0ec8ecbc8027690}:2960 Didn't receive final reply for query Face{2, d1aa1c0db8ee4a52adc3b1e68d42760d}:2960: Timeout(10s)!
[2m2026-08-24T08:08:47.865322Z[0m [33m WARN[0m ThreadId(19) [2mzenoh::net::routing::dispatcher::queries[0m[2m:[0m Face{1, 40305f7b3f5b541aa0ec8ecbc8027690}:2960 Route reply: Query not found!
[2m2026-08-24T08:08:47.865370Z[0m [33m WARN[0m ThreadId(19) [2mzenoh::net::routing::dispatcher::queries[0m[2m:[0m Face{1, 40305f7b3f5b541aa0ec8ecbc8027690}:2960 Route final reply: Query not found!
[2m2026-08-24T08:08:57.894664Z[0m [33m WARN[0m                net-0 ThreadId(14) [2mzenoh::net::routing::dispatcher::queries[0m[2m:[0m Face{1, 40305f7b3f5b541aa0ec8ecbc8027690}:2964 Didn't receive final reply for query Face{2, d1aa1c0db8ee4a52adc3b1e68d42760d}:2964: Timeout(10s)!
[2m2026-08-24T08:09:05.867095Z[0m [33m WARN[0m ThreadId(19) [2mzenoh::net::routing::dispatcher::queries[0m[2m:[0m Face{1, 40305f7b3f5b541aa0ec8ecbc8027690}:2964 Route reply: Query not found!
[2m2026-08-24T08:09:05.867148Z[0m [33m WARN[0m ThreadId(19) [2mzenoh::net::routing::dispatcher::queries[0m[2m:[0m Face{1, 40305f7b3f5b541aa0ec8ecbc8027690}:2964 Route final reply: Query not found!
[2m2026-08-24T08:09:15.962110Z[0m [33m WARN[0m                net-0 ThreadId(14) [2mzenoh::net::routing::dispatcher::queries[0m[2m:[0m Face{1, 40305f7b3f5b541aa0ec8ecbc8027690}:2968 Didn't receive final reply for query Face{2, d1aa1c0db8ee4a52adc3b1e68d42760d}:2968: Timeout(10s)!
[2m2026-08-24T08:09:23.865732Z[0m [33m WARN[0m ThreadId(19) [2mzenoh::net::routing::dispatcher::queries[0m[2m:[0m Face{1, 40305f7b3f5b541aa0ec8ecbc8027690}:2968 Route reply: Query not found!
[2m2026-08-24T08:09:23.865773Z[0m [33m WARN[0m ThreadId(19) [2mzenoh::net::routing::dispatcher::queries[0m[2m:[0m Face{1, 40305f7b3f5b541aa0ec8ecbc8027690}:2968 Route final reply: Query not found!
[2m2026-08-24T08:09:33.952700Z[0m [33m WARN[0m                net-0 ThreadId(14) [2mzenoh::net::routing::dispatcher::queries[0m[2m:[0m Face{1, 40305f7b3f5b541aa0ec8ecbc8027690}:2972 Didn't receive final reply for query Face{2, d1aa1c0db8ee4a52adc3b1e68d42760d}:2972: Timeout(10s)!
[2m2026-08-24T08:09:41.866553Z[0m [33m WARN[0m ThreadId(19) [2mzenoh::net::routing::dispatcher::queries[0m[2m:[0m Face{1, 40305f7b3f5b541aa0ec8ecbc8027690}:2972 Route reply: Query not found!
[2m2026-08-24T08:09:41.866601Z[0m [33m WARN[0m ThreadId(19) [2mzenoh::net::routing::dispatcher::queries[0m[2m:[0m Face{1, 40305f7b3f5b541aa0ec8ecbc8027690}:2972 Route final reply: Query not found!
[2m2026-08-24T08:09:51.929666Z[0m [33m WARN[0m                net-0 ThreadId(14) [2mzenoh::net::routing::dispatcher::queries[0m[2m:[0m Face{1, 40305f7b3f5b541aa0ec8ecbc8027690}:2976 Didn't receive final reply for query Face{2, d1aa1c0db8ee4a52adc3b1e68d42760d}:2976: Timeout(10s)!
[2m2026-08-24T08:09:59.859129Z[0m [33m WARN[0m ThreadId(19) [2mzenoh::net::routing::dispatcher::queries[0m[2m:[0m Face{1, 40305f7b3f5b541aa0ec8ecbc8027690}:2976 Route reply: Query not found!
[2m2026-08-24T08:09:59.859179Z[0m [33m WARN[0m ThreadId(19) [2mzenoh::net::routing::dispatcher::queries[0m[2m:[0m Face{1, 40305f7b3f5b541aa0ec8ecbc8027690}:2976 Route final reply: Query not found!
[2m2026-08-24T08:10:09.990315Z[0m [33m WARN[0m                net-0 ThreadId(14) [2mzenoh::net::routing::dispatcher::queries[0m[2m:[0m Face{1, 40305f7b3f5b541aa0ec8ecbc8027690}:2980 Didn't receive final reply for query Face{2, d1aa1c0db8ee4a52adc3b1e68d42760d}:2980: Timeout(10s)!
[2m2026-08-24T08:10:17.859607Z[0m [33m WARN[0m ThreadId(19) [2mzenoh::net::routing::dispatcher::queries[0m[2m:[0m Face{1, 40305f7b3f5b541aa0ec8ecbc8027690}:2980 Route reply: Query not found!
[2m2026-08-24T08:10:17.859658Z[0m [33m WARN[0m ThreadId(19) [2mzenoh::net::routing::dispatcher::queries[0m[2m:[0m Face{1, 40305f7b3f5b541aa0ec8ecbc8027690}:2980 Route final reply: Query not found!
[2m2026-08-24T08:10:27.970698Z[0m [33m WARN[0m                net-0 ThreadId(14) [2mzenoh::net::routing::dispatcher::queries[0m[2m:[0m Face{1, 40305f7b3f5b541aa0ec8ecbc8027690}:2984 Didn't receive final reply for query Face{2, d1aa1c0db8ee4a52adc3b1e68d42760d}:2984: Timeout(10s)!
[2m2026-08-24T08:10:35.867469Z[0m [33m WARN[0m ThreadId(19) [2mzenoh::net::routing::dispatcher::queries[0m[2m:[0m Face{1, 40305f7b3f5b541aa0ec8ecbc8027690}:2984 Route reply: Query not found!
[2m2026-08-24T08:10:35.867519Z[0m [33m WARN[0m ThreadId(19) [2mzenoh::net::routing::dispatcher::queries[0m[2m:[0m Face{1, 40305f7b3f5b541aa0ec8ecbc8027690}:2984 Route final reply: Query not found!
[2m2026-08-24T08:10:45.925723Z[0m [33m WARN[0m                net-0 ThreadId(14) [2mzenoh::net::routing::dispatcher::queries[0m[2m:[0m Face{1, 40305f7b3f5b541aa0ec8ecbc8027690}:2988 Didn't receive final reply for query Face{2, d1aa1c0db8ee4a52adc3b1e68d42760d}:2988: Timeout(10s)!
[2m2026-08-24T08:10:53.868476Z[0m [33m WARN[0m ThreadId(19) [2mzenoh::net::routing::dispatcher::queries[0m[2m:[0m Face{1, 40305f7b3f5b541aa0ec8ecbc8027690}:2988 Route reply: Query not found!
[2m2026-08-24T08:10:53.868586Z[0m [33m WARN[0m ThreadId(19) [2mzenoh::net::routing::dispatcher::queries[0m[2m:[0m Face{1, 40305f7b3f5b541aa0ec8ecbc8027690}:2988 Route final reply: Query not found!
[2m2026-08-24T08:11:03.919673Z[0m [33m WARN[0m                net-0 ThreadId(14) [2mzenoh::net::routing::dispatcher::queries[0m[2m:[0m Face{1, 40305f7b3f5b541aa0ec8ecbc8027690}:2992 Didn't receive final reply for query Face{2, d1aa1c0db8ee4a52adc3b1e68d42760d}:2992: Timeout(10s)!
[2m2026-08-24T08:11:11.862544Z[0m [33m WARN[0m ThreadId(19) [2mzenoh::net::routing::dispatcher::queries[0m[2m:[0m Face{1, 40305f7b3f5b541aa0ec8ecbc8027690}:2992 Route reply: Query not found!
[2m2026-08-24T08:11:11.862619Z[0m [33m WARN[0m ThreadId(19) [2mzenoh::net::routing::dispatcher::queries[0m[2m:[0m Face{1, 40305f7b3f5b541aa0ec8ecbc8027690}:2992 Route final reply: Query not found!
[2m2026-08-24T08:11:21.907762Z[0m [33m WARN[0m                net-0 ThreadId(14) [2mzenoh::net::routing::dispatcher::queries[0m[2m:[0m Face{1, 40305f7b3f5b541aa0ec8ecbc8027690}:2996 Didn't receive final reply for query Face{2, d1aa1c0db8ee4a52adc3b1e68d42760d}:2996: Timeout(10s)!
[2m2026-08-24T08:11:29.860256Z[0m [33m WARN[0m ThreadId(19) [2mzenoh::net::routing::dispatcher::queries[0m[2m:[0m Face{1, 40305f7b3f5b541aa0ec8ecbc8027690}:2996 Route reply: Query not found!
[2m2026-08-24T08:11:29.860303Z[0m [33m WARN[0m ThreadId(19) [2mzenoh::net::routing::dispatcher::queries[0m[2m:[0m Face{1, 40305f7b3f5b541aa0ec8ecbc8027690}:2996 Route final reply: Query not found!
[2m2026-08-24T08:11:39.971506Z[0m [33m WARN[0m                net-0 ThreadId(14) [2mzenoh::net::routing::dispatcher::queries[0m[2m:[0m Face{1, 40305f7b3f5b541aa0ec8ecbc8027690}:3000 Didn't receive final reply for query Face{2, d1aa1c0db8ee4a52adc3b1e68d42760d}:3000: Timeout(10s)!
[2m2026-08-24T08:11:47.864379Z[0m [33m WARN[0m ThreadId(19) [2mzenoh::net::routing::dispatcher::queries[0m[2m:[0m Face{1, 40305f7b3f5b541aa0ec8ecbc8027690}:3000 Route reply: Query not found!
[2m2026-08-24T08:11:47.864417Z[0m [33m WARN[0m ThreadId(19) [2mzenoh::net::routing::dispatcher::queries[0m[2m:[0m Face{1, 40305f7b3f5b541aa0ec8ecbc8027690}:3000 Route final reply: Query not found!
[2m2026-08-24T08:11:57.951691Z[0m [33m WARN[0m                net-0 ThreadId(14) [2mzenoh::net::routing::dispatcher::queries[0m[2m:[0m Face{1, 40305f7b3f5b541aa0ec8ecbc8027690}:3004 Didn't receive final reply for query Face{2, d1aa1c0db8ee4a52adc3b1e68d42760d}:3004: Timeout(10s)!
[2m2026-08-24T08:12:05.863679Z[0m [33m WARN[0m ThreadId(19) [2mzenoh::net::routing::dispatcher::queries[0m[2m:[0m Face{1, 40305f7b3f5b541aa0ec8ecbc8027690}:3004 Route reply: Query not found!
[2m2026-08-24T08:12:05.863730Z[0m [33m WARN[0m ThreadId(19) [2mzenoh::net::routing::dispatcher::queries[0m[2m:[0m Face{1, 40305f7b3f5b541aa0ec8ecbc8027690}:3004 Route final reply: Query not found!
[2m2026-08-24T08:12:15.913667Z[0m [33m WARN[0m                net-0 ThreadId(14) [2mzenoh::net::routing::dispatcher::queries[0m[2m:[0m Face{1, 40305f7b3f5b541aa0ec8ecbc8027690}:3008 Didn't receive final reply for query Face{2, d1aa1c0db8ee4a52adc3b1e68d42760d}:3008: Timeout(10s)!
[2m2026-08-24T08:12:23.866922Z[0m [33m WARN[0m ThreadId(19) [2mzenoh::net::routing::dispatcher::queries[0m[2m:[0m Face{1, 40305f7b3f5b541aa0ec8ecbc8027690}:3008 Route reply: Query not found!
[2m2026-08-24T08:12:23.866970Z[0m [33m WARN[0m ThreadId(19) [2mzenoh::net::routing::dispatcher::queries[0m[2m:[0m Face{1, 40305f7b3f5b541aa0ec8ecbc8027690}:3008 Route final reply: Query not found!
[2m2026-08-24T08:12:33.996718Z[0m [33m WARN[0m                net-0 ThreadId(14) [2mzenoh::net::routing::dispatcher::queries[0m[2m:[0m Face{1, 40305f7b3f5b541aa0ec8ecbc8027690}:3012 Didn't receive final reply for query Face{2, d1aa1c0db8ee4a52adc3b1e68d42760d}:3012: Timeout(10s)!
[2m2026-08-24T08:12:41.864741Z[0m [33m WARN[0m ThreadId(19) [2mzenoh::net::routing::dispatcher::queries[0m[2m:[0m Face{1, 40305f7b3f5b541aa0ec8ecbc8027690}:3012 Route reply: Query not found!
[2m2026-08-24T08:12:41.864798Z[0m [33m WARN[0m ThreadId(19) [2mzenoh::net::routing::dispatcher::queries[0m[2m:[0m Face{1, 40305f7b3f5b541aa0ec8ecbc8027690}:3012 Route final reply: Query not found!
[2m2026-08-24T08:12:51.971738Z[0m [33m WARN[0m                net-0 ThreadId(14) [2mzenoh::net::routing::dispatcher::queries[0m[2m:[0m Face{1, 40305f7b3f5b541aa0ec8ecbc8027690}:3016 Didn't receive final reply for query Face{2, d1aa1c0db8ee4a52adc3b1e68d42760d}:3016: Timeout(10s)!
[2m2026-08-24T08:12:59.864969Z[0m [33m WARN[0m ThreadId(19) [2mzenoh::net::routing::dispatcher::queries[0m[2m:[0m Face{1, 40305f7b3f5b541aa0ec8ecbc8027690}:3016 Route reply: Query not found!
[2m2026-08-24T08:12:59.865020Z[0m [33m WARN[0m ThreadId(19) [2mzenoh::net::routing::dispatcher::queries[0m[2m:[0m Face{1, 40305f7b3f5b541aa0ec8ecbc8027690}:3016 Route final reply: Query not found!
[2m2026-08-24T08:13:09.937309Z[0m [33m WARN[0m                net-0 ThreadId(14) [2mzenoh::net::routing::dispatcher::queries[0m[2m:[0m Face{1, 40305f7b3f5b541aa0ec8ecbc8027690}:3020 Didn't receive final reply for query Face{2, d1aa1c0db8ee4a52adc3b1e68d42760d}:3020: Timeout(10s)!
[2m2026-08-24T08:13:17.865060Z[0m [33m WARN[0m ThreadId(19) [2mzenoh::net::routing::dispatcher::queries[0m[2m:[0m Face{1, 40305f7b3f5b541aa0ec8ecbc8027690}:3020 Route reply: Query not found!
[2m2026-08-24T08:13:17.865105Z[0m [33m WARN[0m ThreadId(19) [2mzenoh::net::routing::dispatcher::queries[0m[2m:[0m Face{1, 40305f7b3f5b541aa0ec8ecbc8027690}:3020 Route final reply: Query not found!
[2m2026-08-24T08:13:27.904623Z[0m [33m WARN[0m                net-0 ThreadId(14) [2mzenoh::net::routing::dispatcher::queries[0m[2m:[0m Face{1, 40305f7b3f5b541aa0ec8ecbc8027690}:3024 Didn't receive final reply for query Face{2, d1aa1c0db8ee4a52adc3b1e68d42760d}:3024: Timeout(10s)!
[2m2026-08-24T08:13:35.864979Z[0m [33m WARN[0m ThreadId(19) [2mzenoh::net::routing::dispatcher::queries[0m[2m:[0m Face{1, 40305f7b3f5b541aa0ec8ecbc8027690}:3024 Route reply: Query not found!
[2m2026-08-24T08:13:35.865049Z[0m [33m WARN[0m ThreadId(19) [2mzenoh::net::routing::dispatcher::queries[0m[2m:[0m Face{1, 40305f7b3f5b541aa0ec8ecbc8027690}:3024 Route final reply: Query not found!
[2m2026-08-24T08:14:02.689073Z[0m [33m WARN[0m                net-0 ThreadId(14) [2mzenoh::net::routing::dispatcher::queries[0m[2m:[0m Face{1, 40305f7b3f5b541aa0ec8ecbc8027690}:3028 Didn't receive final reply for query Face{2, d1aa1c0db8ee4a52adc3b1e68d42760d}:3028: Timeout(10s)!
[2m2026-08-24T08:14:02.886102Z[0m [32m INFO[0m tokio-runtime-worker ThreadId(13) [2mzenoh_plugin_ros2dds::discovered_entities[0m[2m:[0m Undiscovered ROS Node /tb3_robot3/robot_state_publisher
[2m2026-08-24T08:14:02.887518Z[0m [32m INFO[0m tokio-runtime-worker ThreadId(13) [2mzenoh_plugin_ros2dds::discovered_entities[0m[2m:[0m Undiscovered ROS Node /tb3_robot2/smoother_server
[2m2026-08-24T08:14:02.894082Z[0m [32m INFO[0m tokio-runtime-worker ThreadId(13) [2mzenoh_plugin_ros2dds::discovered_entities[0m[2m:[0m Undiscovered ROS Node /tb3_robot2/local_costmap/local_costmap
[2m2026-08-24T08:14:02.958090Z[0m [32m INFO[0m tokio-runtime-worker ThreadId(13) [2mzenoh_plugin_ros2dds::discovered_entities[0m[2m:[0m Undiscovered ROS Node /tb3_robot2/transform_listener_impl_7917600299b0
[2m2026-08-24T08:14:02.958182Z[0m [32m INFO[0m tokio-runtime-worker ThreadId(13) [2mzenoh_plugin_ros2dds::discovered_entities[0m[2m:[0m Undiscovered ROS Node /tb3_robot2/controller_server
[2m2026-08-24T08:14:02.961188Z[0m [32m INFO[0m tokio-runtime-worker ThreadId(13) [2mzenoh_plugin_ros2dds::discovered_entities[0m[2m:[0m Undiscovered ROS Node /tb3_robot1/behavior_server
[2m2026-08-24T08:14:02.972099Z[0m [32m INFO[0m tokio-runtime-worker ThreadId(13) [2mzenoh_plugin_ros2dds::discovered_entities[0m[2m:[0m Undiscovered ROS Node /tb3_robot1/lifecycle_manager_navigation
[2m2026-08-24T08:14:02.974272Z[0m [32m INFO[0m tokio-runtime-worker ThreadId(13) [2mzenoh_plugin_ros2dds::discovered_entities[0m[2m:[0m Undiscovered ROS Node /tb3_robot1/collision_monitor
[2m2026-08-24T08:14:02.975431Z[0m [32m INFO[0m tokio-runtime-worker ThreadId(13) [2mzenoh_plugin_ros2dds::discovered_entities[0m[2m:[0m Undiscovered ROS Node /tb3_robot3/planner_server
[2m2026-08-24T08:14:02.975507Z[0m [32m INFO[0m tokio-runtime-worker ThreadId(13) [2mzenoh_plugin_ros2dds::discovered_entities[0m[2m:[0m Undiscovered ROS Node /tb3_robot3/global_costmap/global_costmap
[2m2026-08-24T08:14:02.975535Z[0m [32m INFO[0m tokio-runtime-worker ThreadId(13) [2mzenoh_plugin_ros2dds::discovered_entities[0m[2m:[0m Undiscovered ROS Node /tb3_robot3/transform_listener_impl_7f0fd4005ea0
[2m2026-08-24T08:14:02.978273Z[0m [32m INFO[0m tokio-runtime-worker ThreadId(13) [2mzenoh_plugin_ros2dds::discovered_entities[0m[2m:[0m Undiscovered ROS Node /tb3_robot1/docking_server
[2m2026-08-24T08:14:02.980913Z[0m [32m INFO[0m tokio-runtime-worker ThreadId(13) [2mzenoh_plugin_ros2dds::discovered_entities[0m[2m:[0m Undiscovered ROS Node /rmf_simulation_door_manager
[2m2026-08-24T08:14:02.980966Z[0m [32m INFO[0m tokio-runtime-worker ThreadId(13) [2mzenoh_plugin_ros2dds::discovered_entities[0m[2m:[0m Undiscovered ROS Node /rmf_simulation_lift_manager
[2m2026-08-24T08:14:02.981939Z[0m [32m INFO[0m tokio-runtime-worker ThreadId(13) [2mzenoh_plugin_ros2dds::discovered_entities[0m[2m:[0m Undiscovered ROS Node /tb3_robot3/route_server
[2m2026-08-24T08:14:02.983247Z[0m [32m INFO[0m tokio-runtime-worker ThreadId(13) [2mzenoh_plugin_ros2dds::discovered_entities[0m[2m:[0m Undiscovered ROS Node /tb3_robot2/bt_navigator
[2m2026-08-24T08:14:02.983295Z[0m [32m INFO[0m tokio-runtime-worker ThreadId(13) [2mzenoh_plugin_ros2dds::discovered_entities[0m[2m:[0m Undiscovered ROS Node /tb3_robot2/bt_navigator_navigate_to_pose_rclcpp_node
[2m2026-08-24T08:14:02.983311Z[0m [32m INFO[0m tokio-runtime-worker ThreadId(13) [2mzenoh_plugin_ros2dds::discovered_entities[0m[2m:[0m Undiscovered ROS Node /tb3_robot2/bt_navigator_navigate_through_poses_rclcpp_node
[2m2026-08-24T08:14:02.987491Z[0m [32m INFO[0m tokio-runtime-worker ThreadId(13) [2mzenoh_plugin_ros2dds::discovered_entities[0m[2m:[0m Undiscovered ROS Node /tb3_robot2/docking_server
[2m2026-08-24T08:14:02.989481Z[0m [32m INFO[0m tokio-runtime-worker ThreadId(13) [2mzenoh_plugin_ros2dds::discovered_entities[0m[2m:[0m Undiscovered ROS Node /tb3_robot3/lifecycle_manager_localization
[2m2026-08-24T08:14:03.021181Z[0m [32m INFO[0m tokio-runtime-worker ThreadId(13) [2mzenoh_plugin_ros2dds::discovered_entities[0m[2m:[0m Undiscovered ROS Node /tb3_robot3/collision_monitor
[2m2026-08-24T08:14:03.051905Z[0m [32m INFO[0m tokio-runtime-worker ThreadId(13) [2mzenoh_plugin_ros2dds::discovered_entities[0m[2m:[0m Undiscovered ROS Node /fleet_states_visualizer
[2m2026-08-24T08:14:03.068566Z[0m [32m INFO[0m tokio-runtime-worker ThreadId(13) [2mzenoh_plugin_ros2dds::discovered_entities[0m[2m:[0m Undiscovered ROS Node /clock_bridge
[2m2026-08-24T08:14:03.070719Z[0m [32m INFO[0m tokio-runtime-worker ThreadId(13) [2mzenoh_plugin_ros2dds::discovered_entities[0m[2m:[0m Undiscovered ROS Node /tb3_robot3/lifecycle_manager_navigation
[2m2026-08-24T08:14:03.110302Z[0m [32m INFO[0m tokio-runtime-worker ThreadId(13) [2mzenoh_plugin_ros2dds::discovered_entities[0m[2m:[0m Undiscovered ROS Node /tb3_robot3/waypoint_follower
[2m2026-08-24T08:14:03.151784Z[0m [32m INFO[0m tokio-runtime-worker ThreadId(13) [2mzenoh_plugin_ros2dds::discovered_entities[0m[2m:[0m Undiscovered ROS Node /tb3_robot2/planner_server
[2m2026-08-24T08:14:03.151883Z[0m [32m INFO[0m tokio-runtime-worker ThreadId(13) [2mzenoh_plugin_ros2dds::discovered_entities[0m[2m:[0m Undiscovered ROS Node /tb3_robot2/global_costmap/global_costmap
[2m2026-08-24T08:14:03.151907Z[0m [32m INFO[0m tokio-runtime-worker ThreadId(13) [2mzenoh_plugin_ros2dds::discovered_entities[0m[2m:[0m Undiscovered ROS Node /tb3_robot2/transform_listener_impl_7d48c0007c90
[2m2026-08-24T08:14:03.171465Z[0m [32m INFO[0m tokio-runtime-worker ThreadId(13) [2mzenoh_plugin_ros2dds::discovered_entities[0m[2m:[0m Undiscovered ROS Node /mutex_group_supervisor
[2m2026-08-24T08:14:03.175564Z[0m [32m INFO[0m tokio-runtime-worker ThreadId(13) [2mzenoh_plugin_ros2dds::discovered_entities[0m[2m:[0m Undiscovered ROS Node /tb3_robot1/map_server
[2m2026-08-24T08:14:03.181332Z[0m [32m INFO[0m tokio-runtime-worker ThreadId(13) [2mzenoh_plugin_ros2dds::discovered_entities[0m[2m:[0m Undiscovered ROS Node /tb3_fleet_command_handle
[2m2026-08-24T08:14:03.182059Z[0m [32m INFO[0m tokio-runtime-worker ThreadId(13) [2mzenoh_plugin_ros2dds::discovered_entities[0m[2m:[0m Undiscovered ROS Node /tb3_fleet_fleet_adapter
[2m2026-08-24T08:14:03.183677Z[0m [32m INFO[0m tokio-runtime-worker ThreadId(13) [2mzenoh_plugin_ros2dds::discovered_entities[0m[2m:[0m Undiscovered ROS Node /tb3_robot1/transform_listener_impl_764584003530
[2m2026-08-24T08:14:03.183904Z[0m [32m INFO[0m tokio-runtime-worker ThreadId(13) [2mzenoh_plugin_ros2dds::discovered_entities[0m[2m:[0m Undiscovered ROS Node /tb3_robot1/global_costmap/global_costmap
[2m2026-08-24T08:14:03.184090Z[0m [32m INFO[0m tokio-runtime-worker ThreadId(13) [2mzenoh_plugin_ros2dds::discovered_entities[0m[2m:[0m Undiscovered ROS Node /tb3_robot1/planner_server
[2m2026-08-24T08:14:03.186067Z[0m [32m INFO[0m tokio-runtime-worker ThreadId(13) [2mzenoh_plugin_ros2dds::discovered_entities[0m[2m:[0m Undiscovered ROS Node /rmf_traffic_schedule_primary
[2m2026-08-24T08:14:03.187955Z[0m [32m INFO[0m tokio-runtime-worker ThreadId(13) [2mzenoh_plugin_ros2dds::discovered_entities[0m[2m:[0m Undiscovered ROS Node /door_supervisor
[2m2026-08-24T08:14:03.188551Z[0m [32m INFO[0m tokio-runtime-worker ThreadId(13) [2mzenoh_plugin_ros2dds::discovered_entities[0m[2m:[0m Undiscovered ROS Node /schedule_visualizer_node
[2m2026-08-24T08:14:03.188753Z[0m [32m INFO[0m tokio-runtime-worker ThreadId(13) [2mzenoh_plugin_ros2dds::discovered_entities[0m[2m:[0m Undiscovered ROS Node /schedule_data_node
[2m2026-08-24T08:14:03.189862Z[0m [32m INFO[0m tokio-runtime-worker ThreadId(13) [2mzenoh_plugin_ros2dds::discovered_entities[0m[2m:[0m Undiscovered ROS Node /tb3_robot3/velocity_smoother
[2m2026-08-24T08:14:03.190607Z[0m [32m INFO[0m tokio-runtime-worker ThreadId(13) [2mzenoh_plugin_ros2dds::discovered_entities[0m[2m:[0m Undiscovered ROS Node /tb3_robot2/map_server
[2m2026-08-24T08:14:03.191377Z[0m [32m INFO[0m tokio-runtime-worker ThreadId(13) [2mzenoh_plugin_ros2dds::discovered_entities[0m[2m:[0m Undiscovered ROS Node /tb3_robot2/collision_monitor
[2m2026-08-24T08:14:03.192001Z[0m [32m INFO[0m tokio-runtime-worker ThreadId(13) [2mzenoh_plugin_ros2dds::discovered_entities[0m[2m:[0m Undiscovered ROS Node /tb3_robot2/waypoint_follower
[2m2026-08-24T08:14:03.193001Z[0m [32m INFO[0m tokio-runtime-worker ThreadId(13) [2mzenoh_plugin_ros2dds::discovered_entities[0m[2m:[0m Undiscovered ROS Node /tb3_robot1/route_server
[2m2026-08-24T08:14:03.194299Z[0m [32m INFO[0m tokio-runtime-worker ThreadId(13) [2mzenoh_plugin_ros2dds::discovered_entities[0m[2m:[0m Undiscovered ROS Node /rmf_lift_supervisor
[2m2026-08-24T08:14:03.195388Z[0m [32m INFO[0m tokio-runtime-worker ThreadId(13) [2mzenoh_plugin_ros2dds::discovered_entities[0m[2m:[0m Undiscovered ROS Node /tb3_robot2/behavior_server
[2m2026-08-24T08:14:03.197763Z[0m [32m INFO[0m tokio-runtime-worker ThreadId(13) [2mzenoh_plugin_ros2dds::discovered_entities[0m[2m:[0m Undiscovered ROS Node /rmf_dispatcher_node
[2m2026-08-24T08:14:03.198812Z[0m [32m INFO[0m tokio-runtime-worker ThreadId(13) [2mzenoh_plugin_ros2dds::discovered_entities[0m[2m:[0m Undiscovered ROS Node /tb3_robot1/velocity_smoother
[2m2026-08-24T08:14:03.199449Z[0m [32m INFO[0m tokio-runtime-worker ThreadId(13) [2mzenoh_plugin_ros2dds::discovered_entities[0m[2m:[0m Undiscovered ROS Node /rmf_traffic_blockade_node
[2m2026-08-24T08:14:03.199966Z[0m [32m INFO[0m tokio-runtime-worker ThreadId(13) [2mzenoh_plugin_ros2dds::discovered_entities[0m[2m:[0m Undiscovered ROS Node /tb3_robot2/lifecycle_manager_navigation
[2m2026-08-24T08:14:03.201508Z[0m [32m INFO[0m tokio-runtime-worker ThreadId(13) [2mzenoh_plugin_ros2dds::discovered_entities[0m[2m:[0m Undiscovered ROS Node /tb3_robot2/lifecycle_manager_localization
[2m2026-08-24T08:14:03.202422Z[0m [32m INFO[0m tokio-runtime-worker ThreadId(13) [2mzenoh_plugin_ros2dds::discovered_entities[0m[2m:[0m Undiscovered ROS Node /tb3_robot2/velocity_smoother
[2m2026-08-24T08:14:03.202967Z[0m [32m INFO[0m tokio-runtime-worker ThreadId(13) [2mzenoh_plugin_ros2dds::discovered_entities[0m[2m:[0m Undiscovered ROS Node /tb3_robot3/behavior_server
[2m2026-08-24T08:14:03.204748Z[0m [32m INFO[0m tokio-runtime-worker ThreadId(13) [2mzenoh_plugin_ros2dds::discovered_entities[0m[2m:[0m Undiscovered ROS Node /tb3_robot3/docking_server
[2m2026-08-24T08:14:03.207857Z[0m [32m INFO[0m tokio-runtime-worker ThreadId(13) [2mzenoh_plugin_ros2dds::discovered_entities[0m[2m:[0m Undiscovered ROS Node /tb3_robot3/local_costmap/local_costmap
[2m2026-08-24T08:14:03.208116Z[0m [32m INFO[0m tokio-runtime-worker ThreadId(13) [2mzenoh_plugin_ros2dds::discovered_entities[0m[2m:[0m Undiscovered ROS Node /tb3_robot3/transform_listener_impl_76fcc4008910
[2m2026-08-24T08:14:03.208267Z[0m [32m INFO[0m tokio-runtime-worker ThreadId(13) [2mzenoh_plugin_ros2dds::discovered_entities[0m[2m:[0m Undiscovered ROS Node /tb3_robot3/controller_server
[2m2026-08-24T08:14:03.209765Z[0m [32m INFO[0m tokio-runtime-worker ThreadId(13) [2mzenoh_plugin_ros2dds::discovered_entities[0m[2m:[0m Undiscovered ROS Node /tb3_robot2/route_server
[2m2026-08-24T08:14:03.210763Z[0m [32m INFO[0m tokio-runtime-worker ThreadId(13) [2mzenoh_plugin_ros2dds::discovered_entities[0m[2m:[0m Undiscovered ROS Node /tb3_robot3/smoother_server
[2m2026-08-24T08:14:03.211449Z[0m [32m INFO[0m tokio-runtime-worker ThreadId(13) [2mzenoh_plugin_ros2dds::discovered_entities[0m[2m:[0m Undiscovered ROS Node /floorplan_visualizer
[2m2026-08-24T08:14:03.211794Z[0m [32m INFO[0m tokio-runtime-worker ThreadId(13) [2mzenoh_plugin_ros2dds::discovered_entities[0m[2m:[0m Undiscovered ROS Node /tb3_robot1/waypoint_follower
[2m2026-08-24T08:14:03.212619Z[0m [32m INFO[0m tokio-runtime-worker ThreadId(13) [2mzenoh_plugin_ros2dds::discovered_entities[0m[2m:[0m Undiscovered ROS Node /tb3_robot1/smoother_server
[2m2026-08-24T08:14:03.213211Z[0m [32m INFO[0m tokio-runtime-worker ThreadId(13) [2mzenoh_plugin_ros2dds::discovered_entities[0m[2m:[0m Undiscovered ROS Node /tb3_robot3/map_server
[2m2026-08-24T08:14:03.213710Z[0m [32m INFO[0m tokio-runtime-worker ThreadId(13) [2mzenoh_plugin_ros2dds::discovered_entities[0m[2m:[0m Undiscovered ROS Node /tb3_robot1/bt_navigator_navigate_through_poses_rclcpp_node
[2m2026-08-24T08:14:03.213933Z[0m [32m INFO[0m tokio-runtime-worker ThreadId(13) [2mzenoh_plugin_ros2dds::discovered_entities[0m[2m:[0m Undiscovered ROS Node /tb3_robot1/bt_navigator
[2m2026-08-24T08:14:03.214112Z[0m [32m INFO[0m tokio-runtime-worker ThreadId(13) [2mzenoh_plugin_ros2dds::discovered_entities[0m[2m:[0m Undiscovered ROS Node /tb3_robot1/bt_navigator_navigate_to_pose_rclcpp_node
[2m2026-08-24T08:14:03.216115Z[0m [32m INFO[0m tokio-runtime-worker ThreadId(13) [2mzenoh_plugin_ros2dds::discovered_entities[0m[2m:[0m Undiscovered ROS Node /navgraph_visualizer
[2m2026-08-24T08:14:03.216520Z[0m [32m INFO[0m tokio-runtime-worker ThreadId(13) [2mzenoh_plugin_ros2dds::discovered_entities[0m[2m:[0m Undiscovered ROS Node /static_transform_publisher_oYZrHEMVwb0rM5ij
[2m2026-08-24T08:14:03.217149Z[0m [32m INFO[0m tokio-runtime-worker ThreadId(13) [2mzenoh_plugin_ros2dds::discovered_entities[0m[2m:[0m Undiscovered ROS Node /tb3_robot1/local_costmap/local_costmap
[2m2026-08-24T08:14:03.217641Z[0m [32m INFO[0m tokio-runtime-worker ThreadId(13) [2mzenoh_plugin_ros2dds::discovered_entities[0m[2m:[0m Undiscovered ROS Node /tb3_robot1/controller_server
[2m2026-08-24T08:14:03.218006Z[0m [32m INFO[0m tokio-runtime-worker ThreadId(13) [2mzenoh_plugin_ros2dds::discovered_entities[0m[2m:[0m Undiscovered ROS Node /tb3_robot1/transform_listener_impl_5804bce408f0
[2m2026-08-24T08:14:03.218902Z[0m [32m INFO[0m tokio-runtime-worker ThreadId(13) [2mzenoh_plugin_ros2dds::discovered_entities[0m[2m:[0m Undiscovered ROS Node /building_map_server
[2m2026-08-24T08:14:03.219296Z[0m [32m INFO[0m tokio-runtime-worker ThreadId(13) [2mzenoh_plugin_ros2dds::discovered_entities[0m[2m:[0m Undiscovered ROS Node /tb3_robot1/lifecycle_manager_localization
[2m2026-08-24T08:14:03.219694Z[0m [32m INFO[0m tokio-runtime-worker ThreadId(13) [2mzenoh_plugin_ros2dds::discovered_entities[0m[2m:[0m Undiscovered ROS Node /tb3_robot3/bt_navigator
[2m2026-08-24T08:14:03.219868Z[0m [32m INFO[0m tokio-runtime-worker ThreadId(13) [2mzenoh_plugin_ros2dds::discovered_entities[0m[2m:[0m Undiscovered ROS Node /tb3_robot3/bt_navigator_navigate_to_pose_rclcpp_node
[2m2026-08-24T08:14:03.220109Z[0m [32m INFO[0m tokio-runtime-worker ThreadId(13) [2mzenoh_plugin_ros2dds::discovered_entities[0m[2m:[0m Undiscovered ROS Node /tb3_robot3/bt_navigator_navigate_through_poses_rclcpp_node
[2m2026-08-24T08:14:03.221774Z[0m [32m INFO[0m tokio-runtime-worker ThreadId(13) [2mzenoh_plugin_ros2dds::discovered_entities[0m[2m:[0m Undiscovered ROS Node /tf_aggregator_tb3_robot1
[2m2026-08-24T08:14:03.222161Z[0m [32m INFO[0m tokio-runtime-worker ThreadId(13) [2mzenoh_plugin_ros2dds::discovered_entities[0m[2m:[0m Undiscovered ROS Node /tb3_robot1/amcl
[2m2026-08-24T08:14:03.222829Z[0m [32m INFO[0m tokio-runtime-worker ThreadId(13) [2mzenoh_plugin_ros2dds::discovered_entities[0m[2m:[0m Undiscovered ROS Node /tb3_robot2/amcl
[2m2026-08-24T08:14:03.223254Z[0m [32m INFO[0m tokio-runtime-worker ThreadId(13) [2mzenoh_plugin_ros2dds::discovered_entities[0m[2m:[0m Undiscovered ROS Node /tb3_robot3/amcl
[2m2026-08-24T08:14:03.223647Z[0m [32m INFO[0m tokio-runtime-worker ThreadId(13) [2mzenoh_plugin_ros2dds::discovered_entities[0m[2m:[0m Undiscovered ROS Node /tb3_robot1_bridge
[2m2026-08-24T08:14:03.223949Z[0m [32m INFO[0m tokio-runtime-worker ThreadId(13) [2mzenoh_plugin_ros2dds::discovered_entities[0m[2m:[0m Undiscovered ROS Node /tb3_robot2/robot_state_publisher
[2m2026-08-24T08:14:03.224355Z[0m [32m INFO[0m tokio-runtime-worker ThreadId(13) [2mzenoh_plugin_ros2dds::discovered_entities[0m[2m:[0m Undiscovered ROS Node /tb3_robot1/robot_state_publisher
[2m2026-08-24T08:14:03.224717Z[0m [32m INFO[0m tokio-runtime-worker ThreadId(13) [2mzenoh_plugin_ros2dds::discovered_entities[0m[2m:[0m Undiscovered ROS Node /tb3_robot2_bridge
[2m2026-08-24T08:14:03.225084Z[0m [32m INFO[0m tokio-runtime-worker ThreadId(13) [2mzenoh_plugin_ros2dds::discovered_entities[0m[2m:[0m Undiscovered ROS Node /tb3_robot3_bridge
[2m2026-08-24T08:14:03.225376Z[0m [32m INFO[0m tokio-runtime-worker ThreadId(13) [2mzenoh_plugin_ros2dds::discovered_entities[0m[2m:[0m Undiscovered ROS Node /tf_aggregator_tb3_robot2
[2m2026-08-24T08:14:03.225659Z[0m [32m INFO[0m tokio-runtime-worker ThreadId(13) [2mzenoh_plugin_ros2dds::discovered_entities[0m[2m:[0m Undiscovered ROS Node /tf_aggregator_tb3_robot3
[2m2026-08-24T08:14:03.230309Z[0m [32m INFO[0m tokio-runtime-worker ThreadId(13) [2mzenoh_plugin_ros2dds[0m[2m:[0m Node /tb3_robot3/robot_state_publisher undeclares Publisher /tb3_robot3/tf: tf2_msgs/msg/TFMessage - Allowed
[2m2026-08-24T08:14:03.231114Z[0m [32m INFO[0m tokio-runtime-worker ThreadId(13) [2mzenoh_plugin_ros2dds[0m[2m:[0m Node /tb3_robot3/robot_state_publisher undeclares Publisher /tb3_robot3/tf_static: tf2_msgs/msg/TFMessage - Allowed
[2m2026-08-24T08:14:03.231907Z[0m [32m INFO[0m tokio-runtime-worker ThreadId(13) [2mzenoh_plugin_ros2dds::routes_mgr[0m[2m:[0m Route Publisher (ROS:/tb3_robot3/tf_static -> Zenoh:tb3_robot3/tf_static) removed
[2m2026-08-24T08:14:03.233391Z[0m [32m INFO[0m tokio-runtime-worker ThreadId(13) [2mzenoh_plugin_ros2dds[0m[2m:[0m Node /tb3_robot2/bt_navigator undeclares Action Server /tb3_robot2/navigate_to_pose: nav2_msgs/action/NavigateToPose - Allowed
[2m2026-08-24T08:14:03.234286Z[0m [32m INFO[0m tokio-runtime-worker ThreadId(13) [2mzenoh_plugin_ros2dds::routes_mgr[0m[2m:[0m Route Action Server (ROS:/tb3_robot2/navigate_to_pose <-> Zenoh:tb3_robot2/navigate_to_pose/*) removed
[2m2026-08-24T08:14:03.245728Z[0m [32m INFO[0m tokio-runtime-worker ThreadId(13) [2mzenoh_plugin_ros2dds[0m[2m:[0m Node /tb3_robot1/bt_navigator undeclares Action Server /tb3_robot1/navigate_to_pose: nav2_msgs/action/NavigateToPose - Allowed
[2m2026-08-24T08:14:03.245933Z[0m [32m INFO[0m tokio-runtime-worker ThreadId(13) [2mzenoh_plugin_ros2dds::routes_mgr[0m[2m:[0m Route Action Server (ROS:/tb3_robot1/navigate_to_pose <-> Zenoh:tb3_robot1/navigate_to_pose/*) removed
[2m2026-08-24T08:14:03.260231Z[0m [32m INFO[0m tokio-runtime-worker ThreadId(13) [2mzenoh_plugin_ros2dds[0m[2m:[0m Node /static_transform_publisher_oYZrHEMVwb0rM5ij undeclares Publisher /tf_static: tf2_msgs/msg/TFMessage - Allowed
[2m2026-08-24T08:14:03.260416Z[0m [32m INFO[0m tokio-runtime-worker ThreadId(13) [2mzenoh_plugin_ros2dds[0m[2m:[0m Node /tb3_robot3/bt_navigator undeclares Action Server /tb3_robot3/navigate_to_pose: nav2_msgs/action/NavigateToPose - Allowed
[2m2026-08-24T08:14:03.260478Z[0m [32m INFO[0m tokio-runtime-worker ThreadId(13) [2mzenoh_plugin_ros2dds::routes_mgr[0m[2m:[0m Route Action Server (ROS:/tb3_robot3/navigate_to_pose <-> Zenoh:tb3_robot3/navigate_to_pose/*) removed
[2m2026-08-24T08:14:03.263091Z[0m [32m INFO[0m tokio-runtime-worker ThreadId(13) [2mzenoh_plugin_ros2dds[0m[2m:[0m Node /tf_aggregator_tb3_robot1 undeclares Publisher /tf: tf2_msgs/msg/TFMessage - Allowed
[2m2026-08-24T08:14:03.263134Z[0m [32m INFO[0m tokio-runtime-worker ThreadId(13) [2mzenoh_plugin_ros2dds[0m[2m:[0m Node /tf_aggregator_tb3_robot1 undeclares Publisher /tf_static: tf2_msgs/msg/TFMessage - Allowed
[2m2026-08-24T08:14:03.263148Z[0m [32m INFO[0m tokio-runtime-worker ThreadId(13) [2mzenoh_plugin_ros2dds[0m[2m:[0m Node /tb3_robot1/amcl undeclares Publisher /tb3_robot1/tf: tf2_msgs/msg/TFMessage - Allowed
[2m2026-08-24T08:14:03.263173Z[0m [32m INFO[0m tokio-runtime-worker ThreadId(13) [2mzenoh_plugin_ros2dds[0m[2m:[0m Node /tb3_robot2/amcl undeclares Publisher /tb3_robot2/tf: tf2_msgs/msg/TFMessage - Allowed
[2m2026-08-24T08:14:03.263214Z[0m [32m INFO[0m tokio-runtime-worker ThreadId(13) [2mzenoh_plugin_ros2dds[0m[2m:[0m Node /tb3_robot3/amcl undeclares Publisher /tb3_robot3/tf: tf2_msgs/msg/TFMessage - Allowed
[2m2026-08-24T08:14:03.263235Z[0m [32m INFO[0m tokio-runtime-worker ThreadId(13) [2mzenoh_plugin_ros2dds[0m[2m:[0m Node /tb3_robot1_bridge undeclares Publisher /tb3_robot1/tf: tf2_msgs/msg/TFMessage - Allowed
[2m2026-08-24T08:14:03.263245Z[0m [32m INFO[0m tokio-runtime-worker ThreadId(13) [2mzenoh_plugin_ros2dds[0m[2m:[0m Node /tb3_robot2/robot_state_publisher undeclares Publisher /tb3_robot2/tf_static: tf2_msgs/msg/TFMessage - Allowed
[2m2026-08-24T08:14:03.263279Z[0m [32m INFO[0m tokio-runtime-worker ThreadId(13) [2mzenoh_plugin_ros2dds::routes_mgr[0m[2m:[0m Route Publisher (ROS:/tb3_robot2/tf_static -> Zenoh:tb3_robot2/tf_static) removed
[2m2026-08-24T08:14:03.265524Z[0m [32m INFO[0m tokio-runtime-worker ThreadId(13) [2mzenoh_plugin_ros2dds[0m[2m:[0m Node /tb3_robot2/robot_state_publisher undeclares Publisher /tb3_robot2/tf: tf2_msgs/msg/TFMessage - Allowed
[2m2026-08-24T08:14:03.265592Z[0m [32m INFO[0m tokio-runtime-worker ThreadId(13) [2mzenoh_plugin_ros2dds[0m[2m:[0m Node /tb3_robot1/robot_state_publisher undeclares Publisher /tb3_robot1/tf: tf2_msgs/msg/TFMessage - Allowed
[2m2026-08-24T08:14:03.266109Z[0m [32m INFO[0m tokio-runtime-worker ThreadId(13) [2mzenoh_plugin_ros2dds::routes_mgr[0m[2m:[0m Route Publisher (ROS:/tb3_robot1/tf -> Zenoh:tb3_robot1/tf) removed
[2m2026-08-24T08:14:03.266807Z[0m [32m INFO[0m tokio-runtime-worker ThreadId(13) [2mzenoh_plugin_ros2dds[0m[2m:[0m Node /tb3_robot1/robot_state_publisher undeclares Publisher /tb3_robot1/tf_static: tf2_msgs/msg/TFMessage - Allowed
[2m2026-08-24T08:14:03.267369Z[0m [32m INFO[0m tokio-runtime-worker ThreadId(13) [2mzenoh_plugin_ros2dds::routes_mgr[0m[2m:[0m Route Publisher (ROS:/tb3_robot1/tf_static -> Zenoh:tb3_robot1/tf_static) removed
[2m2026-08-24T08:14:03.267755Z[0m [32m INFO[0m tokio-runtime-worker ThreadId(13) [2mzenoh_plugin_ros2dds[0m[2m:[0m Node /tb3_robot2_bridge undeclares Publisher /tb3_robot2/tf: tf2_msgs/msg/TFMessage - Allowed
[2m2026-08-24T08:14:03.267983Z[0m [32m INFO[0m tokio-runtime-worker ThreadId(13) [2mzenoh_plugin_ros2dds::routes_mgr[0m[2m:[0m Route Publisher (ROS:/tb3_robot2/tf -> Zenoh:tb3_robot2/tf) removed
[2m2026-08-24T08:14:03.268257Z[0m [32m INFO[0m tokio-runtime-worker ThreadId(13) [2mzenoh_plugin_ros2dds[0m[2m:[0m Node /tb3_robot3_bridge undeclares Publisher /tb3_robot3/tf: tf2_msgs/msg/TFMessage - Allowed
[2m2026-08-24T08:14:03.268288Z[0m [32m INFO[0m tokio-runtime-worker ThreadId(13) [2mzenoh_plugin_ros2dds::routes_mgr[0m[2m:[0m Route Publisher (ROS:/tb3_robot3/tf -> Zenoh:tb3_robot3/tf) removed
[2m2026-08-24T08:14:03.268527Z[0m [32m INFO[0m tokio-runtime-worker ThreadId(13) [2mzenoh_plugin_ros2dds[0m[2m:[0m Node /tf_aggregator_tb3_robot2 undeclares Publisher /tf: tf2_msgs/msg/TFMessage - Allowed
[2m2026-08-24T08:14:03.268539Z[0m [32m INFO[0m tokio-runtime-worker ThreadId(13) [2mzenoh_plugin_ros2dds[0m[2m:[0m Node /tf_aggregator_tb3_robot2 undeclares Publisher /tf_static: tf2_msgs/msg/TFMessage - Allowed
[2m2026-08-24T08:14:03.268553Z[0m [32m INFO[0m tokio-runtime-worker ThreadId(13) [2mzenoh_plugin_ros2dds[0m[2m:[0m Node /tf_aggregator_tb3_robot3 undeclares Publisher /tf_static: tf2_msgs/msg/TFMessage - Allowed
[2m2026-08-24T08:14:03.268569Z[0m [32m INFO[0m tokio-runtime-worker ThreadId(13) [2mzenoh_plugin_ros2dds::routes_mgr[0m[2m:[0m Route Publisher (ROS:/tf_static -> Zenoh:tf_static) removed
[2m2026-08-24T08:14:03.268840Z[0m [32m INFO[0m tokio-runtime-worker ThreadId(13) [2mzenoh_plugin_ros2dds[0m[2m:[0m Node /tf_aggregator_tb3_robot3 undeclares Publisher /tf: tf2_msgs/msg/TFMessage - Allowed
[2m2026-08-24T08:14:03.268883Z[0m [32m INFO[0m tokio-runtime-worker ThreadId(13) [2mzenoh_plugin_ros2dds::routes_mgr[0m[2m:[0m Route Publisher (ROS:/tf -> Zenoh:tf) removed
[2m2026-08-24T08:14:05.221710Z[0m [33m WARN[0m                net-0 ThreadId(14) [2mzenoh::net::routing::dispatcher::queries[0m[2m:[0m Face{1, 40305f7b3f5b541aa0ec8ecbc8027690}:3029 Didn't receive final reply for query Face{2, d1aa1c0db8ee4a52adc3b1e68d42760d}:3029: Timeout(2s)!
[2m2026-08-24T08:14:11.422903Z[0m [32m INFO[0m tokio-runtime-worker ThreadId(02) [2mzenoh_plugin_ros2dds::discovered_entities[0m[2m:[0m Discovered ROS Node /static_transform_publisher_oYZrHEMVwb0rM5ij
[2m2026-08-24T08:14:11.432986Z[0m [32m INFO[0m tokio-runtime-worker ThreadId(02) [2mzenoh_plugin_ros2dds[0m[2m:[0m Node /static_transform_publisher_oYZrHEMVwb0rM5ij declares Publisher /tf_static: tf2_msgs/msg/TFMessage - Allowed
[2m2026-08-24T08:14:11.433154Z[0m [32m INFO[0m tokio-runtime-worker ThreadId(02) [2mzenoh_plugin_ros2dds::routes_mgr[0m[2m:[0m Route Publisher (ROS:/tf_static -> Zenoh:tf_static) created
[2m2026-08-24T08:14:11.528500Z[0m [32m INFO[0m tokio-runtime-worker ThreadId(07) [2mzenoh_plugin_ros2dds::discovered_entities[0m[2m:[0m Discovered ROS Node /tb3_robot1/transform_listener_impl_764584003530
[2m2026-08-24T08:14:11.528714Z[0m [32m INFO[0m tokio-runtime-worker ThreadId(07) [2mzenoh_plugin_ros2dds::discovered_entities[0m[2m:[0m Discovered ROS Node /tb3_robot1/global_costmap/global_costmap
[2m2026-08-24T08:14:11.528846Z[0m [32m INFO[0m tokio-runtime-worker ThreadId(07) [2mzenoh_plugin_ros2dds::discovered_entities[0m[2m:[0m Discovered ROS Node /tb3_robot1/planner_server
[2m2026-08-24T08:14:11.528968Z[0m [32m INFO[0m tokio-runtime-worker ThreadId(07) [2mzenoh_plugin_ros2dds::discovered_entities[0m[2m:[0m Discovered ROS Node /tb3_robot1/lifecycle_manager_localization
[2m2026-08-24T08:14:11.529205Z[0m [32m INFO[0m tokio-runtime-worker ThreadId(07) [2mzenoh_plugin_ros2dds::discovered_entities[0m[2m:[0m Discovered ROS Node /fleet_states_visualizer
[2m2026-08-24T08:14:11.529389Z[0m [32m INFO[0m tokio-runtime-worker ThreadId(07) [2mzenoh_plugin_ros2dds::discovered_entities[0m[2m:[0m Discovered ROS Node /tb3_robot2/robot_state_publisher
[2m2026-08-24T08:14:11.529857Z[0m [32m INFO[0m tokio-runtime-worker ThreadId(07) [2mzenoh_plugin_ros2dds[0m[2m:[0m Node /tb3_robot2/robot_state_publisher declares Publisher /tb3_robot2/tf_static: tf2_msgs/msg/TFMessage - Allowed
[2m2026-08-24T08:14:11.530104Z[0m [32m INFO[0m tokio-runtime-worker ThreadId(07) [2mzenoh_plugin_ros2dds::routes_mgr[0m[2m:[0m Route Publisher (ROS:/tb3_robot2/tf_static -> Zenoh:tb3_robot2/tf_static) created
[2m2026-08-24T08:14:11.530142Z[0m [32m INFO[0m tokio-runtime-worker ThreadId(07) [2mzenoh_plugin_ros2dds[0m[2m:[0m Node /tb3_robot2/robot_state_publisher declares Publisher /tb3_robot2/tf: tf2_msgs/msg/TFMessage - Allowed
[2m2026-08-24T08:14:11.530272Z[0m [32m INFO[0m tokio-runtime-worker ThreadId(07) [2mzenoh_plugin_ros2dds::routes_mgr[0m[2m:[0m Route Publisher (ROS:/tb3_robot2/tf -> Zenoh:tb3_robot2/tf) created
[2m2026-08-24T08:14:11.631732Z[0m [32m INFO[0m tokio-runtime-worker ThreadId(07) [2mzenoh_plugin_ros2dds::discovered_entities[0m[2m:[0m Discovered ROS Node /rmf_traffic_schedule_primary
[2m2026-08-24T08:14:11.632324Z[0m [32m INFO[0m tokio-runtime-worker ThreadId(07) [2mzenoh_plugin_ros2dds::discovered_entities[0m[2m:[0m Discovered ROS Node /tb3_robot2/map_server
[2m2026-08-24T08:14:11.633459Z[0m [32m INFO[0m tokio-runtime-worker ThreadId(07) [2mzenoh_plugin_ros2dds::discovered_entities[0m[2m:[0m Discovered ROS Node /navgraph_visualizer
[2m2026-08-24T08:14:11.633939Z[0m [32m INFO[0m tokio-runtime-worker ThreadId(07) [2mzenoh_plugin_ros2dds::discovered_entities[0m[2m:[0m Discovered ROS Node /tb3_robot1/lifecycle_manager_navigation
[2m2026-08-24T08:14:11.634687Z[0m [32m INFO[0m tokio-runtime-worker ThreadId(07) [2mzenoh_plugin_ros2dds::discovered_entities[0m[2m:[0m Discovered ROS Node /tb3_robot3/robot_state_publisher
[2m2026-08-24T08:14:11.636372Z[0m [32m INFO[0m tokio-runtime-worker ThreadId(07) [2mzenoh_plugin_ros2dds::discovered_entities[0m[2m:[0m Discovered ROS Node /tb3_robot3/behavior_server
[2m2026-08-24T08:14:11.651489Z[0m [32m INFO[0m tokio-runtime-worker ThreadId(07) [2mzenoh_plugin_ros2dds[0m[2m:[0m Node /tb3_robot3/robot_state_publisher declares Publisher /tb3_robot3/tf: tf2_msgs/msg/TFMessage - Allowed
[2m2026-08-24T08:14:11.659822Z[0m [32m INFO[0m tokio-runtime-worker ThreadId(07) [2mzenoh_plugin_ros2dds::routes_mgr[0m[2m:[0m Route Publisher (ROS:/tb3_robot3/tf -> Zenoh:tb3_robot3/tf) created
[2m2026-08-24T08:14:11.659974Z[0m [32m INFO[0m tokio-runtime-worker ThreadId(07) [2mzenoh_plugin_ros2dds[0m[2m:[0m Node /tb3_robot3/robot_state_publisher declares Publisher /tb3_robot3/tf_static: tf2_msgs/msg/TFMessage - Allowed
[2m2026-08-24T08:14:11.660027Z[0m [32m INFO[0m tokio-runtime-worker ThreadId(07) [2mzenoh_plugin_ros2dds::routes_mgr[0m[2m:[0m Route Publisher (ROS:/tb3_robot3/tf_static -> Zenoh:tb3_robot3/tf_static) created
[2m2026-08-24T08:14:11.732957Z[0m [32m INFO[0m tokio-runtime-worker ThreadId(02) [2mzenoh_plugin_ros2dds::discovered_entities[0m[2m:[0m Discovered ROS Node /tb3_robot2/velocity_smoother
[2m2026-08-24T08:14:11.733159Z[0m [32m INFO[0m tokio-runtime-worker ThreadId(02) [2mzenoh_plugin_ros2dds::discovered_entities[0m[2m:[0m Discovered ROS Node /mutex_group_supervisor
[2m2026-08-24T08:14:11.733233Z[0m [32m INFO[0m tokio-runtime-worker ThreadId(02) [2mzenoh_plugin_ros2dds::discovered_entities[0m[2m:[0m Discovered ROS Node /tb3_robot2/collision_monitor
[2m2026-08-24T08:14:11.733272Z[0m [32m INFO[0m tokio-runtime-worker ThreadId(02) [2mzenoh_plugin_ros2dds::discovered_entities[0m[2m:[0m Discovered ROS Node /tb3_robot1/robot_state_publisher
[2m2026-08-24T08:14:11.733343Z[0m [32m INFO[0m tokio-runtime-worker ThreadId(02) [2mzenoh_plugin_ros2dds::discovered_entities[0m[2m:[0m Discovered ROS Node /rmf_dispatcher_node
[2m2026-08-24T08:14:11.733437Z[0m [32m INFO[0m tokio-runtime-worker ThreadId(02) [2mzenoh_plugin_ros2dds::discovered_entities[0m[2m:[0m Discovered ROS Node /tb3_robot3/amcl
[2m2026-08-24T08:14:11.733558Z[0m [32m INFO[0m tokio-runtime-worker ThreadId(02) [2mzenoh_plugin_ros2dds::discovered_entities[0m[2m:[0m Discovered ROS Node /tb3_robot1/behavior_server
[2m2026-08-24T08:14:11.733885Z[0m [32m INFO[0m tokio-runtime-worker ThreadId(02) [2mzenoh_plugin_ros2dds[0m[2m:[0m Node /tb3_robot1/robot_state_publisher declares Publisher /tb3_robot1/tf: tf2_msgs/msg/TFMessage - Allowed
[2m2026-08-24T08:14:11.734114Z[0m [32m INFO[0m tokio-runtime-worker ThreadId(02) [2mzenoh_plugin_ros2dds::routes_mgr[0m[2m:[0m Route Publisher (ROS:/tb3_robot1/tf -> Zenoh:tb3_robot1/tf) created
[2m2026-08-24T08:14:11.741339Z[0m [32m INFO[0m tokio-runtime-worker ThreadId(02) [2mzenoh_plugin_ros2dds[0m[2m:[0m Node /tb3_robot1/robot_state_publisher declares Publisher /tb3_robot1/tf_static: tf2_msgs/msg/TFMessage - Allowed
[2m2026-08-24T08:14:11.743372Z[0m [32m INFO[0m tokio-runtime-worker ThreadId(02) [2mzenoh_plugin_ros2dds::routes_mgr[0m[2m:[0m Route Publisher (ROS:/tb3_robot1/tf_static -> Zenoh:tb3_robot1/tf_static) created
[2m2026-08-24T08:14:11.744680Z[0m [32m INFO[0m tokio-runtime-worker ThreadId(02) [2mzenoh_plugin_ros2dds[0m[2m:[0m Node /tb3_robot3/amcl declares Publisher /tb3_robot3/tf: tf2_msgs/msg/TFMessage - Allowed
[2m2026-08-24T08:14:11.835076Z[0m [32m INFO[0m tokio-runtime-worker ThreadId(21) [2mzenoh_plugin_ros2dds::discovered_entities[0m[2m:[0m Discovered ROS Node /tf_aggregator_tb3_robot2
[2m2026-08-24T08:14:11.835215Z[0m [32m INFO[0m tokio-runtime-worker ThreadId(21) [2mzenoh_plugin_ros2dds::discovered_entities[0m[2m:[0m Discovered ROS Node /tb3_robot1_bridge
[2m2026-08-24T08:14:11.835282Z[0m [32m INFO[0m tokio-runtime-worker ThreadId(21) [2mzenoh_plugin_ros2dds::discovered_entities[0m[2m:[0m Discovered ROS Node /tf_aggregator_tb3_robot1
[2m2026-08-24T08:14:11.835317Z[0m [32m INFO[0m tokio-runtime-worker ThreadId(21) [2mzenoh_plugin_ros2dds::discovered_entities[0m[2m:[0m Discovered ROS Node /tb3_robot2/route_server
[2m2026-08-24T08:14:11.835393Z[0m [32m INFO[0m tokio-runtime-worker ThreadId(21) [2mzenoh_plugin_ros2dds::discovered_entities[0m[2m:[0m Discovered ROS Node /clock_bridge
[2m2026-08-24T08:14:11.835437Z[0m [32m INFO[0m tokio-runtime-worker ThreadId(21) [2mzenoh_plugin_ros2dds::discovered_entities[0m[2m:[0m Discovered ROS Node /door_supervisor
[2m2026-08-24T08:14:11.836486Z[0m [32m INFO[0m tokio-runtime-worker ThreadId(21) [2mzenoh_plugin_ros2dds[0m[2m:[0m Node /tf_aggregator_tb3_robot2 declares Publisher /tf: tf2_msgs/msg/TFMessage - Allowed
[2m2026-08-24T08:14:11.866808Z[0m [32m INFO[0m tokio-runtime-worker ThreadId(21) [2mzenoh_plugin_ros2dds::routes_mgr[0m[2m:[0m Route Publisher (ROS:/tf -> Zenoh:tf) created
[2m2026-08-24T08:14:11.870719Z[0m [32m INFO[0m tokio-runtime-worker ThreadId(21) [2mzenoh_plugin_ros2dds[0m[2m:[0m Node /tf_aggregator_tb3_robot2 declares Publisher /tf_static: tf2_msgs/msg/TFMessage - Allowed
[2m2026-08-24T08:14:11.876751Z[0m [32m INFO[0m tokio-runtime-worker ThreadId(21) [2mzenoh_plugin_ros2dds[0m[2m:[0m Node /tb3_robot1_bridge declares Publisher /tb3_robot1/tf: tf2_msgs/msg/TFMessage - Allowed
[2m2026-08-24T08:14:11.877124Z[0m [32m INFO[0m tokio-runtime-worker ThreadId(21) [2mzenoh_plugin_ros2dds[0m[2m:[0m Node /tf_aggregator_tb3_robot1 declares Publisher /tf: tf2_msgs/msg/TFMessage - Allowed
[2m2026-08-24T08:14:11.877484Z[0m [32m INFO[0m tokio-runtime-worker ThreadId(21) [2mzenoh_plugin_ros2dds[0m[2m:[0m Node /tf_aggregator_tb3_robot1 declares Publisher /tf_static: tf2_msgs/msg/TFMessage - Allowed
[2m2026-08-24T08:14:11.935872Z[0m [32m INFO[0m tokio-runtime-worker ThreadId(02) [2mzenoh_plugin_ros2dds::discovered_entities[0m[2m:[0m Discovered ROS Node /tb3_robot2/lifecycle_manager_localization
[2m2026-08-24T08:14:11.936254Z[0m [32m INFO[0m tokio-runtime-worker ThreadId(02) [2mzenoh_plugin_ros2dds::discovered_entities[0m[2m:[0m Discovered ROS Node /tb3_robot3/smoother_server
[2m2026-08-24T08:14:11.936510Z[0m [32m INFO[0m tokio-runtime-worker ThreadId(02) [2mzenoh_plugin_ros2dds::discovered_entities[0m[2m:[0m Discovered ROS Node /tb3_robot3/velocity_smoother
[2m2026-08-24T08:14:12.041529Z[0m [32m INFO[0m tokio-runtime-worker ThreadId(02) [2mzenoh_plugin_ros2dds::discovered_entities[0m[2m:[0m Discovered ROS Node /tb3_robot1/docking_server
[2m2026-08-24T08:14:12.042200Z[0m [32m INFO[0m tokio-runtime-worker ThreadId(02) [2mzenoh_plugin_ros2dds::discovered_entities[0m[2m:[0m Discovered ROS Node /floorplan_visualizer
[2m2026-08-24T08:14:12.043086Z[0m [32m INFO[0m tokio-runtime-worker ThreadId(02) [2mzenoh_plugin_ros2dds::discovered_entities[0m[2m:[0m Discovered ROS Node /tb3_robot1/amcl
[2m2026-08-24T08:14:12.043321Z[0m [32m INFO[0m tokio-runtime-worker ThreadId(02) [2mzenoh_plugin_ros2dds::discovered_entities[0m[2m:[0m Discovered ROS Node /tb3_robot1/smoother_server
[2m2026-08-24T08:14:12.046973Z[0m [32m INFO[0m tokio-runtime-worker ThreadId(02) [2mzenoh_plugin_ros2dds::discovered_entities[0m[2m:[0m Discovered ROS Node /tb3_robot3_bridge
[2m2026-08-24T08:14:12.049412Z[0m [32m INFO[0m tokio-runtime-worker ThreadId(02) [2mzenoh_plugin_ros2dds::discovered_entities[0m[2m:[0m Discovered ROS Node /tb3_robot2_bridge
[2m2026-08-24T08:14:12.052402Z[0m [32m INFO[0m tokio-runtime-worker ThreadId(02) [2mzenoh_plugin_ros2dds[0m[2m:[0m Node /tb3_robot1/amcl declares Publisher /tb3_robot1/tf: tf2_msgs/msg/TFMessage - Allowed
[2m2026-08-24T08:14:12.053471Z[0m [32m INFO[0m tokio-runtime-worker ThreadId(02) [2mzenoh_plugin_ros2dds[0m[2m:[0m Node /tb3_robot3_bridge declares Publisher /tb3_robot3/tf: tf2_msgs/msg/TFMessage - Allowed
[2m2026-08-24T08:14:12.055035Z[0m [32m INFO[0m tokio-runtime-worker ThreadId(02) [2mzenoh_plugin_ros2dds[0m[2m:[0m Node /tb3_robot2_bridge declares Publisher /tb3_robot2/tf: tf2_msgs/msg/TFMessage - Allowed
[2m2026-08-24T08:14:12.143886Z[0m [32m INFO[0m tokio-runtime-worker ThreadId(21) [2mzenoh_plugin_ros2dds::discovered_entities[0m[2m:[0m Discovered ROS Node /rmf_lift_supervisor
[2m2026-08-24T08:14:12.144322Z[0m [32m INFO[0m tokio-runtime-worker ThreadId(21) [2mzenoh_plugin_ros2dds::discovered_entities[0m[2m:[0m Discovered ROS Node /building_map_server
[2m2026-08-24T08:14:12.144550Z[0m [32m INFO[0m tokio-runtime-worker ThreadId(21) [2mzenoh_plugin_ros2dds::discovered_entities[0m[2m:[0m Discovered ROS Node /tb3_robot2/waypoint_follower
[2m2026-08-24T08:14:12.144673Z[0m [32m INFO[0m tokio-runtime-worker ThreadId(21) [2mzenoh_plugin_ros2dds::discovered_entities[0m[2m:[0m Discovered ROS Node /tf_aggregator_tb3_robot3
[2m2026-08-24T08:14:12.144729Z[0m [32m INFO[0m tokio-runtime-worker ThreadId(21) [2mzenoh_plugin_ros2dds::discovered_entities[0m[2m:[0m Discovered ROS Node /tb3_robot3/docking_server
[2m2026-08-24T08:14:12.144841Z[0m [32m INFO[0m tokio-runtime-worker ThreadId(21) [2mzenoh_plugin_ros2dds::discovered_entities[0m[2m:[0m Discovered ROS Node /tb3_robot1/velocity_smoother
[2m2026-08-24T08:14:12.144960Z[0m [32m INFO[0m tokio-runtime-worker ThreadId(21) [2mzenoh_plugin_ros2dds[0m[2m:[0m Node /tf_aggregator_tb3_robot3 declares Publisher /tf: tf2_msgs/msg/TFMessage - Allowed
[2m2026-08-24T08:14:12.144977Z[0m [32m INFO[0m tokio-runtime-worker ThreadId(21) [2mzenoh_plugin_ros2dds[0m[2m:[0m Node /tf_aggregator_tb3_robot3 declares Publisher /tf_static: tf2_msgs/msg/TFMessage - Allowed
[2m2026-08-24T08:14:12.244505Z[0m [32m INFO[0m tokio-runtime-worker ThreadId(02) [2mzenoh_plugin_ros2dds::discovered_entities[0m[2m:[0m Discovered ROS Node /tb3_robot1/map_server
[2m2026-08-24T08:14:12.245038Z[0m [32m INFO[0m tokio-runtime-worker ThreadId(02) [2mzenoh_plugin_ros2dds::discovered_entities[0m[2m:[0m Discovered ROS Node /tb3_robot3/route_server
[2m2026-08-24T08:14:12.346666Z[0m [32m INFO[0m tokio-runtime-worker ThreadId(21) [2mzenoh_plugin_ros2dds::discovered_entities[0m[2m:[0m Discovered ROS Node /tb3_robot2/docking_server
[2m2026-08-24T08:14:12.350158Z[0m [32m INFO[0m tokio-runtime-worker ThreadId(21) [2mzenoh_plugin_ros2dds::discovered_entities[0m[2m:[0m Discovered ROS Node /tb3_robot3/collision_monitor
[2m2026-08-24T08:14:12.354801Z[0m [32m INFO[0m tokio-runtime-worker ThreadId(21) [2mzenoh_plugin_ros2dds::discovered_entities[0m[2m:[0m Discovered ROS Node /rmf_simulation_door_manager
[2m2026-08-24T08:14:12.362466Z[0m [32m INFO[0m tokio-runtime-worker ThreadId(21) [2mzenoh_plugin_ros2dds::discovered_entities[0m[2m:[0m Discovered ROS Node /rmf_simulation_lift_manager
[2m2026-08-24T08:14:12.449779Z[0m [32m INFO[0m tokio-runtime-worker ThreadId(21) [2mzenoh_plugin_ros2dds::discovered_entities[0m[2m:[0m Discovered ROS Node /tb3_robot2/smoother_server
[2m2026-08-24T08:14:12.449894Z[0m [32m INFO[0m tokio-runtime-worker ThreadId(21) [2mzenoh_plugin_ros2dds::discovered_entities[0m[2m:[0m Discovered ROS Node /rmf_traffic_blockade_node
[2m2026-08-24T08:14:12.449954Z[0m [32m INFO[0m tokio-runtime-worker ThreadId(21) [2mzenoh_plugin_ros2dds::discovered_entities[0m[2m:[0m Discovered ROS Node /tb3_robot3/global_costmap/global_costmap
[2m2026-08-24T08:14:12.450088Z[0m [32m INFO[0m tokio-runtime-worker ThreadId(21) [2mzenoh_plugin_ros2dds::discovered_entities[0m[2m:[0m Discovered ROS Node /tb3_robot3/transform_listener_impl_7f0fd4005ea0
[2m2026-08-24T08:14:12.450111Z[0m [32m INFO[0m tokio-runtime-worker ThreadId(21) [2mzenoh_plugin_ros2dds::discovered_entities[0m[2m:[0m Discovered ROS Node /tb3_robot3/planner_server
[2m2026-08-24T08:14:12.450185Z[0m [32m INFO[0m tokio-runtime-worker ThreadId(21) [2mzenoh_plugin_ros2dds::discovered_entities[0m[2m:[0m Discovered ROS Node /tb3_robot1/bt_navigator_navigate_through_poses_rclcpp_node
[2m2026-08-24T08:14:12.474988Z[0m [32m INFO[0m tokio-runtime-worker ThreadId(21) [2mzenoh_plugin_ros2dds::discovered_entities[0m[2m:[0m Discovered ROS Node /tb3_robot1/bt_navigator_navigate_to_pose_rclcpp_node
[2m2026-08-24T08:14:12.475208Z[0m [32m INFO[0m tokio-runtime-worker ThreadId(21) [2mzenoh_plugin_ros2dds::discovered_entities[0m[2m:[0m Discovered ROS Node /tb3_robot1/bt_navigator
[2m2026-08-24T08:14:12.475816Z[0m [32m INFO[0m tokio-runtime-worker ThreadId(21) [2mzenoh_plugin_ros2dds[0m[2m:[0m Node /tb3_robot1/bt_navigator declares Action Server /tb3_robot1/navigate_to_pose: nav2_msgs/action/NavigateToPose - Allowed
[2m2026-08-24T08:14:12.476386Z[0m [32m INFO[0m tokio-runtime-worker ThreadId(21) [2mzenoh_plugin_ros2dds::routes_mgr[0m[2m:[0m Route Action Server (ROS:/tb3_robot1/navigate_to_pose <-> Zenoh:tb3_robot1/navigate_to_pose/*) created
[2m2026-08-24T08:14:12.552093Z[0m [32m INFO[0m tokio-runtime-worker ThreadId(07) [2mzenoh_plugin_ros2dds::discovered_entities[0m[2m:[0m Discovered ROS Node /tb3_robot2/behavior_server
[2m2026-08-24T08:14:12.552729Z[0m [32m INFO[0m tokio-runtime-worker ThreadId(07) [2mzenoh_plugin_ros2dds::discovered_entities[0m[2m:[0m Discovered ROS Node /schedule_visualizer_node
[2m2026-08-24T08:14:12.552843Z[0m [32m INFO[0m tokio-runtime-worker ThreadId(07) [2mzenoh_plugin_ros2dds::discovered_entities[0m[2m:[0m Discovered ROS Node /schedule_data_node
[2m2026-08-24T08:14:12.552929Z[0m [32m INFO[0m tokio-runtime-worker ThreadId(07) [2mzenoh_plugin_ros2dds::discovered_entities[0m[2m:[0m Discovered ROS Node /tb3_robot3/waypoint_follower
[2m2026-08-24T08:14:12.553197Z[0m [32m INFO[0m tokio-runtime-worker ThreadId(07) [2mzenoh_plugin_ros2dds::discovered_entities[0m[2m:[0m Discovered ROS Node /tb3_robot3/lifecycle_manager_localization
[2m2026-08-24T08:14:12.654248Z[0m [32m INFO[0m tokio-runtime-worker ThreadId(21) [2mzenoh_plugin_ros2dds::discovered_entities[0m[2m:[0m Discovered ROS Node /tb3_robot2/amcl
[2m2026-08-24T08:14:12.656745Z[0m [32m INFO[0m tokio-runtime-worker ThreadId(21) [2mzenoh_plugin_ros2dds[0m[2m:[0m Node /tb3_robot2/amcl declares Publisher /tb3_robot2/tf: tf2_msgs/msg/TFMessage - Allowed
[2m2026-08-24T08:14:12.755405Z[0m [32m INFO[0m tokio-runtime-worker ThreadId(07) [2mzenoh_plugin_ros2dds::discovered_entities[0m[2m:[0m Discovered ROS Node /tb3_robot2/controller_server
[2m2026-08-24T08:14:12.755560Z[0m [32m INFO[0m tokio-runtime-worker ThreadId(07) [2mzenoh_plugin_ros2dds::discovered_entities[0m[2m:[0m Discovered ROS Node /tb3_robot2/transform_listener_impl_7917600299b0
[2m2026-08-24T08:14:12.755588Z[0m [32m INFO[0m tokio-runtime-worker ThreadId(07) [2mzenoh_plugin_ros2dds::discovered_entities[0m[2m:[0m Discovered ROS Node /tb3_robot2/local_costmap/local_costmap
[2m2026-08-24T08:14:12.755690Z[0m [32m INFO[0m tokio-runtime-worker ThreadId(07) [2mzenoh_plugin_ros2dds::discovered_entities[0m[2m:[0m Discovered ROS Node /tb3_robot1/route_server
[2m2026-08-24T08:14:12.755788Z[0m [32m INFO[0m tokio-runtime-worker ThreadId(07) [2mzenoh_plugin_ros2dds::discovered_entities[0m[2m:[0m Discovered ROS Node /tb3_robot3/map_server
[2m2026-08-24T08:14:12.755846Z[0m [32m INFO[0m tokio-runtime-worker ThreadId(07) [2mzenoh_plugin_ros2dds::discovered_entities[0m[2m:[0m Discovered ROS Node /tb3_robot2/bt_navigator_navigate_to_pose_rclcpp_node
[2m2026-08-24T08:14:12.755955Z[0m [32m INFO[0m tokio-runtime-worker ThreadId(07) [2mzenoh_plugin_ros2dds::discovered_entities[0m[2m:[0m Discovered ROS Node /tb3_robot2/bt_navigator
[2m2026-08-24T08:14:12.756037Z[0m [32m INFO[0m tokio-runtime-worker ThreadId(07) [2mzenoh_plugin_ros2dds::discovered_entities[0m[2m:[0m Discovered ROS Node /tb3_robot2/bt_navigator_navigate_through_poses_rclcpp_node
[2m2026-08-24T08:14:12.756298Z[0m [32m INFO[0m tokio-runtime-worker ThreadId(07) [2mzenoh_plugin_ros2dds[0m[2m:[0m Node /tb3_robot2/bt_navigator declares Action Server /tb3_robot2/navigate_to_pose: nav2_msgs/action/NavigateToPose - Allowed
[2m2026-08-24T08:14:12.795244Z[0m [32m INFO[0m tokio-runtime-worker ThreadId(07) [2mzenoh_plugin_ros2dds::routes_mgr[0m[2m:[0m Route Action Server (ROS:/tb3_robot2/navigate_to_pose <-> Zenoh:tb3_robot2/navigate_to_pose/*) created
[2m2026-08-24T08:14:12.859000Z[0m [32m INFO[0m tokio-runtime-worker ThreadId(07) [2mzenoh_plugin_ros2dds::discovered_entities[0m[2m:[0m Discovered ROS Node /tb3_robot1/local_costmap/local_costmap
[2m2026-08-24T08:14:12.859417Z[0m [32m INFO[0m tokio-runtime-worker ThreadId(07) [2mzenoh_plugin_ros2dds::discovered_entities[0m[2m:[0m Discovered ROS Node /tb3_robot1/controller_server
[2m2026-08-24T08:14:12.859731Z[0m [32m INFO[0m tokio-runtime-worker ThreadId(07) [2mzenoh_plugin_ros2dds::discovered_entities[0m[2m:[0m Discovered ROS Node /tb3_robot1/transform_listener_impl_5804bce408f0
[2m2026-08-24T08:14:12.861731Z[0m [32m INFO[0m tokio-runtime-worker ThreadId(07) [2mzenoh_plugin_ros2dds::discovered_entities[0m[2m:[0m Discovered ROS Node /tb3_robot2/planner_server
[2m2026-08-24T08:14:12.864229Z[0m [32m INFO[0m tokio-runtime-worker ThreadId(07) [2mzenoh_plugin_ros2dds::discovered_entities[0m[2m:[0m Discovered ROS Node /tb3_robot2/global_costmap/global_costmap
[2m2026-08-24T08:14:12.867823Z[0m [32m INFO[0m tokio-runtime-worker ThreadId(07) [2mzenoh_plugin_ros2dds::discovered_entities[0m[2m:[0m Discovered ROS Node /tb3_robot2/transform_listener_impl_7d48c0007c90
[2m2026-08-24T08:14:12.872129Z[0m [32m INFO[0m tokio-runtime-worker ThreadId(07) [2mzenoh_plugin_ros2dds::discovered_entities[0m[2m:[0m Discovered ROS Node /tb3_robot1/collision_monitor
[2m2026-08-24T08:14:12.959880Z[0m [32m INFO[0m tokio-runtime-worker ThreadId(21) [2mzenoh_plugin_ros2dds::discovered_entities[0m[2m:[0m Discovered ROS Node /tb3_robot2/lifecycle_manager_navigation
[2m2026-08-24T08:14:12.960190Z[0m [32m INFO[0m tokio-runtime-worker ThreadId(21) [2mzenoh_plugin_ros2dds::discovered_entities[0m[2m:[0m Discovered ROS Node /tb3_robot1/waypoint_follower
[2m2026-08-24T08:14:12.960317Z[0m [32m INFO[0m tokio-runtime-worker ThreadId(21) [2mzenoh_plugin_ros2dds::discovered_entities[0m[2m:[0m Discovered ROS Node /tb3_robot3/lifecycle_manager_navigation
[2m2026-08-24T08:14:13.060874Z[0m [32m INFO[0m tokio-runtime-worker ThreadId(07) [2mzenoh_plugin_ros2dds::discovered_entities[0m[2m:[0m Discovered ROS Node /tb3_robot3/controller_server
[2m2026-08-24T08:14:13.061113Z[0m [32m INFO[0m tokio-runtime-worker ThreadId(07) [2mzenoh_plugin_ros2dds::discovered_entities[0m[2m:[0m Discovered ROS Node /tb3_robot3/local_costmap/local_costmap
[2m2026-08-24T08:14:13.061292Z[0m [32m INFO[0m tokio-runtime-worker ThreadId(07) [2mzenoh_plugin_ros2dds::discovered_entities[0m[2m:[0m Discovered ROS Node /tb3_robot3/transform_listener_impl_76fcc4008910
[2m2026-08-24T08:14:13.162724Z[0m [32m INFO[0m tokio-runtime-worker ThreadId(07) [2mzenoh_plugin_ros2dds::discovered_entities[0m[2m:[0m Discovered ROS Node /tb3_robot3/bt_navigator_navigate_through_poses_rclcpp_node
[2m2026-08-24T08:14:13.163257Z[0m [32m INFO[0m tokio-runtime-worker ThreadId(07) [2mzenoh_plugin_ros2dds::discovered_entities[0m[2m:[0m Discovered ROS Node /tb3_robot3/bt_navigator
[2m2026-08-24T08:14:13.163917Z[0m [32m INFO[0m tokio-runtime-worker ThreadId(07) [2mzenoh_plugin_ros2dds::discovered_entities[0m[2m:[0m Discovered ROS Node /tb3_robot3/bt_navigator_navigate_to_pose_rclcpp_node
[2m2026-08-24T08:14:13.164640Z[0m [32m INFO[0m tokio-runtime-worker ThreadId(07) [2mzenoh_plugin_ros2dds[0m[2m:[0m Node /tb3_robot3/bt_navigator declares Action Server /tb3_robot3/navigate_to_pose: nav2_msgs/action/NavigateToPose - Allowed
[2m2026-08-24T08:14:13.170996Z[0m [32m INFO[0m tokio-runtime-worker ThreadId(07) [2mzenoh_plugin_ros2dds::routes_mgr[0m[2m:[0m Route Action Server (ROS:/tb3_robot3/navigate_to_pose <-> Zenoh:tb3_robot3/navigate_to_pose/*) created
[2m2026-08-24T08:14:13.263491Z[0m [32m INFO[0m tokio-runtime-worker ThreadId(07) [2mzenoh_plugin_ros2dds::discovered_entities[0m[2m:[0m Discovered ROS Node /tb3_fleet_command_handle
[2m2026-08-24T08:14:13.263608Z[0m [32m INFO[0m tokio-runtime-worker ThreadId(07) [2mzenoh_plugin_ros2dds::discovered_entities[0m[2m:[0m Discovered ROS Node /tb3_fleet_fleet_adapter
