[2m2026-08-24T04:51:12.467049Z[0m [32m INFO[0m main ThreadId(01) [2mzenohd[0m[2m:[0m zenohd v1.5.0 built with rustc 1.85.0 (4d91de4e4 2025-02-17)
[2m2026-08-24T04:51:12.467248Z[0m [32m INFO[0m main ThreadId(01) [2mzenohd[0m[2m:[0m Initial conf: {"access_control":{"default_permission":"deny","enabled":false,"policies":null,"rules":null,"subjects":null},"adminspace":{"enabled":true,"permissions":{"read":true,"write":false}},"aggregation":{"publishers":[],"subscribers":[]},"connect":{"endpoints":[],"exit_on_failure":null,"retry":null,"timeout_ms":null},"downsampling":[],"id":null,"listen":{"endpoints":{"peer":["tcp/[::]:0"],"router":["tcp/[::]:7447"]},"exit_on_failure":null,"retry":null,"timeout_ms":null},"low_pass_filter":[],"metadata":null,"mode":"router","namespace":null,"open":{"return_conditions":{"connect_scouted":null,"declares":null}},"plugins":{},"plugins_loading":{"enabled":true,"search_dirs":[{"kind":"current_exe_parent","value":null},".","~/.zenoh/lib","/opt/homebrew/lib","/usr/local/lib","/usr/lib"]},"qos":{"network":[],"publication":[]},"queries_default_timeout":null,"routing":{"interests":{"timeout":null},"peer":{"linkstate":{"transport_weights":[]},"mode":null},"router":{"linkstate":{"transport_weights":[]},"peers_failover_brokering":null}},"scouting":{"delay":null,"gossip":{"autoconnect":null,"autoconnect_strategy":null,"enabled":null,"multihop":null,"target":null},"multicast":{"address":null,"autoconnect":null,"autoconnect_strategy":null,"enabled":true,"interface":null,"listen":null,"ttl":null},"timeout":null},"timestamping":{"drop_future_timestamp":null,"enabled":null},"transport":{"auth":{"pubkey":{"key_size":null,"known_keys_file":null,"private_key_file":null,"private_key_pem":null,"public_key_file":null,"public_key_pem":null},"usrpwd":{"dictionary_file":null,"password":null,"user":null}},"link":{"protocols":null,"rx":{"buffer_size":65535,"max_message_size":1073741824},"tcp":{"so_rcvbuf":null,"so_sndbuf":null},"tls":{"close_link_on_expiration":null,"connect_certificate":null,"connect_private_key":null,"enable_mtls":null,"listen_certificate":null,"listen_private_key":null,"root_ca_certificate":null,"so_rcvbuf":null,"so_sndbuf":null,"verify_name_on_connect":null},"tx":{"batch_size":65535,"keep_alive":4,"lease":10000,"queue":{"allocation":{"mode":"lazy"},"batching":{"enabled":true,"time_limit":1},"congestion_control":{"block":{"wait_before_close":5000000},"drop":{"max_wait_before_drop_fragments":50000,"wait_before_drop":1000}},"size":{"background":2,"control":2,"data":2,"data_high":2,"data_low":2,"interactive_high":2,"interactive_low":2,"real_time":2}},"sequence_number_resolution":"32bit","threads":3},"unixpipe":{"file_access_mask":null}},"multicast":{"compression":{"enabled":false},"join_interval":2500,"max_sessions":1000,"qos":{"enabled":false}},"shared_memory":{"enabled":true,"mode":"lazy"},"unicast":{"accept_pending":100,"accept_timeout":10000,"compression":{"enabled":false},"lowlatency":false,"max_links":1,"max_sessions":1000,"open_timeout":10000,"qos":{"enabled":true}}}}
[2m2026-08-24T04:51:12.467410Z[0m [32m INFO[0m main ThreadId(01) [2mzenoh::net::runtime[0m[2m:[0m Using ZID: d1aa1c0db8ee4a52adc3b1e68d42760d
[2m2026-08-24T04:51:12.467957Z[0m [32m INFO[0m main ThreadId(01) [2mzenoh::net::runtime::orchestrator[0m[2m:[0m Zenoh can be reached at: tcp/[fe80::f4d9:648b:d559:cbe5]:7447
[2m2026-08-24T04:51:12.467990Z[0m [32m INFO[0m main ThreadId(01) [2mzenoh::net::runtime::orchestrator[0m[2m:[0m Zenoh can be reached at: tcp/10.60.0.60:7447
[2m2026-08-24T04:51:12.468208Z[0m [32m INFO[0m main ThreadId(01) [2mzenoh::net::runtime::orchestrator[0m[2m:[0m zenohd listening scout messages on 224.0.0.224:7446
[2m2026-08-24T04:54:52.710732Z[0m [33m WARN[0m net-0 ThreadId(03) [2mzenoh::net::routing::dispatcher::queries[0m[2m:[0m Face{2, 40305f7b3f5b541aa0ec8ecbc8027690}:2 Didn't receive final reply for query Face{3, 240f29ad66ee40e520487c227ac61e9a}:2: Timeout(10s)!
[2m2026-08-24T04:54:52.710987Z[0m [33m WARN[0m  rx-0 ThreadId(06) [2mzenoh::net::routing::dispatcher::queries[0m[2m:[0m Face{2, 40305f7b3f5b541aa0ec8ecbc8027690}:2 Route reply: Query not found!
[2m2026-08-24T04:54:52.711026Z[0m [33m WARN[0m  rx-0 ThreadId(06) [2mzenoh::net::routing::dispatcher::queries[0m[2m:[0m Face{2, 40305f7b3f5b541aa0ec8ecbc8027690}:2 Route final reply: Query not found!
[2m2026-08-24T04:55:11.682710Z[0m [33m WARN[0m net-0 ThreadId(03) [2mzenoh::net::routing::dispatcher::queries[0m[2m:[0m Face{2, 40305f7b3f5b541aa0ec8ecbc8027690}:9 Didn't receive final reply for query Face{3, 240f29ad66ee40e520487c227ac61e9a}:9: Timeout(10s)!
[2m2026-08-24T04:55:11.683355Z[0m [33m WARN[0m  rx-1 ThreadId(07) [2mzenoh::net::routing::dispatcher::queries[0m[2m:[0m Face{2, 40305f7b3f5b541aa0ec8ecbc8027690}:9 Route reply: Query not found!
[2m2026-08-24T04:55:11.683373Z[0m [33m WARN[0m  rx-1 ThreadId(07) [2mzenoh::net::routing::dispatcher::queries[0m[2m:[0m Face{2, 40305f7b3f5b541aa0ec8ecbc8027690}:9 Route final reply: Query not found!
[2m2026-08-24T04:55:22.184700Z[0m [33m WARN[0m net-0 ThreadId(03) [2mzenoh::net::routing::dispatcher::queries[0m[2m:[0m Face{2, 40305f7b3f5b541aa0ec8ecbc8027690}:10 Didn't receive final reply for query Face{3, 240f29ad66ee40e520487c227ac61e9a}:10: Timeout(10s)!
[2m2026-08-24T04:55:22.184790Z[0m [33m WARN[0m  rx-1 ThreadId(07) [2mzenoh::net::routing::dispatcher::queries[0m[2m:[0m Face{2, 40305f7b3f5b541aa0ec8ecbc8027690}:10 Route reply: Query not found!
[2m2026-08-24T04:55:22.184827Z[0m [33m WARN[0m  rx-1 ThreadId(07) [2mzenoh::net::routing::dispatcher::queries[0m[2m:[0m Face{2, 40305f7b3f5b541aa0ec8ecbc8027690}:10 Route final reply: Query not found!
[2m2026-08-24T04:55:32.685794Z[0m [33m WARN[0m net-0 ThreadId(03) [2mzenoh::net::routing::dispatcher::queries[0m[2m:[0m Face{2, 40305f7b3f5b541aa0ec8ecbc8027690}:11 Didn't receive final reply for query Face{3, 240f29ad66ee40e520487c227ac61e9a}:11: Timeout(10s)!
[2m2026-08-24T04:55:32.685982Z[0m [33m WARN[0m  rx-1 ThreadId(07) [2mzenoh::net::routing::dispatcher::queries[0m[2m:[0m Face{2, 40305f7b3f5b541aa0ec8ecbc8027690}:11 Route reply: Query not found!
[2m2026-08-24T04:55:32.686010Z[0m [33m WARN[0m  rx-1 ThreadId(07) [2mzenoh::net::routing::dispatcher::queries[0m[2m:[0m Face{2, 40305f7b3f5b541aa0ec8ecbc8027690}:11 Route final reply: Query not found!
[2m2026-08-24T04:55:56.962688Z[0m [33m WARN[0m net-0 ThreadId(03) [2mzenoh::net::routing::dispatcher::queries[0m[2m:[0m Face{2, 40305f7b3f5b541aa0ec8ecbc8027690}:18 Didn't receive final reply for query Face{3, 240f29ad66ee40e520487c227ac61e9a}:18: Timeout(10s)!
[2m2026-08-24T04:55:56.962710Z[0m [33m WARN[0m  rx-0 ThreadId(06) [2mzenoh::net::routing::dispatcher::queries[0m[2m:[0m Face{2, 40305f7b3f5b541aa0ec8ecbc8027690}:18 Route reply: Query not found!
[2m2026-08-24T04:55:56.962734Z[0m [33m WARN[0m  rx-0 ThreadId(06) [2mzenoh::net::routing::dispatcher::queries[0m[2m:[0m Face{2, 40305f7b3f5b541aa0ec8ecbc8027690}:18 Route final reply: Query not found!
[2m2026-08-24T04:56:15.018679Z[0m [33m WARN[0m net-0 ThreadId(03) [2mzenoh::net::routing::dispatcher::queries[0m[2m:[0m Face{2, 40305f7b3f5b541aa0ec8ecbc8027690}:22 Didn't receive final reply for query Face{3, 240f29ad66ee40e520487c227ac61e9a}:22: Timeout(10s)!
[2m2026-08-24T04:56:15.018849Z[0m [33m WARN[0m  rx-1 ThreadId(07) [2mzenoh::net::routing::dispatcher::queries[0m[2m:[0m Face{2, 40305f7b3f5b541aa0ec8ecbc8027690}:22 Route reply: Query not found!
[2m2026-08-24T04:56:15.018878Z[0m [33m WARN[0m  rx-1 ThreadId(07) [2mzenoh::net::routing::dispatcher::queries[0m[2m:[0m Face{2, 40305f7b3f5b541aa0ec8ecbc8027690}:22 Route final reply: Query not found!
[2m2026-08-24T04:56:57.199312Z[0m [33m WARN[0m net-0 ThreadId(03) [2mzenoh::net::routing::dispatcher::queries[0m[2m:[0m Face{2, 40305f7b3f5b541aa0ec8ecbc8027690}:28 Didn't receive final reply for query Face{3, 240f29ad66ee40e520487c227ac61e9a}:28: Timeout(10s)!
[2m2026-08-24T04:56:57.200207Z[0m [33m WARN[0m  rx-1 ThreadId(07) [2mzenoh::net::routing::dispatcher::queries[0m[2m:[0m Face{2, 40305f7b3f5b541aa0ec8ecbc8027690}:28 Route reply: Query not found!
[2m2026-08-24T04:56:57.200252Z[0m [33m WARN[0m  rx-1 ThreadId(07) [2mzenoh::net::routing::dispatcher::queries[0m[2m:[0m Face{2, 40305f7b3f5b541aa0ec8ecbc8027690}:28 Route final reply: Query not found!
[2m2026-08-24T04:57:07.699922Z[0m [33m WARN[0m net-0 ThreadId(03) [2mzenoh::net::routing::dispatcher::queries[0m[2m:[0m Face{2, 40305f7b3f5b541aa0ec8ecbc8027690}:29 Didn't receive final reply for query Face{3, 240f29ad66ee40e520487c227ac61e9a}:29: Timeout(10s)!
[2m2026-08-24T04:57:07.700078Z[0m [33m WARN[0m  rx-1 ThreadId(07) [2mzenoh::net::routing::dispatcher::queries[0m[2m:[0m Face{2, 40305f7b3f5b541aa0ec8ecbc8027690}:29 Route reply: Query not found!
[2m2026-08-24T04:57:07.700098Z[0m [33m WARN[0m  rx-1 ThreadId(07) [2mzenoh::net::routing::dispatcher::queries[0m[2m:[0m Face{2, 40305f7b3f5b541aa0ec8ecbc8027690}:29 Route final reply: Query not found!
[2m2026-08-24T04:57:31.960699Z[0m [33m WARN[0m net-0 ThreadId(03) [2mzenoh::net::routing::dispatcher::queries[0m[2m:[0m Face{2, 40305f7b3f5b541aa0ec8ecbc8027690}:34 Didn't receive final reply for query Face{3, 240f29ad66ee40e520487c227ac61e9a}:34: Timeout(10s)!
[2m2026-08-24T04:57:31.960717Z[0m [33m WARN[0m  rx-1 ThreadId(07) [2mzenoh::net::routing::dispatcher::queries[0m[2m:[0m Face{2, 40305f7b3f5b541aa0ec8ecbc8027690}:34 Route reply: Query not found!
[2m2026-08-24T04:57:31.960761Z[0m [33m WARN[0m  rx-1 ThreadId(07) [2mzenoh::net::routing::dispatcher::queries[0m[2m:[0m Face{2, 40305f7b3f5b541aa0ec8ecbc8027690}:34 Route final reply: Query not found!
[2m2026-08-24T04:57:42.461948Z[0m [33m WARN[0m net-0 ThreadId(03) [2mzenoh::net::routing::dispatcher::queries[0m[2m:[0m Face{2, 40305f7b3f5b541aa0ec8ecbc8027690}:35 Route reply: Query not found!
[2m2026-08-24T04:59:13.797896Z[0m [33m WARN[0m net-0 ThreadId(03) [2mzenoh::net::routing::dispatcher::queries[0m[2m:[0m Face{2, 40305f7b3f5b541aa0ec8ecbc8027690}:39 Didn't receive final reply for query Face{3, 240f29ad66ee40e520487c227ac61e9a}:39: Timeout(10s)!
[2m2026-08-24T04:59:13.798089Z[0m [33m WARN[0m  rx-0 ThreadId(06) [2mzenoh::net::routing::dispatcher::queries[0m[2m:[0m Face{2, 40305f7b3f5b541aa0ec8ecbc8027690}:39 Route reply: Query not found!
[2m2026-08-24T04:59:13.798336Z[0m [33m WARN[0m  rx-0 ThreadId(06) [2mzenoh::net::routing::dispatcher::queries[0m[2m:[0m Face{2, 40305f7b3f5b541aa0ec8ecbc8027690}:39 Route final reply: Query not found!
[2m2026-08-24T05:00:06.970752Z[0m [33m WARN[0m net-0 ThreadId(03) [2mzenoh::net::routing::dispatcher::queries[0m[2m:[0m Face{2, 40305f7b3f5b541aa0ec8ecbc8027690}:51 Didn't receive final reply for query Face{3, 240f29ad66ee40e520487c227ac61e9a}:51: Timeout(10s)!
[2m2026-08-24T05:00:06.971435Z[0m [33m WARN[0m  rx-1 ThreadId(07) [2mzenoh::net::routing::dispatcher::queries[0m[2m:[0m Face{2, 40305f7b3f5b541aa0ec8ecbc8027690}:51 Route reply: Query not found!
[2m2026-08-24T05:00:06.971499Z[0m [33m WARN[0m  rx-1 ThreadId(07) [2mzenoh::net::routing::dispatcher::queries[0m[2m:[0m Face{2, 40305f7b3f5b541aa0ec8ecbc8027690}:51 Route final reply: Query not found!
[2m2026-08-24T05:00:24.947752Z[0m [33m WARN[0m net-0 ThreadId(03) [2mzenoh::net::routing::dispatcher::queries[0m[2m:[0m Face{2, 40305f7b3f5b541aa0ec8ecbc8027690}:55 Didn't receive final reply for query Face{3, 240f29ad66ee40e520487c227ac61e9a}:55: Timeout(10s)!
[2m2026-08-24T05:00:24.947956Z[0m [33m WARN[0m  rx-1 ThreadId(07) [2mzenoh::net::routing::dispatcher::queries[0m[2m:[0m Face{2, 40305f7b3f5b541aa0ec8ecbc8027690}:55 Route reply: Query not found!
[2m2026-08-24T05:00:24.947979Z[0m [33m WARN[0m  rx-1 ThreadId(07) [2mzenoh::net::routing::dispatcher::queries[0m[2m:[0m Face{2, 40305f7b3f5b541aa0ec8ecbc8027690}:55 Route final reply: Query not found!
[2m2026-08-24T05:00:42.913692Z[0m [33m WARN[0m net-0 ThreadId(03) [2mzenoh::net::routing::dispatcher::queries[0m[2m:[0m Face{2, 40305f7b3f5b541aa0ec8ecbc8027690}:59 Didn't receive final reply for query Face{3, 240f29ad66ee40e520487c227ac61e9a}:59: Timeout(10s)!
[2m2026-08-24T05:00:42.913997Z[0m [33m WARN[0m  rx-0 ThreadId(06) [2mzenoh::net::routing::dispatcher::queries[0m[2m:[0m Face{2, 40305f7b3f5b541aa0ec8ecbc8027690}:59 Route reply: Query not found!
[2m2026-08-24T05:00:42.914012Z[0m [33m WARN[0m  rx-0 ThreadId(06) [2mzenoh::net::routing::dispatcher::queries[0m[2m:[0m Face{2, 40305f7b3f5b541aa0ec8ecbc8027690}:59 Route final reply: Query not found!
[2m2026-08-24T05:01:00.997709Z[0m [33m WARN[0m net-0 ThreadId(03) [2mzenoh::net::routing::dispatcher::queries[0m[2m:[0m Face{2, 40305f7b3f5b541aa0ec8ecbc8027690}:66 Didn't receive final reply for query Face{3, 240f29ad66ee40e520487c227ac61e9a}:66: Timeout(10s)!
[2m2026-08-24T05:01:00.998284Z[0m [33m WARN[0m  rx-0 ThreadId(06) [2mzenoh::net::routing::dispatcher::queries[0m[2m:[0m Face{2, 40305f7b3f5b541aa0ec8ecbc8027690}:66 Route reply: Query not found!
[2m2026-08-24T05:01:00.998306Z[0m [33m WARN[0m  rx-0 ThreadId(06) [2mzenoh::net::routing::dispatcher::queries[0m[2m:[0m Face{2, 40305f7b3f5b541aa0ec8ecbc8027690}:66 Route final reply: Query not found!
[2m2026-08-24T05:01:23.443905Z[0m [33m WARN[0m  rx-0 ThreadId(06) [2mzenoh::net::routing::dispatcher::queries[0m[2m:[0m Face{2, 40305f7b3f5b541aa0ec8ecbc8027690}:135 Route reply: Query not found!
[2m2026-08-24T05:01:23.443901Z[0m [33m WARN[0m net-0 ThreadId(03) [2mzenoh::net::routing::dispatcher::queries[0m[2m:[0m Face{2, 40305f7b3f5b541aa0ec8ecbc8027690}:135 Didn't receive final reply for query Face{3, 240f29ad66ee40e520487c227ac61e9a}:135: Timeout(10s)!
[2m2026-08-24T05:01:23.443946Z[0m [33m WARN[0m  rx-0 ThreadId(06) [2mzenoh::net::routing::dispatcher::queries[0m[2m:[0m Face{2, 40305f7b3f5b541aa0ec8ecbc8027690}:135 Route final reply: Query not found!
[2m2026-08-24T05:01:37.448674Z[0m [33m WARN[0m net-0 ThreadId(03) [2mzenoh::net::routing::dispatcher::queries[0m[2m:[0m Face{2, 40305f7b3f5b541aa0ec8ecbc8027690}:143 Didn't receive final reply for query Face{3, 240f29ad66ee40e520487c227ac61e9a}:143: Timeout(10s)!
[2m2026-08-24T05:01:37.448907Z[0m [33m WARN[0m  rx-1 ThreadId(07) [2mzenoh::net::routing::dispatcher::queries[0m[2m:[0m Face{2, 40305f7b3f5b541aa0ec8ecbc8027690}:143 Route reply: Query not found!
[2m2026-08-24T05:01:37.448943Z[0m [33m WARN[0m  rx-1 ThreadId(07) [2mzenoh::net::routing::dispatcher::queries[0m[2m:[0m Face{2, 40305f7b3f5b541aa0ec8ecbc8027690}:143 Route final reply: Query not found!
[2m2026-08-24T05:01:53.817739Z[0m [33m WARN[0m net-0 ThreadId(03) [2mzenoh::net::routing::dispatcher::queries[0m[2m:[0m Face{2, 40305f7b3f5b541aa0ec8ecbc8027690}:147 Didn't receive final reply for query Face{3, 240f29ad66ee40e520487c227ac61e9a}:147: Timeout(10s)!
[2m2026-08-24T05:01:53.817957Z[0m [33m WARN[0m  rx-1 ThreadId(07) [2mzenoh::net::routing::dispatcher::queries[0m[2m:[0m Face{2, 40305f7b3f5b541aa0ec8ecbc8027690}:147 Route reply: Query not found!
[2m2026-08-24T05:01:53.818174Z[0m [33m WARN[0m  rx-1 ThreadId(07) [2mzenoh::net::routing::dispatcher::queries[0m[2m:[0m Face{2, 40305f7b3f5b541aa0ec8ecbc8027690}:147 Route final reply: Query not found!
[2m2026-08-24T05:02:16.943581Z[0m [33m WARN[0m net-0 ThreadId(03) [2mzenoh::net::routing::dispatcher::queries[0m[2m:[0m Face{2, 40305f7b3f5b541aa0ec8ecbc8027690}:177 Didn't receive final reply for query Face{3, 240f29ad66ee40e520487c227ac61e9a}:177: Timeout(10s)!
[2m2026-08-24T05:02:16.943996Z[0m [33m WARN[0m  rx-1 ThreadId(07) [2mzenoh::net::routing::dispatcher::queries[0m[2m:[0m Face{2, 40305f7b3f5b541aa0ec8ecbc8027690}:177 Route reply: Query not found!
[2m2026-08-24T05:02:16.944018Z[0m [33m WARN[0m  rx-1 ThreadId(07) [2mzenoh::net::routing::dispatcher::queries[0m[2m:[0m Face{2, 40305f7b3f5b541aa0ec8ecbc8027690}:177 Route final reply: Query not found!
[2m2026-08-24T05:02:30.643692Z[0m [33m WARN[0m net-0 ThreadId(03) [2mzenoh::net::routing::dispatcher::queries[0m[2m:[0m Face{2, 40305f7b3f5b541aa0ec8ecbc8027690}:185 Didn't receive final reply for query Face{3, 240f29ad66ee40e520487c227ac61e9a}:185: Timeout(10s)!
[2m2026-08-24T05:02:30.644009Z[0m [33m WARN[0m  rx-0 ThreadId(06) [2mzenoh::net::routing::dispatcher::queries[0m[2m:[0m Face{2, 40305f7b3f5b541aa0ec8ecbc8027690}:185 Route reply: Query not found!
[2m2026-08-24T05:02:30.644021Z[0m [33m WARN[0m  rx-0 ThreadId(06) [2mzenoh::net::routing::dispatcher::queries[0m[2m:[0m Face{2, 40305f7b3f5b541aa0ec8ecbc8027690}:185 Route final reply: Query not found!
[2m2026-08-24T05:02:46.514729Z[0m [33m WARN[0m net-0 ThreadId(03) [2mzenoh::net::routing::dispatcher::queries[0m[2m:[0m Face{2, 40305f7b3f5b541aa0ec8ecbc8027690}:189 Didn't receive final reply for query Face{3, 240f29ad66ee40e520487c227ac61e9a}:189: Timeout(10s)!
[2m2026-08-24T05:02:46.514778Z[0m [33m WARN[0m  rx-1 ThreadId(07) [2mzenoh::net::routing::dispatcher::queries[0m[2m:[0m Face{2, 40305f7b3f5b541aa0ec8ecbc8027690}:189 Route reply: Query not found!
[2m2026-08-24T05:02:46.514800Z[0m [33m WARN[0m  rx-1 ThreadId(07) [2mzenoh::net::routing::dispatcher::queries[0m[2m:[0m Face{2, 40305f7b3f5b541aa0ec8ecbc8027690}:189 Route final reply: Query not found!
[2m2026-08-24T05:03:39.996705Z[0m [33m WARN[0m net-0 ThreadId(03) [2mzenoh::net::routing::dispatcher::queries[0m[2m:[0m Face{2, 40305f7b3f5b541aa0ec8ecbc8027690}:201 Didn't receive final reply for query Face{3, 240f29ad66ee40e520487c227ac61e9a}:201: Timeout(10s)!
[2m2026-08-24T05:03:39.996758Z[0m [33m WARN[0m  rx-1 ThreadId(07) [2mzenoh::net::routing::dispatcher::queries[0m[2m:[0m Face{2, 40305f7b3f5b541aa0ec8ecbc8027690}:201 Route reply: Query not found!
[2m2026-08-24T05:03:39.996782Z[0m [33m WARN[0m  rx-1 ThreadId(07) [2mzenoh::net::routing::dispatcher::queries[0m[2m:[0m Face{2, 40305f7b3f5b541aa0ec8ecbc8027690}:201 Route final reply: Query not found!
[2m2026-08-24T05:03:57.949693Z[0m [33m WARN[0m net-0 ThreadId(03) [2mzenoh::net::routing::dispatcher::queries[0m[2m:[0m Face{2, 40305f7b3f5b541aa0ec8ecbc8027690}:205 Didn't receive final reply for query Face{3, 240f29ad66ee40e520487c227ac61e9a}:205: Timeout(10s)!
[2m2026-08-24T05:03:57.949733Z[0m [33m WARN[0m  rx-1 ThreadId(07) [2mzenoh::net::routing::dispatcher::queries[0m[2m:[0m Face{2, 40305f7b3f5b541aa0ec8ecbc8027690}:205 Route final reply: Query not found!
[2m2026-08-24T05:04:15.920857Z[0m [33m WARN[0m net-0 ThreadId(03) [2mzenoh::net::routing::dispatcher::queries[0m[2m:[0m Face{2, 40305f7b3f5b541aa0ec8ecbc8027690}:209 Didn't receive final reply for query Face{3, 240f29ad66ee40e520487c227ac61e9a}:209: Timeout(10s)!
[2m2026-08-24T05:04:15.921005Z[0m [33m WARN[0m  rx-1 ThreadId(07) [2mzenoh::net::routing::dispatcher::queries[0m[2m:[0m Face{2, 40305f7b3f5b541aa0ec8ecbc8027690}:209 Route reply: Query not found!
[2m2026-08-24T05:04:15.921043Z[0m [33m WARN[0m  rx-1 ThreadId(07) [2mzenoh::net::routing::dispatcher::queries[0m[2m:[0m Face{2, 40305f7b3f5b541aa0ec8ecbc8027690}:209 Route final reply: Query not found!
[2m2026-08-24T05:04:51.958834Z[0m [33m WARN[0m net-0 ThreadId(03) [2mzenoh::net::routing::dispatcher::queries[0m[2m:[0m Face{2, 40305f7b3f5b541aa0ec8ecbc8027690}:217 Didn't receive final reply for query Face{3, 240f29ad66ee40e520487c227ac61e9a}:217: Timeout(10s)!
[2m2026-08-24T05:04:51.958857Z[0m [33m WARN[0m  rx-1 ThreadId(07) [2mzenoh::net::routing::dispatcher::queries[0m[2m:[0m Face{2, 40305f7b3f5b541aa0ec8ecbc8027690}:217 Route final reply: Query not found!
[2m2026-08-24T05:05:03.149688Z[0m [33m WARN[0m net-0 ThreadId(03) [2mzenoh::net::routing::dispatcher::queries[0m[2m:[0m Face{2, 40305f7b3f5b541aa0ec8ecbc8027690}:235 Didn't receive final reply for query Face{3, 240f29ad66ee40e520487c227ac61e9a}:235: Timeout(10s)!
[2m2026-08-24T05:05:03.149732Z[0m [33m WARN[0m  rx-1 ThreadId(07) [2mzenoh::net::routing::dispatcher::queries[0m[2m:[0m Face{2, 40305f7b3f5b541aa0ec8ecbc8027690}:235 Route reply: Query not found!
[2m2026-08-24T05:05:03.149767Z[0m [33m WARN[0m  rx-1 ThreadId(07) [2mzenoh::net::routing::dispatcher::queries[0m[2m:[0m Face{2, 40305f7b3f5b541aa0ec8ecbc8027690}:235 Route final reply: Query not found!
[2m2026-08-24T05:05:21.014903Z[0m [33m WARN[0m net-0 ThreadId(03) [2mzenoh::net::routing::dispatcher::queries[0m[2m:[0m Face{2, 40305f7b3f5b541aa0ec8ecbc8027690}:246 Route reply: Query not found!
[2m2026-08-24T05:05:31.515778Z[0m [33m WARN[0m net-0 ThreadId(03) [2mzenoh::net::routing::dispatcher::queries[0m[2m:[0m Face{2, 40305f7b3f5b541aa0ec8ecbc8027690}:247 Route reply: Query not found!
[2m2026-08-24T05:05:42.016728Z[0m [33m WARN[0m net-0 ThreadId(03) [2mzenoh::net::routing::dispatcher::queries[0m[2m:[0m Face{2, 40305f7b3f5b541aa0ec8ecbc8027690}:248 Didn't receive final reply for query Face{3, 240f29ad66ee40e520487c227ac61e9a}:248: Timeout(10s)!
[2m2026-08-24T05:05:42.017260Z[0m [33m WARN[0m  rx-1 ThreadId(07) [2mzenoh::net::routing::dispatcher::queries[0m[2m:[0m Face{2, 40305f7b3f5b541aa0ec8ecbc8027690}:248 Route reply: Query not found!
[2m2026-08-24T05:05:42.017295Z[0m [33m WARN[0m  rx-1 ThreadId(07) [2mzenoh::net::routing::dispatcher::queries[0m[2m:[0m Face{2, 40305f7b3f5b541aa0ec8ecbc8027690}:248 Route final reply: Query not found!
[2m2026-08-24T05:05:54.099900Z[0m [33m WARN[0m net-0 ThreadId(03) [2mzenoh::net::routing::dispatcher::queries[0m[2m:[0m Face{2, 40305f7b3f5b541aa0ec8ecbc8027690}:252 Didn't receive final reply for query Face{3, 240f29ad66ee40e520487c227ac61e9a}:252: Timeout(10s)!
[2m2026-08-24T05:05:54.100399Z[0m [33m WARN[0m  rx-1 ThreadId(07) [2mzenoh::net::routing::dispatcher::queries[0m[2m:[0m Face{2, 40305f7b3f5b541aa0ec8ecbc8027690}:252 Route reply: Query not found!
[2m2026-08-24T05:05:54.100427Z[0m [33m WARN[0m  rx-1 ThreadId(07) [2mzenoh::net::routing::dispatcher::queries[0m[2m:[0m Face{2, 40305f7b3f5b541aa0ec8ecbc8027690}:252 Route final reply: Query not found!
[2m2026-08-24T05:06:15.744636Z[0m [33m WARN[0m net-0 ThreadId(03) [2mzenoh::net::routing::dispatcher::queries[0m[2m:[0m Face{2, 40305f7b3f5b541aa0ec8ecbc8027690}:337 Didn't receive final reply for query Face{3, 240f29ad66ee40e520487c227ac61e9a}:337: Timeout(10s)!
[2m2026-08-24T05:06:15.744741Z[0m [33m WARN[0m  rx-0 ThreadId(06) [2mzenoh::net::routing::dispatcher::queries[0m[2m:[0m Face{2, 40305f7b3f5b541aa0ec8ecbc8027690}:337 Route reply: Query not found!
[2m2026-08-24T05:06:15.744761Z[0m [33m WARN[0m  rx-0 ThreadId(06) [2mzenoh::net::routing::dispatcher::queries[0m[2m:[0m Face{2, 40305f7b3f5b541aa0ec8ecbc8027690}:337 Route final reply: Query not found!
[2m2026-08-24T05:06:32.665672Z[0m [33m WARN[0m net-0 ThreadId(03) [2mzenoh::net::routing::dispatcher::queries[0m[2m:[0m Face{2, 40305f7b3f5b541aa0ec8ecbc8027690}:344 Didn't receive final reply for query Face{3, 240f29ad66ee40e520487c227ac61e9a}:344: Timeout(10s)!
[2m2026-08-24T05:06:32.665794Z[0m [33m WARN[0m  rx-0 ThreadId(06) [2mzenoh::net::routing::dispatcher::queries[0m[2m:[0m Face{2, 40305f7b3f5b541aa0ec8ecbc8027690}:344 Route reply: Query not found!
[2m2026-08-24T05:06:32.665820Z[0m [33m WARN[0m  rx-0 ThreadId(06) [2mzenoh::net::routing::dispatcher::queries[0m[2m:[0m Face{2, 40305f7b3f5b541aa0ec8ecbc8027690}:344 Route final reply: Query not found!
[2m2026-08-24T05:06:48.044678Z[0m [33m WARN[0m net-0 ThreadId(03) [2mzenoh::net::routing::dispatcher::queries[0m[2m:[0m Face{2, 40305f7b3f5b541aa0ec8ecbc8027690}:348 Didn't receive final reply for query Face{3, 240f29ad66ee40e520487c227ac61e9a}:348: Timeout(10s)!
[2m2026-08-24T05:06:48.045505Z[0m [33m WARN[0m  rx-1 ThreadId(07) [2mzenoh::net::routing::dispatcher::queries[0m[2m:[0m Face{2, 40305f7b3f5b541aa0ec8ecbc8027690}:348 Route reply: Query not found!
[2m2026-08-24T05:06:48.045538Z[0m [33m WARN[0m  rx-1 ThreadId(07) [2mzenoh::net::routing::dispatcher::queries[0m[2m:[0m Face{2, 40305f7b3f5b541aa0ec8ecbc8027690}:348 Route final reply: Query not found!
[2m2026-08-24T05:07:03.698656Z[0m [33m WARN[0m net-0 ThreadId(03) [2mzenoh::net::routing::dispatcher::queries[0m[2m:[0m Face{2, 40305f7b3f5b541aa0ec8ecbc8027690}:352 Didn't receive final reply for query Face{3, 240f29ad66ee40e520487c227ac61e9a}:352: Timeout(10s)!
[2m2026-08-24T05:07:03.700432Z[0m [33m WARN[0m  rx-1 ThreadId(07) [2mzenoh::net::routing::dispatcher::queries[0m[2m:[0m Face{2, 40305f7b3f5b541aa0ec8ecbc8027690}:352 Route reply: Query not found!
[2m2026-08-24T05:07:03.700479Z[0m [33m WARN[0m  rx-1 ThreadId(07) [2mzenoh::net::routing::dispatcher::queries[0m[2m:[0m Face{2, 40305f7b3f5b541aa0ec8ecbc8027690}:352 Route final reply: Query not found!
[2m2026-08-24T05:07:23.468013Z[0m [33m WARN[0m net-0 ThreadId(03) [2mzenoh::net::routing::dispatcher::queries[0m[2m:[0m Face{2, 40305f7b3f5b541aa0ec8ecbc8027690}:360 Didn't receive final reply for query Face{3, 240f29ad66ee40e520487c227ac61e9a}:360: Timeout(10s)!
[2m2026-08-24T05:07:23.468195Z[0m [33m WARN[0m  rx-1 ThreadId(07) [2mzenoh::net::routing::dispatcher::queries[0m[2m:[0m Face{2, 40305f7b3f5b541aa0ec8ecbc8027690}:360 Route reply: Query not found!
[2m2026-08-24T05:07:23.468234Z[0m [33m WARN[0m  rx-1 ThreadId(07) [2mzenoh::net::routing::dispatcher::queries[0m[2m:[0m Face{2, 40305f7b3f5b541aa0ec8ecbc8027690}:360 Route final reply: Query not found!
[2m2026-08-24T05:07:23.958500Z[0m [33m WARN[0m net-0 ThreadId(03) [2mzenoh::net::routing::dispatcher::queries[0m[2m:[0m Face{2, 40305f7b3f5b541aa0ec8ecbc8027690}:363 Route reply: Query not found!
[2m2026-08-24T05:07:41.930681Z[0m [33m WARN[0m net-0 ThreadId(03) [2mzenoh::net::routing::dispatcher::queries[0m[2m:[0m Face{2, 40305f7b3f5b541aa0ec8ecbc8027690}:368 Didn't receive final reply for query Face{3, 240f29ad66ee40e520487c227ac61e9a}:368: Timeout(10s)!
[2m2026-08-24T05:07:41.930808Z[0m [33m WARN[0m  rx-0 ThreadId(06) [2mzenoh::net::routing::dispatcher::queries[0m[2m:[0m Face{2, 40305f7b3f5b541aa0ec8ecbc8027690}:368 Route reply: Query not found!
[2m2026-08-24T05:07:41.930833Z[0m [33m WARN[0m  rx-0 ThreadId(06) [2mzenoh::net::routing::dispatcher::queries[0m[2m:[0m Face{2, 40305f7b3f5b541aa0ec8ecbc8027690}:368 Route final reply: Query not found!
[2m2026-08-24T05:07:42.346216Z[0m [33m WARN[0m net-0 ThreadId(03) [2mzenoh::net::routing::dispatcher::queries[0m[2m:[0m Face{2, 40305f7b3f5b541aa0ec8ecbc8027690}:371 Didn't receive final reply for query Face{3, 240f29ad66ee40e520487c227ac61e9a}:371: Timeout(10s)!
[2m2026-08-24T05:07:42.346311Z[0m [33m WARN[0m  rx-1 ThreadId(07) [2mzenoh::net::routing::dispatcher::queries[0m[2m:[0m Face{2, 40305f7b3f5b541aa0ec8ecbc8027690}:371 Route reply: Query not found!
[2m2026-08-24T05:07:42.346335Z[0m [33m WARN[0m  rx-1 ThreadId(07) [2mzenoh::net::routing::dispatcher::queries[0m[2m:[0m Face{2, 40305f7b3f5b541aa0ec8ecbc8027690}:371 Route final reply: Query not found!
[2m2026-08-24T05:07:52.845684Z[0m [33m WARN[0m net-0 ThreadId(03) [2mzenoh::net::routing::dispatcher::queries[0m[2m:[0m Face{2, 40305f7b3f5b541aa0ec8ecbc8027690}:373 Didn't receive final reply for query Face{3, 240f29ad66ee40e520487c227ac61e9a}:373: Timeout(10s)!
[2m2026-08-24T05:07:52.845733Z[0m [33m WARN[0m  rx-0 ThreadId(06) [2mzenoh::net::routing::dispatcher::queries[0m[2m:[0m Face{2, 40305f7b3f5b541aa0ec8ecbc8027690}:373 Route reply: Query not found!
[2m2026-08-24T05:07:52.845755Z[0m [33m WARN[0m  rx-0 ThreadId(06) [2mzenoh::net::routing::dispatcher::queries[0m[2m:[0m Face{2, 40305f7b3f5b541aa0ec8ecbc8027690}:373 Route final reply: Query not found!
[2m2026-08-24T05:08:00.017877Z[0m [33m WARN[0m net-0 ThreadId(03) [2mzenoh::net::routing::dispatcher::queries[0m[2m:[0m Face{2, 40305f7b3f5b541aa0ec8ecbc8027690}:376 Didn't receive final reply for query Face{3, 240f29ad66ee40e520487c227ac61e9a}:376: Timeout(10s)!
[2m2026-08-24T05:08:00.018088Z[0m [33m WARN[0m  rx-0 ThreadId(06) [2mzenoh::net::routing::dispatcher::queries[0m[2m:[0m Face{2, 40305f7b3f5b541aa0ec8ecbc8027690}:376 Route reply: Query not found!
[2m2026-08-24T05:08:00.018242Z[0m [33m WARN[0m  rx-0 ThreadId(06) [2mzenoh::net::routing::dispatcher::queries[0m[2m:[0m Face{2, 40305f7b3f5b541aa0ec8ecbc8027690}:376 Route final reply: Query not found!
[2m2026-08-24T05:08:07.651682Z[0m [33m WARN[0m net-0 ThreadId(03) [2mzenoh::net::routing::dispatcher::queries[0m[2m:[0m Face{2, 40305f7b3f5b541aa0ec8ecbc8027690}:380 Didn't receive final reply for query Face{3, 240f29ad66ee40e520487c227ac61e9a}:380: Timeout(10s)!
[2m2026-08-24T05:08:07.651883Z[0m [33m WARN[0m  rx-1 ThreadId(07) [2mzenoh::net::routing::dispatcher::queries[0m[2m:[0m Face{2, 40305f7b3f5b541aa0ec8ecbc8027690}:380 Route reply: Query not found!
[2m2026-08-24T05:08:07.652100Z[0m [33m WARN[0m  rx-1 ThreadId(07) [2mzenoh::net::routing::dispatcher::queries[0m[2m:[0m Face{2, 40305f7b3f5b541aa0ec8ecbc8027690}:380 Route final reply: Query not found!
[2m2026-08-24T05:08:17.984728Z[0m [33m WARN[0m net-0 ThreadId(03) [2mzenoh::net::routing::dispatcher::queries[0m[2m:[0m Face{2, 40305f7b3f5b541aa0ec8ecbc8027690}:384 Didn't receive final reply for query Face{3, 240f29ad66ee40e520487c227ac61e9a}:384: Timeout(10s)!
[2m2026-08-24T05:08:17.985473Z[0m [33m WARN[0m  rx-0 ThreadId(06) [2mzenoh::net::routing::dispatcher::queries[0m[2m:[0m Face{2, 40305f7b3f5b541aa0ec8ecbc8027690}:384 Route reply: Query not found!
[2m2026-08-24T05:08:17.985487Z[0m [33m WARN[0m  rx-0 ThreadId(06) [2mzenoh::net::routing::dispatcher::queries[0m[2m:[0m Face{2, 40305f7b3f5b541aa0ec8ecbc8027690}:384 Route final reply: Query not found!
[2m2026-08-24T05:08:30.519658Z[0m [33m WARN[0m net-0 ThreadId(03) [2mzenoh::net::routing::dispatcher::queries[0m[2m:[0m Face{2, 40305f7b3f5b541aa0ec8ecbc8027690}:438 Didn't receive final reply for query Face{3, 240f29ad66ee40e520487c227ac61e9a}:438: Timeout(10s)!
[2m2026-08-24T05:08:30.521585Z[0m [33m WARN[0m  rx-1 ThreadId(07) [2mzenoh::net::routing::dispatcher::queries[0m[2m:[0m Face{2, 40305f7b3f5b541aa0ec8ecbc8027690}:438 Route reply: Query not found!
[2m2026-08-24T05:08:30.521610Z[0m [33m WARN[0m  rx-1 ThreadId(07) [2mzenoh::net::routing::dispatcher::queries[0m[2m:[0m Face{2, 40305f7b3f5b541aa0ec8ecbc8027690}:438 Route final reply: Query not found!
[2m2026-08-24T05:08:32.652738Z[0m [33m WARN[0m net-0 ThreadId(03) [2mzenoh::net::routing::dispatcher::queries[0m[2m:[0m Face{2, 40305f7b3f5b541aa0ec8ecbc8027690}:441 Didn't receive final reply for query Face{3, 240f29ad66ee40e520487c227ac61e9a}:441: Timeout(10s)!
[2m2026-08-24T05:08:32.652750Z[0m [33m WARN[0m  rx-1 ThreadId(07) [2mzenoh::net::routing::dispatcher::queries[0m[2m:[0m Face{2, 40305f7b3f5b541aa0ec8ecbc8027690}:441 Route final reply: Query not found!
[2m2026-08-24T05:08:51.034670Z[0m [33m WARN[0m net-0 ThreadId(03) [2mzenoh::net::routing::dispatcher::queries[0m[2m:[0m Face{2, 40305f7b3f5b541aa0ec8ecbc8027690}:446 Didn't receive final reply for query Face{3, 240f29ad66ee40e520487c227ac61e9a}:446: Timeout(10s)!
[2m2026-08-24T05:08:51.035878Z[0m [33m WARN[0m  rx-0 ThreadId(06) [2mzenoh::net::routing::dispatcher::queries[0m[2m:[0m Face{2, 40305f7b3f5b541aa0ec8ecbc8027690}:446 Route reply: Query not found!
[2m2026-08-24T05:08:51.035901Z[0m [33m WARN[0m  rx-0 ThreadId(06) [2mzenoh::net::routing::dispatcher::queries[0m[2m:[0m Face{2, 40305f7b3f5b541aa0ec8ecbc8027690}:446 Route final reply: Query not found!
[2m2026-08-24T05:09:08.978024Z[0m [33m WARN[0m net-0 ThreadId(03) [2mzenoh::net::routing::dispatcher::queries[0m[2m:[0m Face{2, 40305f7b3f5b541aa0ec8ecbc8027690}:450 Route reply: Query not found!
[2m2026-08-24T05:09:26.953665Z[0m [33m WARN[0m net-0 ThreadId(03) [2mzenoh::net::routing::dispatcher::queries[0m[2m:[0m Face{2, 40305f7b3f5b541aa0ec8ecbc8027690}:454 Didn't receive final reply for query Face{3, 240f29ad66ee40e520487c227ac61e9a}:454: Timeout(10s)!
[2m2026-08-24T05:09:26.953738Z[0m [33m WARN[0m  rx-1 ThreadId(07) [2mzenoh::net::routing::dispatcher::queries[0m[2m:[0m Face{2, 40305f7b3f5b541aa0ec8ecbc8027690}:454 Route reply: Query not found!
[2m2026-08-24T05:09:26.953763Z[0m [33m WARN[0m  rx-1 ThreadId(07) [2mzenoh::net::routing::dispatcher::queries[0m[2m:[0m Face{2, 40305f7b3f5b541aa0ec8ecbc8027690}:454 Route final reply: Query not found!
[2m2026-08-24T05:09:44.933749Z[0m [33m WARN[0m net-0 ThreadId(03) [2mzenoh::net::routing::dispatcher::queries[0m[2m:[0m Face{2, 40305f7b3f5b541aa0ec8ecbc8027690}:458 Didn't receive final reply for query Face{3, 240f29ad66ee40e520487c227ac61e9a}:458: Timeout(10s)!
[2m2026-08-24T05:09:44.933784Z[0m [33m WARN[0m  rx-0 ThreadId(06) [2mzenoh::net::routing::dispatcher::queries[0m[2m:[0m Face{2, 40305f7b3f5b541aa0ec8ecbc8027690}:458 Route reply: Query not found!
[2m2026-08-24T05:09:44.933806Z[0m [33m WARN[0m  rx-0 ThreadId(06) [2mzenoh::net::routing::dispatcher::queries[0m[2m:[0m Face{2, 40305f7b3f5b541aa0ec8ecbc8027690}:458 Route final reply: Query not found!
[2m2026-08-24T05:10:03.008999Z[0m [33m WARN[0m net-0 ThreadId(03) [2mzenoh::net::routing::dispatcher::queries[0m[2m:[0m Face{2, 40305f7b3f5b541aa0ec8ecbc8027690}:462 Didn't receive final reply for query Face{3, 240f29ad66ee40e520487c227ac61e9a}:462: Timeout(10s)!
[2m2026-08-24T05:10:03.009731Z[0m [33m WARN[0m  rx-1 ThreadId(07) [2mzenoh::net::routing::dispatcher::queries[0m[2m:[0m Face{2, 40305f7b3f5b541aa0ec8ecbc8027690}:462 Route reply: Query not found!
[2m2026-08-24T05:10:03.009759Z[0m [33m WARN[0m  rx-1 ThreadId(07) [2mzenoh::net::routing::dispatcher::queries[0m[2m:[0m Face{2, 40305f7b3f5b541aa0ec8ecbc8027690}:462 Route final reply: Query not found!
[2m2026-08-24T05:10:20.982677Z[0m [33m WARN[0m net-0 ThreadId(03) [2mzenoh::net::routing::dispatcher::queries[0m[2m:[0m Face{2, 40305f7b3f5b541aa0ec8ecbc8027690}:473 Didn't receive final reply for query Face{3, 240f29ad66ee40e520487c227ac61e9a}:473: Timeout(10s)!
[2m2026-08-24T05:10:20.984442Z[0m [33m WARN[0m  rx-0 ThreadId(06) [2mzenoh::net::routing::dispatcher::queries[0m[2m:[0m Face{2, 40305f7b3f5b541aa0ec8ecbc8027690}:473 Route reply: Query not found!
[2m2026-08-24T05:10:20.984468Z[0m [33m WARN[0m  rx-0 ThreadId(06) [2mzenoh::net::routing::dispatcher::queries[0m[2m:[0m Face{2, 40305f7b3f5b541aa0ec8ecbc8027690}:473 Route final reply: Query not found!
[2m2026-08-24T05:10:33.233678Z[0m [33m WARN[0m net-0 ThreadId(03) [2mzenoh::net::routing::dispatcher::queries[0m[2m:[0m Face{2, 40305f7b3f5b541aa0ec8ecbc8027690}:477 Didn't receive final reply for query Face{3, 240f29ad66ee40e520487c227ac61e9a}:477: Timeout(10s)!
[2m2026-08-24T05:10:33.234429Z[0m [33m WARN[0m  rx-1 ThreadId(07) [2mzenoh::net::routing::dispatcher::queries[0m[2m:[0m Face{2, 40305f7b3f5b541aa0ec8ecbc8027690}:477 Route reply: Query not found!
[2m2026-08-24T05:10:33.234459Z[0m [33m WARN[0m  rx-1 ThreadId(07) [2mzenoh::net::routing::dispatcher::queries[0m[2m:[0m Face{2, 40305f7b3f5b541aa0ec8ecbc8027690}:477 Route final reply: Query not found!
[2m2026-08-24T05:10:47.989727Z[0m [33m WARN[0m net-0 ThreadId(03) [2mzenoh::net::routing::dispatcher::queries[0m[2m:[0m Face{2, 40305f7b3f5b541aa0ec8ecbc8027690}:481 Didn't receive final reply for query Face{3, 240f29ad66ee40e520487c227ac61e9a}:481: Timeout(10s)!
[2m2026-08-24T05:10:47.990015Z[0m [33m WARN[0m  rx-1 ThreadId(07) [2mzenoh::net::routing::dispatcher::queries[0m[2m:[0m Face{2, 40305f7b3f5b541aa0ec8ecbc8027690}:481 Route reply: Query not found!
[2m2026-08-24T05:10:47.990229Z[0m [33m WARN[0m  rx-1 ThreadId(07) [2mzenoh::net::routing::dispatcher::queries[0m[2m:[0m Face{2, 40305f7b3f5b541aa0ec8ecbc8027690}:481 Route final reply: Query not found!
[2m2026-08-24T05:10:58.491672Z[0m [33m WARN[0m net-0 ThreadId(03) [2mzenoh::net::routing::dispatcher::queries[0m[2m:[0m Face{2, 40305f7b3f5b541aa0ec8ecbc8027690}:482 Didn't receive final reply for query Face{3, 240f29ad66ee40e520487c227ac61e9a}:482: Timeout(10s)!
[2m2026-08-24T05:10:58.491775Z[0m [33m WARN[0m  rx-0 ThreadId(06) [2mzenoh::net::routing::dispatcher::queries[0m[2m:[0m Face{2, 40305f7b3f5b541aa0ec8ecbc8027690}:482 Route reply: Query not found!
[2m2026-08-24T05:10:58.491807Z[0m [33m WARN[0m  rx-0 ThreadId(06) [2mzenoh::net::routing::dispatcher::queries[0m[2m:[0m Face{2, 40305f7b3f5b541aa0ec8ecbc8027690}:482 Route final reply: Query not found!
[2m2026-08-24T05:11:11.472740Z[0m [33m WARN[0m net-0 ThreadId(03) [2mzenoh::net::routing::dispatcher::queries[0m[2m:[0m Face{2, 40305f7b3f5b541aa0ec8ecbc8027690}:486 Didn't receive final reply for query Face{3, 240f29ad66ee40e520487c227ac61e9a}:486: Timeout(10s)!
[2m2026-08-24T05:11:11.472761Z[0m [33m WARN[0m  rx-0 ThreadId(06) [2mzenoh::net::routing::dispatcher::queries[0m[2m:[0m Face{2, 40305f7b3f5b541aa0ec8ecbc8027690}:486 Route final reply: Query not found!
[2m2026-08-24T05:11:11.566957Z[0m [33m WARN[0m net-0 ThreadId(03) [2mzenoh::net::routing::dispatcher::queries[0m[2m:[0m Face{2, 40305f7b3f5b541aa0ec8ecbc8027690}:488 Didn't receive final reply for query Face{3, 240f29ad66ee40e520487c227ac61e9a}:488: Timeout(10s)!
[2m2026-08-24T05:11:11.566971Z[0m [33m WARN[0m  rx-1 ThreadId(07) [2mzenoh::net::routing::dispatcher::queries[0m[2m:[0m Face{2, 40305f7b3f5b541aa0ec8ecbc8027690}:488 Route reply: Query not found!
[2m2026-08-24T05:11:11.567012Z[0m [33m WARN[0m  rx-1 ThreadId(07) [2mzenoh::net::routing::dispatcher::queries[0m[2m:[0m Face{2, 40305f7b3f5b541aa0ec8ecbc8027690}:488 Route final reply: Query not found!
[2m2026-08-24T05:11:28.940681Z[0m [33m WARN[0m net-0 ThreadId(03) [2mzenoh::net::routing::dispatcher::queries[0m[2m:[0m Face{2, 40305f7b3f5b541aa0ec8ecbc8027690}:493 Didn't receive final reply for query Face{3, 240f29ad66ee40e520487c227ac61e9a}:493: Timeout(10s)!
[2m2026-08-24T05:11:28.941310Z[0m [33m WARN[0m  rx-1 ThreadId(07) [2mzenoh::net::routing::dispatcher::queries[0m[2m:[0m Face{2, 40305f7b3f5b541aa0ec8ecbc8027690}:493 Route reply: Query not found!
[2m2026-08-24T05:11:28.941325Z[0m [33m WARN[0m  rx-1 ThreadId(07) [2mzenoh::net::routing::dispatcher::queries[0m[2m:[0m Face{2, 40305f7b3f5b541aa0ec8ecbc8027690}:493 Route final reply: Query not found!
[2m2026-08-24T05:11:47.045673Z[0m [33m WARN[0m net-0 ThreadId(03) [2mzenoh::net::routing::dispatcher::queries[0m[2m:[0m Face{2, 40305f7b3f5b541aa0ec8ecbc8027690}:503 Didn't receive final reply for query Face{3, 240f29ad66ee40e520487c227ac61e9a}:503: Timeout(10s)!
[2m2026-08-24T05:11:47.046415Z[0m [33m WARN[0m  rx-0 ThreadId(06) [2mzenoh::net::routing::dispatcher::queries[0m[2m:[0m Face{2, 40305f7b3f5b541aa0ec8ecbc8027690}:503 Route reply: Query not found!
[2m2026-08-24T05:11:47.046796Z[0m [33m WARN[0m  rx-1 ThreadId(07) [2mzenoh::net::routing::dispatcher::queries[0m[2m:[0m Face{2, 40305f7b3f5b541aa0ec8ecbc8027690}:503 Route final reply: Query not found!
[2m2026-08-24T05:11:57.547797Z[0m [33m WARN[0m net-0 ThreadId(03) [2mzenoh::net::routing::dispatcher::queries[0m[2m:[0m Face{2, 40305f7b3f5b541aa0ec8ecbc8027690}:504 Didn't receive final reply for query Face{3, 240f29ad66ee40e520487c227ac61e9a}:504: Timeout(10s)!
[2m2026-08-24T05:11:57.547872Z[0m [33m WARN[0m  rx-0 ThreadId(06) [2mzenoh::net::routing::dispatcher::queries[0m[2m:[0m Face{2, 40305f7b3f5b541aa0ec8ecbc8027690}:504 Route reply: Query not found!
[2m2026-08-24T05:11:57.548219Z[0m [33m WARN[0m  rx-1 ThreadId(07) [2mzenoh::net::routing::dispatcher::queries[0m[2m:[0m Face{2, 40305f7b3f5b541aa0ec8ecbc8027690}:504 Route final reply: Query not found!
[2m2026-08-24T05:12:09.003711Z[0m [33m WARN[0m net-0 ThreadId(03) [2mzenoh::net::routing::dispatcher::queries[0m[2m:[0m Face{2, 40305f7b3f5b541aa0ec8ecbc8027690}:508 Didn't receive final reply for query Face{3, 240f29ad66ee40e520487c227ac61e9a}:508: Timeout(10s)!
[2m2026-08-24T05:12:09.003857Z[0m [33m WARN[0m  rx-0 ThreadId(06) [2mzenoh::net::routing::dispatcher::queries[0m[2m:[0m Face{2, 40305f7b3f5b541aa0ec8ecbc8027690}:508 Route reply: Query not found!
[2m2026-08-24T05:12:09.003901Z[0m [33m WARN[0m  rx-0 ThreadId(06) [2mzenoh::net::routing::dispatcher::queries[0m[2m:[0m Face{2, 40305f7b3f5b541aa0ec8ecbc8027690}:508 Route final reply: Query not found!
[2m2026-08-24T05:12:19.504704Z[0m [33m WARN[0m net-0 ThreadId(03) [2mzenoh::net::routing::dispatcher::queries[0m[2m:[0m Face{2, 40305f7b3f5b541aa0ec8ecbc8027690}:509 Didn't receive final reply for query Face{3, 240f29ad66ee40e520487c227ac61e9a}:509: Timeout(10s)!
[2m2026-08-24T05:12:19.505223Z[0m [33m WARN[0m  rx-1 ThreadId(07) [2mzenoh::net::routing::dispatcher::queries[0m[2m:[0m Face{2, 40305f7b3f5b541aa0ec8ecbc8027690}:509 Route reply: Query not found!
[2m2026-08-24T05:12:19.505239Z[0m [33m WARN[0m  rx-1 ThreadId(07) [2mzenoh::net::routing::dispatcher::queries[0m[2m:[0m Face{2, 40305f7b3f5b541aa0ec8ecbc8027690}:509 Route final reply: Query not found!
[2m2026-08-24T05:12:30.907193Z[0m [33m WARN[0m net-0 ThreadId(03) [2mzenoh::net::routing::dispatcher::queries[0m[2m:[0m Face{2, 40305f7b3f5b541aa0ec8ecbc8027690}:515 Didn't receive final reply for query Face{3, 240f29ad66ee40e520487c227ac61e9a}:515: Timeout(10s)!
[2m2026-08-24T05:12:30.907902Z[0m [33m WARN[0m  rx-0 ThreadId(06) [2mzenoh::net::routing::dispatcher::queries[0m[2m:[0m Face{2, 40305f7b3f5b541aa0ec8ecbc8027690}:515 Route reply: Query not found!
[2m2026-08-24T05:12:30.907936Z[0m [33m WARN[0m  rx-0 ThreadId(06) [2mzenoh::net::routing::dispatcher::queries[0m[2m:[0m Face{2, 40305f7b3f5b541aa0ec8ecbc8027690}:515 Route final reply: Query not found!
[2m2026-08-24T05:12:30.917042Z[0m [33m WARN[0m net-0 ThreadId(03) [2mzenoh::net::routing::dispatcher::queries[0m[2m:[0m Face{2, 40305f7b3f5b541aa0ec8ecbc8027690}:516 Route reply: Query not found!
[2m2026-08-24T05:12:41.408717Z[0m [33m WARN[0m net-0 ThreadId(03) [2mzenoh::net::routing::dispatcher::queries[0m[2m:[0m Face{2, 40305f7b3f5b541aa0ec8ecbc8027690}:517 Didn't receive final reply for query Face{3, 240f29ad66ee40e520487c227ac61e9a}:517: Timeout(10s)!
[2m2026-08-24T05:12:41.408771Z[0m [33m WARN[0m  rx-1 ThreadId(07) [2mzenoh::net::routing::dispatcher::queries[0m[2m:[0m Face{2, 40305f7b3f5b541aa0ec8ecbc8027690}:517 Route reply: Query not found!
[2m2026-08-24T05:12:41.408792Z[0m [33m WARN[0m  rx-1 ThreadId(07) [2mzenoh::net::routing::dispatcher::queries[0m[2m:[0m Face{2, 40305f7b3f5b541aa0ec8ecbc8027690}:517 Route final reply: Query not found!
[2m2026-08-24T05:12:57.166704Z[0m [33m WARN[0m net-0 ThreadId(03) [2mzenoh::net::routing::dispatcher::queries[0m[2m:[0m Face{2, 40305f7b3f5b541aa0ec8ecbc8027690}:522 Didn't receive final reply for query Face{3, 240f29ad66ee40e520487c227ac61e9a}:522: Timeout(10s)!
[2m2026-08-24T05:12:57.166782Z[0m [33m WARN[0m  rx-0 ThreadId(06) [2mzenoh::net::routing::dispatcher::queries[0m[2m:[0m Face{2, 40305f7b3f5b541aa0ec8ecbc8027690}:522 Route reply: Query not found!
[2m2026-08-24T05:12:57.166811Z[0m [33m WARN[0m  rx-0 ThreadId(06) [2mzenoh::net::routing::dispatcher::queries[0m[2m:[0m Face{2, 40305f7b3f5b541aa0ec8ecbc8027690}:522 Route final reply: Query not found!
[2m2026-08-24T05:12:58.068709Z[0m [33m WARN[0m net-0 ThreadId(03) [2mzenoh::net::routing::dispatcher::queries[0m[2m:[0m Face{2, 40305f7b3f5b541aa0ec8ecbc8027690}:525 Didn't receive final reply for query Face{3, 240f29ad66ee40e520487c227ac61e9a}:525: Timeout(10s)!
[2m2026-08-24T05:12:58.069863Z[0m [33m WARN[0m  rx-0 ThreadId(06) [2mzenoh::net::routing::dispatcher::queries[0m[2m:[0m Face{2, 40305f7b3f5b541aa0ec8ecbc8027690}:525 Route reply: Query not found!
[2m2026-08-24T05:12:58.069976Z[0m [33m WARN[0m  rx-1 ThreadId(07) [2mzenoh::net::routing::dispatcher::queries[0m[2m:[0m Face{2, 40305f7b3f5b541aa0ec8ecbc8027690}:525 Route final reply: Query not found!
[2m2026-08-24T05:13:08.569779Z[0m [33m WARN[0m net-0 ThreadId(03) [2mzenoh::net::routing::dispatcher::queries[0m[2m:[0m Face{2, 40305f7b3f5b541aa0ec8ecbc8027690}:527 Didn't receive final reply for query Face{3, 240f29ad66ee40e520487c227ac61e9a}:527: Timeout(10s)!
[2m2026-08-24T05:13:08.571917Z[0m [33m WARN[0m  rx-1 ThreadId(07) [2mzenoh::net::routing::dispatcher::queries[0m[2m:[0m Face{2, 40305f7b3f5b541aa0ec8ecbc8027690}:527 Route reply: Query not found!
[2m2026-08-24T05:13:08.571949Z[0m [33m WARN[0m  rx-1 ThreadId(07) [2mzenoh::net::routing::dispatcher::queries[0m[2m:[0m Face{2, 40305f7b3f5b541aa0ec8ecbc8027690}:527 Route final reply: Query not found!
[2m2026-08-24T05:13:14.933673Z[0m [33m WARN[0m net-0 ThreadId(03) [2mzenoh::net::routing::dispatcher::queries[0m[2m:[0m Face{2, 40305f7b3f5b541aa0ec8ecbc8027690}:530 Didn't receive final reply for query Face{3, 240f29ad66ee40e520487c227ac61e9a}:530: Timeout(10s)!
[2m2026-08-24T05:13:14.933726Z[0m [33m WARN[0m  rx-1 ThreadId(07) [2mzenoh::net::routing::dispatcher::queries[0m[2m:[0m Face{2, 40305f7b3f5b541aa0ec8ecbc8027690}:530 Route reply: Query not found!
[2m2026-08-24T05:13:14.933755Z[0m [33m WARN[0m  rx-1 ThreadId(07) [2mzenoh::net::routing::dispatcher::queries[0m[2m:[0m Face{2, 40305f7b3f5b541aa0ec8ecbc8027690}:530 Route final reply: Query not found!
[2m2026-08-24T05:13:32.898682Z[0m [33m WARN[0m net-0 ThreadId(03) [2mzenoh::net::routing::dispatcher::queries[0m[2m:[0m Face{2, 40305f7b3f5b541aa0ec8ecbc8027690}:541 Didn't receive final reply for query Face{3, 240f29ad66ee40e520487c227ac61e9a}:541: Timeout(10s)!
[2m2026-08-24T05:13:32.900463Z[0m [33m WARN[0m  rx-0 ThreadId(06) [2mzenoh::net::routing::dispatcher::queries[0m[2m:[0m Face{2, 40305f7b3f5b541aa0ec8ecbc8027690}:541 Route reply: Query not found!
[2m2026-08-24T05:13:32.900543Z[0m [33m WARN[0m  rx-0 ThreadId(06) [2mzenoh::net::routing::dispatcher::queries[0m[2m:[0m Face{2, 40305f7b3f5b541aa0ec8ecbc8027690}:541 Route final reply: Query not found!
[2m2026-08-24T05:14:06.560681Z[0m [33m WARN[0m net-0 ThreadId(03) [2mzenoh::net::routing::dispatcher::queries[0m[2m:[0m Face{2, 40305f7b3f5b541aa0ec8ecbc8027690}:571 Didn't receive final reply for query Face{3, 240f29ad66ee40e520487c227ac61e9a}:571: Timeout(10s)!
[2m2026-08-24T05:14:06.560702Z[0m [33m WARN[0m  rx-1 ThreadId(07) [2mzenoh::net::routing::dispatcher::queries[0m[2m:[0m Face{2, 40305f7b3f5b541aa0ec8ecbc8027690}:571 Route reply: Query not found!
[2m2026-08-24T05:14:06.560750Z[0m [33m WARN[0m  rx-1 ThreadId(07) [2mzenoh::net::routing::dispatcher::queries[0m[2m:[0m Face{2, 40305f7b3f5b541aa0ec8ecbc8027690}:571 Route final reply: Query not found!
[2m2026-08-24T05:14:23.410752Z[0m [33m WARN[0m net-0 ThreadId(03) [2mzenoh::net::routing::dispatcher::queries[0m[2m:[0m Face{2, 40305f7b3f5b541aa0ec8ecbc8027690}:574 Didn't receive final reply for query Face{3, 240f29ad66ee40e520487c227ac61e9a}:574: Timeout(10s)!
[2m2026-08-24T05:14:23.410932Z[0m [33m WARN[0m  rx-0 ThreadId(06) [2mzenoh::net::routing::dispatcher::queries[0m[2m:[0m Face{2, 40305f7b3f5b541aa0ec8ecbc8027690}:574 Route reply: Query not found!
[2m2026-08-24T05:14:23.410952Z[0m [33m WARN[0m  rx-0 ThreadId(06) [2mzenoh::net::routing::dispatcher::queries[0m[2m:[0m Face{2, 40305f7b3f5b541aa0ec8ecbc8027690}:574 Route final reply: Query not found!
[2m2026-08-24T05:14:40.965695Z[0m [33m WARN[0m net-0 ThreadId(03) [2mzenoh::net::routing::dispatcher::queries[0m[2m:[0m Face{2, 40305f7b3f5b541aa0ec8ecbc8027690}:578 Didn't receive final reply for query Face{3, 240f29ad66ee40e520487c227ac61e9a}:578: Timeout(10s)!
[2m2026-08-24T05:14:40.965731Z[0m [33m WARN[0m  rx-0 ThreadId(06) [2mzenoh::net::routing::dispatcher::queries[0m[2m:[0m Face{2, 40305f7b3f5b541aa0ec8ecbc8027690}:578 Route reply: Query not found!
[2m2026-08-24T05:14:40.965758Z[0m [33m WARN[0m  rx-0 ThreadId(06) [2mzenoh::net::routing::dispatcher::queries[0m[2m:[0m Face{2, 40305f7b3f5b541aa0ec8ecbc8027690}:578 Route final reply: Query not found!
[2m2026-08-24T05:14:58.936687Z[0m [33m WARN[0m net-0 ThreadId(03) [2mzenoh::net::routing::dispatcher::queries[0m[2m:[0m Face{2, 40305f7b3f5b541aa0ec8ecbc8027690}:582 Didn't receive final reply for query Face{3, 240f29ad66ee40e520487c227ac61e9a}:582: Timeout(10s)!
[2m2026-08-24T05:14:58.936971Z[0m [33m WARN[0m  rx-1 ThreadId(07) [2mzenoh::net::routing::dispatcher::queries[0m[2m:[0m Face{2, 40305f7b3f5b541aa0ec8ecbc8027690}:582 Route reply: Query not found!
[2m2026-08-24T05:14:58.936999Z[0m [33m WARN[0m  rx-1 ThreadId(07) [2mzenoh::net::routing::dispatcher::queries[0m[2m:[0m Face{2, 40305f7b3f5b541aa0ec8ecbc8027690}:582 Route final reply: Query not found!
[2m2026-08-24T05:15:13.102891Z[0m [33m WARN[0m net-0 ThreadId(03) [2mzenoh::net::routing::dispatcher::queries[0m[2m:[0m Face{2, 40305f7b3f5b541aa0ec8ecbc8027690}:586 Didn't receive final reply for query Face{3, 240f29ad66ee40e520487c227ac61e9a}:586: Timeout(10s)!
[2m2026-08-24T05:15:13.103002Z[0m [33m WARN[0m  rx-0 ThreadId(06) [2mzenoh::net::routing::dispatcher::queries[0m[2m:[0m Face{2, 40305f7b3f5b541aa0ec8ecbc8027690}:586 Route reply: Query not found!
[2m2026-08-24T05:15:13.103016Z[0m [33m WARN[0m  rx-0 ThreadId(06) [2mzenoh::net::routing::dispatcher::queries[0m[2m:[0m Face{2, 40305f7b3f5b541aa0ec8ecbc8027690}:586 Route final reply: Query not found!
[2m2026-08-24T05:15:23.604630Z[0m [33m WARN[0m net-0 ThreadId(03) [2mzenoh::net::routing::dispatcher::queries[0m[2m:[0m Face{2, 40305f7b3f5b541aa0ec8ecbc8027690}:588 Didn't receive final reply for query Face{3, 240f29ad66ee40e520487c227ac61e9a}:588: Timeout(10s)!
[2m2026-08-24T05:15:23.605965Z[0m [33m WARN[0m  rx-0 ThreadId(06) [2mzenoh::net::routing::dispatcher::queries[0m[2m:[0m Face{2, 40305f7b3f5b541aa0ec8ecbc8027690}:588 Route reply: Query not found!
[2m2026-08-24T05:15:23.605985Z[0m [33m WARN[0m  rx-0 ThreadId(06) [2mzenoh::net::routing::dispatcher::queries[0m[2m:[0m Face{2, 40305f7b3f5b541aa0ec8ecbc8027690}:588 Route final reply: Query not found!
[2m2026-08-24T05:15:35.079028Z[0m [33m WARN[0m net-0 ThreadId(03) [2mzenoh::net::routing::dispatcher::queries[0m[2m:[0m Face{2, 40305f7b3f5b541aa0ec8ecbc8027690}:591 Didn't receive final reply for query Face{3, 240f29ad66ee40e520487c227ac61e9a}:591: Timeout(10s)!
[2m2026-08-24T05:15:35.079785Z[0m [33m WARN[0m  rx-0 ThreadId(06) [2mzenoh::net::routing::dispatcher::queries[0m[2m:[0m Face{2, 40305f7b3f5b541aa0ec8ecbc8027690}:591 Route reply: Query not found!
[2m2026-08-24T05:15:35.079828Z[0m [33m WARN[0m  rx-0 ThreadId(06) [2mzenoh::net::routing::dispatcher::queries[0m[2m:[0m Face{2, 40305f7b3f5b541aa0ec8ecbc8027690}:591 Route final reply: Query not found!
[2m2026-08-24T05:16:03.454681Z[0m [33m WARN[0m net-0 ThreadId(03) [2mzenoh::net::routing::dispatcher::queries[0m[2m:[0m Face{2, 40305f7b3f5b541aa0ec8ecbc8027690}:600 Didn't receive final reply for query Face{3, 240f29ad66ee40e520487c227ac61e9a}:600: Timeout(10s)!
[2m2026-08-24T05:16:03.454747Z[0m [33m WARN[0m  rx-1 ThreadId(07) [2mzenoh::net::routing::dispatcher::queries[0m[2m:[0m Face{2, 40305f7b3f5b541aa0ec8ecbc8027690}:600 Route reply: Query not found!
[2m2026-08-24T05:16:03.454776Z[0m [33m WARN[0m  rx-1 ThreadId(07) [2mzenoh::net::routing::dispatcher::queries[0m[2m:[0m Face{2, 40305f7b3f5b541aa0ec8ecbc8027690}:600 Route final reply: Query not found!
[2m2026-08-24T05:16:13.955694Z[0m [33m WARN[0m net-0 ThreadId(03) [2mzenoh::net::routing::dispatcher::queries[0m[2m:[0m Face{2, 40305f7b3f5b541aa0ec8ecbc8027690}:601 Didn't receive final reply for query Face{3, 240f29ad66ee40e520487c227ac61e9a}:601: Timeout(10s)!
[2m2026-08-24T05:16:13.955735Z[0m [33m WARN[0m  rx-0 ThreadId(06) [2mzenoh::net::routing::dispatcher::queries[0m[2m:[0m Face{2, 40305f7b3f5b541aa0ec8ecbc8027690}:601 Route reply: Query not found!
[2m2026-08-24T05:16:13.955759Z[0m [33m WARN[0m  rx-0 ThreadId(06) [2mzenoh::net::routing::dispatcher::queries[0m[2m:[0m Face{2, 40305f7b3f5b541aa0ec8ecbc8027690}:601 Route final reply: Query not found!
[2m2026-08-24T05:16:22.953671Z[0m [33m WARN[0m net-0 ThreadId(03) [2mzenoh::net::routing::dispatcher::queries[0m[2m:[0m Face{2, 40305f7b3f5b541aa0ec8ecbc8027690}:603 Didn't receive final reply for query Face{3, 240f29ad66ee40e520487c227ac61e9a}:603: Timeout(10s)!
[2m2026-08-24T05:16:22.953755Z[0m [33m WARN[0m  rx-0 ThreadId(06) [2mzenoh::net::routing::dispatcher::queries[0m[2m:[0m Face{2, 40305f7b3f5b541aa0ec8ecbc8027690}:603 Route reply: Query not found!
[2m2026-08-24T05:16:22.953786Z[0m [33m WARN[0m  rx-0 ThreadId(06) [2mzenoh::net::routing::dispatcher::queries[0m[2m:[0m Face{2, 40305f7b3f5b541aa0ec8ecbc8027690}:603 Route final reply: Query not found!
[2m2026-08-24T05:16:41.497863Z[0m [33m WARN[0m net-0 ThreadId(03) [2mzenoh::net::routing::dispatcher::queries[0m[2m:[0m Face{2, 40305f7b3f5b541aa0ec8ecbc8027690}:614 Didn't receive final reply for query Face{3, 240f29ad66ee40e520487c227ac61e9a}:614: Timeout(10s)!
[2m2026-08-24T05:16:41.498228Z[0m [33m WARN[0m  rx-1 ThreadId(07) [2mzenoh::net::routing::dispatcher::queries[0m[2m:[0m Face{2, 40305f7b3f5b541aa0ec8ecbc8027690}:614 Route reply: Query not found!
[2m2026-08-24T05:16:41.498268Z[0m [33m WARN[0m  rx-1 ThreadId(07) [2mzenoh::net::routing::dispatcher::queries[0m[2m:[0m Face{2, 40305f7b3f5b541aa0ec8ecbc8027690}:614 Route final reply: Query not found!
[2m2026-08-24T05:16:51.999834Z[0m [33m WARN[0m net-0 ThreadId(03) [2mzenoh::net::routing::dispatcher::queries[0m[2m:[0m Face{2, 40305f7b3f5b541aa0ec8ecbc8027690}:615 Didn't receive final reply for query Face{3, 240f29ad66ee40e520487c227ac61e9a}:615: Timeout(10s)!
[2m2026-08-24T05:16:52.000651Z[0m [33m WARN[0m  rx-1 ThreadId(07) [2mzenoh::net::routing::dispatcher::queries[0m[2m:[0m Face{2, 40305f7b3f5b541aa0ec8ecbc8027690}:615 Route reply: Query not found!
[2m2026-08-24T05:16:52.000684Z[0m [33m WARN[0m  rx-1 ThreadId(07) [2mzenoh::net::routing::dispatcher::queries[0m[2m:[0m Face{2, 40305f7b3f5b541aa0ec8ecbc8027690}:615 Route final reply: Query not found!
[2m2026-08-24T05:17:06.218011Z[0m [33m WARN[0m net-0 ThreadId(03) [2mzenoh::net::routing::dispatcher::queries[0m[2m:[0m Face{2, 40305f7b3f5b541aa0ec8ecbc8027690}:619 Didn't receive final reply for query Face{3, 240f29ad66ee40e520487c227ac61e9a}:619: Timeout(10s)!
[2m2026-08-24T05:17:06.218299Z[0m [33m WARN[0m  rx-1 ThreadId(07) [2mzenoh::net::routing::dispatcher::queries[0m[2m:[0m Face{2, 40305f7b3f5b541aa0ec8ecbc8027690}:619 Route reply: Query not found!
[2m2026-08-24T05:17:06.218621Z[0m [33m WARN[0m  rx-1 ThreadId(07) [2mzenoh::net::routing::dispatcher::queries[0m[2m:[0m Face{2, 40305f7b3f5b541aa0ec8ecbc8027690}:619 Route final reply: Query not found!
[2m2026-08-24T05:17:16.719695Z[0m [33m WARN[0m net-0 ThreadId(03) [2mzenoh::net::routing::dispatcher::queries[0m[2m:[0m Face{2, 40305f7b3f5b541aa0ec8ecbc8027690}:620 Didn't receive final reply for query Face{3, 240f29ad66ee40e520487c227ac61e9a}:620: Timeout(10s)!
[2m2026-08-24T05:17:16.719799Z[0m [33m WARN[0m  rx-0 ThreadId(06) [2mzenoh::net::routing::dispatcher::queries[0m[2m:[0m Face{2, 40305f7b3f5b541aa0ec8ecbc8027690}:620 Route reply: Query not found!
[2m2026-08-24T05:17:16.719827Z[0m [33m WARN[0m  rx-0 ThreadId(06) [2mzenoh::net::routing::dispatcher::queries[0m[2m:[0m Face{2, 40305f7b3f5b541aa0ec8ecbc8027690}:620 Route final reply: Query not found!
[2m2026-08-24T05:17:28.676698Z[0m [33m WARN[0m net-0 ThreadId(03) [2mzenoh::net::routing::dispatcher::queries[0m[2m:[0m Face{2, 40305f7b3f5b541aa0ec8ecbc8027690}:637 Didn't receive final reply for query Face{3, 240f29ad66ee40e520487c227ac61e9a}:637: Timeout(10s)!
[2m2026-08-24T05:17:28.676738Z[0m [33m WARN[0m  rx-1 ThreadId(07) [2mzenoh::net::routing::dispatcher::queries[0m[2m:[0m Face{2, 40305f7b3f5b541aa0ec8ecbc8027690}:637 Route reply: Query not found!
[2m2026-08-24T05:17:28.676771Z[0m [33m WARN[0m  rx-1 ThreadId(07) [2mzenoh::net::routing::dispatcher::queries[0m[2m:[0m Face{2, 40305f7b3f5b541aa0ec8ecbc8027690}:637 Route final reply: Query not found!
[2m2026-08-24T05:17:28.708953Z[0m [33m WARN[0m net-0 ThreadId(03) [2mzenoh::net::routing::dispatcher::queries[0m[2m:[0m Face{2, 40305f7b3f5b541aa0ec8ecbc8027690}:639 Didn't receive final reply for query Face{3, 240f29ad66ee40e520487c227ac61e9a}:639: Timeout(10s)!
[2m2026-08-24T05:17:28.709158Z[0m [33m WARN[0m  rx-1 ThreadId(07) [2mzenoh::net::routing::dispatcher::queries[0m[2m:[0m Face{2, 40305f7b3f5b541aa0ec8ecbc8027690}:639 Route reply: Query not found!
[2m2026-08-24T05:17:28.709198Z[0m [33m WARN[0m  rx-1 ThreadId(07) [2mzenoh::net::routing::dispatcher::queries[0m[2m:[0m Face{2, 40305f7b3f5b541aa0ec8ecbc8027690}:639 Route final reply: Query not found!
[2m2026-08-24T05:17:39.209721Z[0m [33m WARN[0m net-0 ThreadId(03) [2mzenoh::net::routing::dispatcher::queries[0m[2m:[0m Face{2, 40305f7b3f5b541aa0ec8ecbc8027690}:641 Didn't receive final reply for query Face{3, 240f29ad66ee40e520487c227ac61e9a}:641: Timeout(10s)!
[2m2026-08-24T05:17:39.211714Z[0m [33m WARN[0m  rx-0 ThreadId(06) [2mzenoh::net::routing::dispatcher::queries[0m[2m:[0m Face{2, 40305f7b3f5b541aa0ec8ecbc8027690}:641 Route reply: Query not found!
[2m2026-08-24T05:17:39.211797Z[0m [33m WARN[0m  rx-0 ThreadId(06) [2mzenoh::net::routing::dispatcher::queries[0m[2m:[0m Face{2, 40305f7b3f5b541aa0ec8ecbc8027690}:641 Route final reply: Query not found!
[2m2026-08-24T05:17:46.948717Z[0m [33m WARN[0m net-0 ThreadId(03) [2mzenoh::net::routing::dispatcher::queries[0m[2m:[0m Face{2, 40305f7b3f5b541aa0ec8ecbc8027690}:644 Didn't receive final reply for query Face{3, 240f29ad66ee40e520487c227ac61e9a}:644: Timeout(10s)!
[2m2026-08-24T05:17:46.949063Z[0m [33m WARN[0m  rx-0 ThreadId(06) [2mzenoh::net::routing::dispatcher::queries[0m[2m:[0m Face{2, 40305f7b3f5b541aa0ec8ecbc8027690}:644 Route reply: Query not found!
[2m2026-08-24T05:17:46.949087Z[0m [33m WARN[0m  rx-0 ThreadId(06) [2mzenoh::net::routing::dispatcher::queries[0m[2m:[0m Face{2, 40305f7b3f5b541aa0ec8ecbc8027690}:644 Route final reply: Query not found!
[2m2026-08-24T05:18:04.927825Z[0m [33m WARN[0m net-0 ThreadId(03) [2mzenoh::net::routing::dispatcher::queries[0m[2m:[0m Face{2, 40305f7b3f5b541aa0ec8ecbc8027690}:652 Didn't receive final reply for query Face{3, 240f29ad66ee40e520487c227ac61e9a}:652: Timeout(10s)!
[2m2026-08-24T05:18:04.928915Z[0m [33m WARN[0m  rx-1 ThreadId(07) [2mzenoh::net::routing::dispatcher::queries[0m[2m:[0m Face{2, 40305f7b3f5b541aa0ec8ecbc8027690}:652 Route reply: Query not found!
[2m2026-08-24T05:18:04.928970Z[0m [33m WARN[0m  rx-1 ThreadId(07) [2mzenoh::net::routing::dispatcher::queries[0m[2m:[0m Face{2, 40305f7b3f5b541aa0ec8ecbc8027690}:652 Route final reply: Query not found!
[2m2026-08-24T05:18:05.395851Z[0m [33m WARN[0m net-0 ThreadId(03) [2mzenoh::net::routing::dispatcher::queries[0m[2m:[0m Face{2, 40305f7b3f5b541aa0ec8ecbc8027690}:653 Didn't receive final reply for query Face{3, 240f29ad66ee40e520487c227ac61e9a}:653: Timeout(10s)!
[2m2026-08-24T05:18:05.396463Z[0m [33m WARN[0m  rx-0 ThreadId(06) [2mzenoh::net::routing::dispatcher::queries[0m[2m:[0m Face{2, 40305f7b3f5b541aa0ec8ecbc8027690}:653 Route reply: Query not found!
[2m2026-08-24T05:18:05.396487Z[0m [33m WARN[0m  rx-0 ThreadId(06) [2mzenoh::net::routing::dispatcher::queries[0m[2m:[0m Face{2, 40305f7b3f5b541aa0ec8ecbc8027690}:653 Route final reply: Query not found!
[2m2026-08-24T05:18:22.908014Z[0m [33m WARN[0m net-0 ThreadId(03) [2mzenoh::net::routing::dispatcher::queries[0m[2m:[0m Face{2, 40305f7b3f5b541aa0ec8ecbc8027690}:661 Route reply: Query not found!
[2m2026-08-24T05:18:55.045670Z[0m [33m WARN[0m net-0 ThreadId(03) [2mzenoh::net::routing::dispatcher::queries[0m[2m:[0m Face{2, 40305f7b3f5b541aa0ec8ecbc8027690}:697 Didn't receive final reply for query Face{3, 240f29ad66ee40e520487c227ac61e9a}:697: Timeout(10s)!
[2m2026-08-24T05:18:55.045738Z[0m [33m WARN[0m  rx-0 ThreadId(06) [2mzenoh::net::routing::dispatcher::queries[0m[2m:[0m Face{2, 40305f7b3f5b541aa0ec8ecbc8027690}:697 Route reply: Query not found!
[2m2026-08-24T05:18:55.045761Z[0m [33m WARN[0m  rx-0 ThreadId(06) [2mzenoh::net::routing::dispatcher::queries[0m[2m:[0m Face{2, 40305f7b3f5b541aa0ec8ecbc8027690}:697 Route final reply: Query not found!
[2m2026-08-24T05:19:09.217753Z[0m [33m WARN[0m net-0 ThreadId(03) [2mzenoh::net::routing::dispatcher::queries[0m[2m:[0m Face{2, 40305f7b3f5b541aa0ec8ecbc8027690}:700 Didn't receive final reply for query Face{3, 240f29ad66ee40e520487c227ac61e9a}:700: Timeout(10s)!
[2m2026-08-24T05:19:09.218254Z[0m [33m WARN[0m  rx-0 ThreadId(06) [2mzenoh::net::routing::dispatcher::queries[0m[2m:[0m Face{2, 40305f7b3f5b541aa0ec8ecbc8027690}:700 Route reply: Query not found!
[2m2026-08-24T05:19:09.218291Z[0m [33m WARN[0m  rx-0 ThreadId(06) [2mzenoh::net::routing::dispatcher::queries[0m[2m:[0m Face{2, 40305f7b3f5b541aa0ec8ecbc8027690}:700 Route final reply: Query not found!
[2m2026-08-24T05:19:26.957934Z[0m [33m WARN[0m net-0 ThreadId(03) [2mzenoh::net::routing::dispatcher::queries[0m[2m:[0m Face{2, 40305f7b3f5b541aa0ec8ecbc8027690}:704 Didn't receive final reply for query Face{3, 240f29ad66ee40e520487c227ac61e9a}:704: Timeout(10s)!
[2m2026-08-24T05:19:26.958031Z[0m [33m WARN[0m  rx-1 ThreadId(07) [2mzenoh::net::routing::dispatcher::queries[0m[2m:[0m Face{2, 40305f7b3f5b541aa0ec8ecbc8027690}:704 Route reply: Query not found!
[2m2026-08-24T05:19:26.958054Z[0m [33m WARN[0m  rx-1 ThreadId(07) [2mzenoh::net::routing::dispatcher::queries[0m[2m:[0m Face{2, 40305f7b3f5b541aa0ec8ecbc8027690}:704 Route final reply: Query not found!
[2m2026-08-24T05:19:44.938177Z[0m [33m WARN[0m net-0 ThreadId(03) [2mzenoh::net::routing::dispatcher::queries[0m[2m:[0m Face{2, 40305f7b3f5b541aa0ec8ecbc8027690}:708 Didn't receive final reply for query Face{3, 240f29ad66ee40e520487c227ac61e9a}:708: Timeout(10s)!
[2m2026-08-24T05:19:44.938543Z[0m [33m WARN[0m  rx-0 ThreadId(06) [2mzenoh::net::routing::dispatcher::queries[0m[2m:[0m Face{2, 40305f7b3f5b541aa0ec8ecbc8027690}:708 Route reply: Query not found!
[2m2026-08-24T05:19:44.938590Z[0m [33m WARN[0m  rx-0 ThreadId(06) [2mzenoh::net::routing::dispatcher::queries[0m[2m:[0m Face{2, 40305f7b3f5b541aa0ec8ecbc8027690}:708 Route final reply: Query not found!
[2m2026-08-24T05:20:02.905708Z[0m [33m WARN[0m net-0 ThreadId(03) [2mzenoh::net::routing::dispatcher::queries[0m[2m:[0m Face{2, 40305f7b3f5b541aa0ec8ecbc8027690}:712 Didn't receive final reply for query Face{3, 240f29ad66ee40e520487c227ac61e9a}:712: Timeout(10s)!
[2m2026-08-24T05:20:02.905856Z[0m [33m WARN[0m  rx-1 ThreadId(07) [2mzenoh::net::routing::dispatcher::queries[0m[2m:[0m Face{2, 40305f7b3f5b541aa0ec8ecbc8027690}:712 Route reply: Query not found!
[2m2026-08-24T05:20:02.905901Z[0m [33m WARN[0m  rx-1 ThreadId(07) [2mzenoh::net::routing::dispatcher::queries[0m[2m:[0m Face{2, 40305f7b3f5b541aa0ec8ecbc8027690}:712 Route final reply: Query not found!
[2m2026-08-24T05:20:20.967739Z[0m [33m WARN[0m net-0 ThreadId(03) [2mzenoh::net::routing::dispatcher::queries[0m[2m:[0m Face{2, 40305f7b3f5b541aa0ec8ecbc8027690}:716 Didn't receive final reply for query Face{3, 240f29ad66ee40e520487c227ac61e9a}:716: Timeout(10s)!
[2m2026-08-24T05:20:20.968451Z[0m [33m WARN[0m  rx-0 ThreadId(06) [2mzenoh::net::routing::dispatcher::queries[0m[2m:[0m Face{2, 40305f7b3f5b541aa0ec8ecbc8027690}:716 Route reply: Query not found!
[2m2026-08-24T05:20:20.968795Z[0m [33m WARN[0m  rx-1 ThreadId(07) [2mzenoh::net::routing::dispatcher::queries[0m[2m:[0m Face{2, 40305f7b3f5b541aa0ec8ecbc8027690}:716 Route final reply: Query not found!
[2m2026-08-24T05:20:38.959901Z[0m [33m WARN[0m net-0 ThreadId(03) [2mzenoh::net::routing::dispatcher::queries[0m[2m:[0m Face{2, 40305f7b3f5b541aa0ec8ecbc8027690}:720 Didn't receive final reply for query Face{3, 240f29ad66ee40e520487c227ac61e9a}:720: Timeout(10s)!
[2m2026-08-24T05:20:38.960882Z[0m [33m WARN[0m  rx-0 ThreadId(06) [2mzenoh::net::routing::dispatcher::queries[0m[2m:[0m Face{2, 40305f7b3f5b541aa0ec8ecbc8027690}:720 Route reply: Query not found!
[2m2026-08-24T05:20:38.960908Z[0m [33m WARN[0m  rx-0 ThreadId(06) [2mzenoh::net::routing::dispatcher::queries[0m[2m:[0m Face{2, 40305f7b3f5b541aa0ec8ecbc8027690}:720 Route final reply: Query not found!
[2m2026-08-24T05:20:56.920712Z[0m [33m WARN[0m net-0 ThreadId(03) [2mzenoh::net::routing::dispatcher::queries[0m[2m:[0m Face{2, 40305f7b3f5b541aa0ec8ecbc8027690}:724 Didn't receive final reply for query Face{3, 240f29ad66ee40e520487c227ac61e9a}:724: Timeout(10s)!
[2m2026-08-24T05:20:56.920855Z[0m [33m WARN[0m  rx-1 ThreadId(07) [2mzenoh::net::routing::dispatcher::queries[0m[2m:[0m Face{2, 40305f7b3f5b541aa0ec8ecbc8027690}:724 Route reply: Query not found!
[2m2026-08-24T05:20:56.920876Z[0m [33m WARN[0m  rx-1 ThreadId(07) [2mzenoh::net::routing::dispatcher::queries[0m[2m:[0m Face{2, 40305f7b3f5b541aa0ec8ecbc8027690}:724 Route final reply: Query not found!
[2m2026-08-24T05:21:14.988187Z[0m [33m WARN[0m net-0 ThreadId(03) [2mzenoh::net::routing::dispatcher::queries[0m[2m:[0m Face{2, 40305f7b3f5b541aa0ec8ecbc8027690}:728 Didn't receive final reply for query Face{3, 240f29ad66ee40e520487c227ac61e9a}:728: Timeout(10s)!
[2m2026-08-24T05:21:14.988446Z[0m [33m WARN[0m  rx-0 ThreadId(06) [2mzenoh::net::routing::dispatcher::queries[0m[2m:[0m Face{2, 40305f7b3f5b541aa0ec8ecbc8027690}:728 Route reply: Query not found!
[2m2026-08-24T05:21:14.988790Z[0m [33m WARN[0m  rx-0 ThreadId(06) [2mzenoh::net::routing::dispatcher::queries[0m[2m:[0m Face{2, 40305f7b3f5b541aa0ec8ecbc8027690}:728 Route final reply: Query not found!
[2m2026-08-24T05:21:32.968780Z[0m [33m WARN[0m net-0 ThreadId(03) [2mzenoh::net::routing::dispatcher::queries[0m[2m:[0m Face{2, 40305f7b3f5b541aa0ec8ecbc8027690}:732 Didn't receive final reply for query Face{3, 240f29ad66ee40e520487c227ac61e9a}:732: Timeout(10s)!
[2m2026-08-24T05:21:32.969753Z[0m [33m WARN[0m  rx-0 ThreadId(06) [2mzenoh::net::routing::dispatcher::queries[0m[2m:[0m Face{2, 40305f7b3f5b541aa0ec8ecbc8027690}:732 Route reply: Query not found!
[2m2026-08-24T05:21:32.969792Z[0m [33m WARN[0m  rx-0 ThreadId(06) [2mzenoh::net::routing::dispatcher::queries[0m[2m:[0m Face{2, 40305f7b3f5b541aa0ec8ecbc8027690}:732 Route final reply: Query not found!
[2m2026-08-24T05:21:50.943933Z[0m [33m WARN[0m net-0 ThreadId(03) [2mzenoh::net::routing::dispatcher::queries[0m[2m:[0m Face{2, 40305f7b3f5b541aa0ec8ecbc8027690}:736 Didn't receive final reply for query Face{3, 240f29ad66ee40e520487c227ac61e9a}:736: Timeout(10s)!
[2m2026-08-24T05:21:50.944666Z[0m [33m WARN[0m  rx-1 ThreadId(07) [2mzenoh::net::routing::dispatcher::queries[0m[2m:[0m Face{2, 40305f7b3f5b541aa0ec8ecbc8027690}:736 Route reply: Query not found!
[2m2026-08-24T05:21:50.944696Z[0m [33m WARN[0m  rx-1 ThreadId(07) [2mzenoh::net::routing::dispatcher::queries[0m[2m:[0m Face{2, 40305f7b3f5b541aa0ec8ecbc8027690}:736 Route final reply: Query not found!
[2m2026-08-24T05:22:08.905719Z[0m [33m WARN[0m net-0 ThreadId(03) [2mzenoh::net::routing::dispatcher::queries[0m[2m:[0m Face{2, 40305f7b3f5b541aa0ec8ecbc8027690}:740 Didn't receive final reply for query Face{3, 240f29ad66ee40e520487c227ac61e9a}:740: Timeout(10s)!
[2m2026-08-24T05:22:08.905797Z[0m [33m WARN[0m  rx-1 ThreadId(07) [2mzenoh::net::routing::dispatcher::queries[0m[2m:[0m Face{2, 40305f7b3f5b541aa0ec8ecbc8027690}:740 Route reply: Query not found!
[2m2026-08-24T05:22:08.905818Z[0m [33m WARN[0m  rx-1 ThreadId(07) [2mzenoh::net::routing::dispatcher::queries[0m[2m:[0m Face{2, 40305f7b3f5b541aa0ec8ecbc8027690}:740 Route final reply: Query not found!
[2m2026-08-24T05:22:26.965646Z[0m [33m WARN[0m net-0 ThreadId(03) [2mzenoh::net::routing::dispatcher::queries[0m[2m:[0m Face{2, 40305f7b3f5b541aa0ec8ecbc8027690}:744 Didn't receive final reply for query Face{3, 240f29ad66ee40e520487c227ac61e9a}:744: Timeout(10s)!
[2m2026-08-24T05:22:26.966335Z[0m [33m WARN[0m  rx-1 ThreadId(07) [2mzenoh::net::routing::dispatcher::queries[0m[2m:[0m Face{2, 40305f7b3f5b541aa0ec8ecbc8027690}:744 Route reply: Query not found!
[2m2026-08-24T05:22:26.966364Z[0m [33m WARN[0m  rx-1 ThreadId(07) [2mzenoh::net::routing::dispatcher::queries[0m[2m:[0m Face{2, 40305f7b3f5b541aa0ec8ecbc8027690}:744 Route final reply: Query not found!
[2m2026-08-24T05:22:44.943936Z[0m [33m WARN[0m net-0 ThreadId(03) [2mzenoh::net::routing::dispatcher::queries[0m[2m:[0m Face{2, 40305f7b3f5b541aa0ec8ecbc8027690}:748 Didn't receive final reply for query Face{3, 240f29ad66ee40e520487c227ac61e9a}:748: Timeout(10s)!
[2m2026-08-24T05:22:44.943961Z[0m [33m WARN[0m  rx-0 ThreadId(06) [2mzenoh::net::routing::dispatcher::queries[0m[2m:[0m Face{2, 40305f7b3f5b541aa0ec8ecbc8027690}:748 Route final reply: Query not found!
[2m2026-08-24T05:23:02.910185Z[0m [33m WARN[0m net-0 ThreadId(03) [2mzenoh::net::routing::dispatcher::queries[0m[2m:[0m Face{2, 40305f7b3f5b541aa0ec8ecbc8027690}:752 Didn't receive final reply for query Face{3, 240f29ad66ee40e520487c227ac61e9a}:752: Timeout(10s)!
[2m2026-08-24T05:23:02.910380Z[0m [33m WARN[0m  rx-1 ThreadId(07) [2mzenoh::net::routing::dispatcher::queries[0m[2m:[0m Face{2, 40305f7b3f5b541aa0ec8ecbc8027690}:752 Route reply: Query not found!
[2m2026-08-24T05:23:02.910392Z[0m [33m WARN[0m  rx-1 ThreadId(07) [2mzenoh::net::routing::dispatcher::queries[0m[2m:[0m Face{2, 40305f7b3f5b541aa0ec8ecbc8027690}:752 Route final reply: Query not found!
[2m2026-08-24T05:23:20.990741Z[0m [33m WARN[0m net-0 ThreadId(03) [2mzenoh::net::routing::dispatcher::queries[0m[2m:[0m Face{2, 40305f7b3f5b541aa0ec8ecbc8027690}:756 Didn't receive final reply for query Face{3, 240f29ad66ee40e520487c227ac61e9a}:756: Timeout(10s)!
[2m2026-08-24T05:23:20.992659Z[0m [33m WARN[0m  rx-1 ThreadId(07) [2mzenoh::net::routing::dispatcher::queries[0m[2m:[0m Face{2, 40305f7b3f5b541aa0ec8ecbc8027690}:756 Route reply: Query not found!
[2m2026-08-24T05:23:20.992699Z[0m [33m WARN[0m  rx-1 ThreadId(07) [2mzenoh::net::routing::dispatcher::queries[0m[2m:[0m Face{2, 40305f7b3f5b541aa0ec8ecbc8027690}:756 Route final reply: Query not found!
[2m2026-08-24T05:23:38.955559Z[0m [33m WARN[0m net-0 ThreadId(03) [2mzenoh::net::routing::dispatcher::queries[0m[2m:[0m Face{2, 40305f7b3f5b541aa0ec8ecbc8027690}:760 Didn't receive final reply for query Face{3, 240f29ad66ee40e520487c227ac61e9a}:760: Timeout(10s)!
[2m2026-08-24T05:23:38.956735Z[0m [33m WARN[0m  rx-0 ThreadId(06) [2mzenoh::net::routing::dispatcher::queries[0m[2m:[0m Face{2, 40305f7b3f5b541aa0ec8ecbc8027690}:760 Route reply: Query not found!
[2m2026-08-24T05:23:38.956758Z[0m [33m WARN[0m  rx-0 ThreadId(06) [2mzenoh::net::routing::dispatcher::queries[0m[2m:[0m Face{2, 40305f7b3f5b541aa0ec8ecbc8027690}:760 Route final reply: Query not found!
[2m2026-08-24T05:23:56.914718Z[0m [33m WARN[0m net-0 ThreadId(03) [2mzenoh::net::routing::dispatcher::queries[0m[2m:[0m Face{2, 40305f7b3f5b541aa0ec8ecbc8027690}:764 Didn't receive final reply for query Face{3, 240f29ad66ee40e520487c227ac61e9a}:764: Timeout(10s)!
[2m2026-08-24T05:23:56.914784Z[0m [33m WARN[0m  rx-1 ThreadId(07) [2mzenoh::net::routing::dispatcher::queries[0m[2m:[0m Face{2, 40305f7b3f5b541aa0ec8ecbc8027690}:764 Route reply: Query not found!
[2m2026-08-24T05:23:56.914815Z[0m [33m WARN[0m  rx-1 ThreadId(07) [2mzenoh::net::routing::dispatcher::queries[0m[2m:[0m Face{2, 40305f7b3f5b541aa0ec8ecbc8027690}:764 Route final reply: Query not found!
[2m2026-08-24T05:24:14.991809Z[0m [33m WARN[0m net-0 ThreadId(03) [2mzenoh::net::routing::dispatcher::queries[0m[2m:[0m Face{2, 40305f7b3f5b541aa0ec8ecbc8027690}:768 Didn't receive final reply for query Face{3, 240f29ad66ee40e520487c227ac61e9a}:768: Timeout(10s)!
[2m2026-08-24T05:24:14.993050Z[0m [33m WARN[0m  rx-0 ThreadId(06) [2mzenoh::net::routing::dispatcher::queries[0m[2m:[0m Face{2, 40305f7b3f5b541aa0ec8ecbc8027690}:768 Route reply: Query not found!
[2m2026-08-24T05:24:14.993079Z[0m [33m WARN[0m  rx-0 ThreadId(06) [2mzenoh::net::routing::dispatcher::queries[0m[2m:[0m Face{2, 40305f7b3f5b541aa0ec8ecbc8027690}:768 Route final reply: Query not found!
[2m2026-08-24T05:24:32.958451Z[0m [33m WARN[0m net-0 ThreadId(03) [2mzenoh::net::routing::dispatcher::queries[0m[2m:[0m Face{2, 40305f7b3f5b541aa0ec8ecbc8027690}:772 Didn't receive final reply for query Face{3, 240f29ad66ee40e520487c227ac61e9a}:772: Timeout(10s)!
[2m2026-08-24T05:24:32.958533Z[0m [33m WARN[0m  rx-1 ThreadId(07) [2mzenoh::net::routing::dispatcher::queries[0m[2m:[0m Face{2, 40305f7b3f5b541aa0ec8ecbc8027690}:772 Route reply: Query not found!
[2m2026-08-24T05:24:32.958601Z[0m [33m WARN[0m  rx-1 ThreadId(07) [2mzenoh::net::routing::dispatcher::queries[0m[2m:[0m Face{2, 40305f7b3f5b541aa0ec8ecbc8027690}:772 Route final reply: Query not found!
[2m2026-08-24T05:24:50.925693Z[0m [33m WARN[0m net-0 ThreadId(03) [2mzenoh::net::routing::dispatcher::queries[0m[2m:[0m Face{2, 40305f7b3f5b541aa0ec8ecbc8027690}:776 Didn't receive final reply for query Face{3, 240f29ad66ee40e520487c227ac61e9a}:776: Timeout(10s)!
[2m2026-08-24T05:24:50.926794Z[0m [33m WARN[0m  rx-0 ThreadId(06) [2mzenoh::net::routing::dispatcher::queries[0m[2m:[0m Face{2, 40305f7b3f5b541aa0ec8ecbc8027690}:776 Route reply: Query not found!
[2m2026-08-24T05:24:50.926841Z[0m [33m WARN[0m  rx-0 ThreadId(06) [2mzenoh::net::routing::dispatcher::queries[0m[2m:[0m Face{2, 40305f7b3f5b541aa0ec8ecbc8027690}:776 Route final reply: Query not found!
[2m2026-08-24T05:25:09.001453Z[0m [33m WARN[0m net-0 ThreadId(03) [2mzenoh::net::routing::dispatcher::queries[0m[2m:[0m Face{2, 40305f7b3f5b541aa0ec8ecbc8027690}:780 Didn't receive final reply for query Face{3, 240f29ad66ee40e520487c227ac61e9a}:780: Timeout(10s)!
[2m2026-08-24T05:25:09.001850Z[0m [33m WARN[0m  rx-1 ThreadId(07) [2mzenoh::net::routing::dispatcher::queries[0m[2m:[0m Face{2, 40305f7b3f5b541aa0ec8ecbc8027690}:780 Route reply: Query not found!
[2m2026-08-24T05:25:09.001894Z[0m [33m WARN[0m  rx-1 ThreadId(07) [2mzenoh::net::routing::dispatcher::queries[0m[2m:[0m Face{2, 40305f7b3f5b541aa0ec8ecbc8027690}:780 Route final reply: Query not found!
[2m2026-08-24T05:25:26.959699Z[0m [33m WARN[0m net-0 ThreadId(03) [2mzenoh::net::routing::dispatcher::queries[0m[2m:[0m Face{2, 40305f7b3f5b541aa0ec8ecbc8027690}:784 Didn't receive final reply for query Face{3, 240f29ad66ee40e520487c227ac61e9a}:784: Timeout(10s)!
[2m2026-08-24T05:25:26.959793Z[0m [33m WARN[0m  rx-1 ThreadId(07) [2mzenoh::net::routing::dispatcher::queries[0m[2m:[0m Face{2, 40305f7b3f5b541aa0ec8ecbc8027690}:784 Route reply: Query not found!
[2m2026-08-24T05:25:26.959830Z[0m [33m WARN[0m  rx-1 ThreadId(07) [2mzenoh::net::routing::dispatcher::queries[0m[2m:[0m Face{2, 40305f7b3f5b541aa0ec8ecbc8027690}:784 Route final reply: Query not found!
[2m2026-08-24T05:25:44.940858Z[0m [33m WARN[0m net-0 ThreadId(03) [2mzenoh::net::routing::dispatcher::queries[0m[2m:[0m Face{2, 40305f7b3f5b541aa0ec8ecbc8027690}:788 Didn't receive final reply for query Face{3, 240f29ad66ee40e520487c227ac61e9a}:788: Timeout(10s)!
[2m2026-08-24T05:25:44.941030Z[0m [33m WARN[0m  rx-0 ThreadId(06) [2mzenoh::net::routing::dispatcher::queries[0m[2m:[0m Face{2, 40305f7b3f5b541aa0ec8ecbc8027690}:788 Route reply: Query not found!
[2m2026-08-24T05:25:44.941064Z[0m [33m WARN[0m  rx-0 ThreadId(06) [2mzenoh::net::routing::dispatcher::queries[0m[2m:[0m Face{2, 40305f7b3f5b541aa0ec8ecbc8027690}:788 Route final reply: Query not found!
[2m2026-08-24T05:26:03.003677Z[0m [33m WARN[0m net-0 ThreadId(03) [2mzenoh::net::routing::dispatcher::queries[0m[2m:[0m Face{2, 40305f7b3f5b541aa0ec8ecbc8027690}:792 Didn't receive final reply for query Face{3, 240f29ad66ee40e520487c227ac61e9a}:792: Timeout(10s)!
[2m2026-08-24T05:26:03.004389Z[0m [33m WARN[0m  rx-1 ThreadId(07) [2mzenoh::net::routing::dispatcher::queries[0m[2m:[0m Face{2, 40305f7b3f5b541aa0ec8ecbc8027690}:792 Route reply: Query not found!
[2m2026-08-24T05:26:03.004421Z[0m [33m WARN[0m  rx-1 ThreadId(07) [2mzenoh::net::routing::dispatcher::queries[0m[2m:[0m Face{2, 40305f7b3f5b541aa0ec8ecbc8027690}:792 Route final reply: Query not found!
[2m2026-08-24T05:26:20.960805Z[0m [33m WARN[0m net-0 ThreadId(03) [2mzenoh::net::routing::dispatcher::queries[0m[2m:[0m Face{2, 40305f7b3f5b541aa0ec8ecbc8027690}:796 Didn't receive final reply for query Face{3, 240f29ad66ee40e520487c227ac61e9a}:796: Timeout(10s)!
[2m2026-08-24T05:26:20.960860Z[0m [33m WARN[0m  rx-0 ThreadId(06) [2mzenoh::net::routing::dispatcher::queries[0m[2m:[0m Face{2, 40305f7b3f5b541aa0ec8ecbc8027690}:796 Route reply: Query not found!
[2m2026-08-24T05:26:20.960892Z[0m [33m WARN[0m  rx-0 ThreadId(06) [2mzenoh::net::routing::dispatcher::queries[0m[2m:[0m Face{2, 40305f7b3f5b541aa0ec8ecbc8027690}:796 Route final reply: Query not found!
[2m2026-08-24T05:26:38.936670Z[0m [33m WARN[0m net-0 ThreadId(03) [2mzenoh::net::routing::dispatcher::queries[0m[2m:[0m Face{2, 40305f7b3f5b541aa0ec8ecbc8027690}:800 Didn't receive final reply for query Face{3, 240f29ad66ee40e520487c227ac61e9a}:800: Timeout(10s)!
[2m2026-08-24T05:26:38.937723Z[0m [33m WARN[0m  rx-1 ThreadId(07) [2mzenoh::net::routing::dispatcher::queries[0m[2m:[0m Face{2, 40305f7b3f5b541aa0ec8ecbc8027690}:800 Route reply: Query not found!
[2m2026-08-24T05:26:38.937755Z[0m [33m WARN[0m  rx-1 ThreadId(07) [2mzenoh::net::routing::dispatcher::queries[0m[2m:[0m Face{2, 40305f7b3f5b541aa0ec8ecbc8027690}:800 Route final reply: Query not found!
[2m2026-08-24T05:26:56.939963Z[0m [33m WARN[0m net-0 ThreadId(03) [2mzenoh::net::routing::dispatcher::queries[0m[2m:[0m Face{2, 40305f7b3f5b541aa0ec8ecbc8027690}:804 Route reply: Query not found!
[2m2026-08-24T05:27:14.911671Z[0m [33m WARN[0m net-0 ThreadId(03) [2mzenoh::net::routing::dispatcher::queries[0m[2m:[0m Face{2, 40305f7b3f5b541aa0ec8ecbc8027690}:808 Didn't receive final reply for query Face{3, 240f29ad66ee40e520487c227ac61e9a}:808: Timeout(10s)!
[2m2026-08-24T05:27:14.912650Z[0m [33m WARN[0m  rx-1 ThreadId(07) [2mzenoh::net::routing::dispatcher::queries[0m[2m:[0m Face{2, 40305f7b3f5b541aa0ec8ecbc8027690}:808 Route reply: Query not found!
[2m2026-08-24T05:27:14.912678Z[0m [33m WARN[0m  rx-1 ThreadId(07) [2mzenoh::net::routing::dispatcher::queries[0m[2m:[0m Face{2, 40305f7b3f5b541aa0ec8ecbc8027690}:808 Route final reply: Query not found!
[2m2026-08-24T05:27:32.999728Z[0m [33m WARN[0m net-0 ThreadId(03) [2mzenoh::net::routing::dispatcher::queries[0m[2m:[0m Face{2, 40305f7b3f5b541aa0ec8ecbc8027690}:812 Didn't receive final reply for query Face{3, 240f29ad66ee40e520487c227ac61e9a}:812: Timeout(10s)!
[2m2026-08-24T05:27:33.000607Z[0m [33m WARN[0m  rx-0 ThreadId(06) [2mzenoh::net::routing::dispatcher::queries[0m[2m:[0m Face{2, 40305f7b3f5b541aa0ec8ecbc8027690}:812 Route reply: Query not found!
[2m2026-08-24T05:27:33.000632Z[0m [33m WARN[0m  rx-0 ThreadId(06) [2mzenoh::net::routing::dispatcher::queries[0m[2m:[0m Face{2, 40305f7b3f5b541aa0ec8ecbc8027690}:812 Route final reply: Query not found!
[2m2026-08-24T05:27:51.005735Z[0m [33m WARN[0m net-0 ThreadId(03) [2mzenoh::net::routing::dispatcher::queries[0m[2m:[0m Face{2, 40305f7b3f5b541aa0ec8ecbc8027690}:816 Didn't receive final reply for query Face{3, 240f29ad66ee40e520487c227ac61e9a}:816: Timeout(10s)!
[2m2026-08-24T05:27:51.005831Z[0m [33m WARN[0m  rx-0 ThreadId(06) [2mzenoh::net::routing::dispatcher::queries[0m[2m:[0m Face{2, 40305f7b3f5b541aa0ec8ecbc8027690}:816 Route reply: Query not found!
[2m2026-08-24T05:27:51.005872Z[0m [33m WARN[0m  rx-0 ThreadId(06) [2mzenoh::net::routing::dispatcher::queries[0m[2m:[0m Face{2, 40305f7b3f5b541aa0ec8ecbc8027690}:816 Route final reply: Query not found!
[2m2026-08-24T05:28:08.970038Z[0m [33m WARN[0m net-0 ThreadId(03) [2mzenoh::net::routing::dispatcher::queries[0m[2m:[0m Face{2, 40305f7b3f5b541aa0ec8ecbc8027690}:820 Didn't receive final reply for query Face{3, 240f29ad66ee40e520487c227ac61e9a}:820: Timeout(10s)!
[2m2026-08-24T05:28:08.970078Z[0m [33m WARN[0m  rx-1 ThreadId(07) [2mzenoh::net::routing::dispatcher::queries[0m[2m:[0m Face{2, 40305f7b3f5b541aa0ec8ecbc8027690}:820 Route reply: Query not found!
[2m2026-08-24T05:28:08.970110Z[0m [33m WARN[0m  rx-1 ThreadId(07) [2mzenoh::net::routing::dispatcher::queries[0m[2m:[0m Face{2, 40305f7b3f5b541aa0ec8ecbc8027690}:820 Route final reply: Query not found!
[2m2026-08-24T05:28:26.914696Z[0m [33m WARN[0m net-0 ThreadId(03) [2mzenoh::net::routing::dispatcher::queries[0m[2m:[0m Face{2, 40305f7b3f5b541aa0ec8ecbc8027690}:824 Didn't receive final reply for query Face{3, 240f29ad66ee40e520487c227ac61e9a}:824: Timeout(10s)!
[2m2026-08-24T05:28:26.915861Z[0m [33m WARN[0m  rx-1 ThreadId(07) [2mzenoh::net::routing::dispatcher::queries[0m[2m:[0m Face{2, 40305f7b3f5b541aa0ec8ecbc8027690}:824 Route reply: Query not found!
[2m2026-08-24T05:28:26.915897Z[0m [33m WARN[0m  rx-1 ThreadId(07) [2mzenoh::net::routing::dispatcher::queries[0m[2m:[0m Face{2, 40305f7b3f5b541aa0ec8ecbc8027690}:824 Route final reply: Query not found!
[2m2026-08-24T05:28:44.983034Z[0m [33m WARN[0m net-0 ThreadId(03) [2mzenoh::net::routing::dispatcher::queries[0m[2m:[0m Face{2, 40305f7b3f5b541aa0ec8ecbc8027690}:828 Didn't receive final reply for query Face{3, 240f29ad66ee40e520487c227ac61e9a}:828: Timeout(10s)!
[2m2026-08-24T05:28:44.983056Z[0m [33m WARN[0m  rx-1 ThreadId(07) [2mzenoh::net::routing::dispatcher::queries[0m[2m:[0m Face{2, 40305f7b3f5b541aa0ec8ecbc8027690}:828 Route final reply: Query not found!
[2m2026-08-24T05:29:02.967683Z[0m [33m WARN[0m net-0 ThreadId(03) [2mzenoh::net::routing::dispatcher::queries[0m[2m:[0m Face{2, 40305f7b3f5b541aa0ec8ecbc8027690}:832 Didn't receive final reply for query Face{3, 240f29ad66ee40e520487c227ac61e9a}:832: Timeout(10s)!
[2m2026-08-24T05:29:02.969327Z[0m [33m WARN[0m  rx-0 ThreadId(06) [2mzenoh::net::routing::dispatcher::queries[0m[2m:[0m Face{2, 40305f7b3f5b541aa0ec8ecbc8027690}:832 Route reply: Query not found!
[2m2026-08-24T05:29:02.969383Z[0m [33m WARN[0m  rx-0 ThreadId(06) [2mzenoh::net::routing::dispatcher::queries[0m[2m:[0m Face{2, 40305f7b3f5b541aa0ec8ecbc8027690}:832 Route final reply: Query not found!
[2m2026-08-24T05:29:20.943912Z[0m [33m WARN[0m net-0 ThreadId(03) [2mzenoh::net::routing::dispatcher::queries[0m[2m:[0m Face{2, 40305f7b3f5b541aa0ec8ecbc8027690}:836 Didn't receive final reply for query Face{3, 240f29ad66ee40e520487c227ac61e9a}:836: Timeout(10s)!
[2m2026-08-24T05:29:20.944211Z[0m [33m WARN[0m  rx-1 ThreadId(07) [2mzenoh::net::routing::dispatcher::queries[0m[2m:[0m Face{2, 40305f7b3f5b541aa0ec8ecbc8027690}:836 Route reply: Query not found!
[2m2026-08-24T05:29:20.944243Z[0m [33m WARN[0m  rx-1 ThreadId(07) [2mzenoh::net::routing::dispatcher::queries[0m[2m:[0m Face{2, 40305f7b3f5b541aa0ec8ecbc8027690}:836 Route final reply: Query not found!
[2m2026-08-24T05:29:38.901081Z[0m [33m WARN[0m net-0 ThreadId(03) [2mzenoh::net::routing::dispatcher::queries[0m[2m:[0m Face{2, 40305f7b3f5b541aa0ec8ecbc8027690}:840 Didn't receive final reply for query Face{3, 240f29ad66ee40e520487c227ac61e9a}:840: Timeout(10s)!
[2m2026-08-24T05:29:38.901719Z[0m [33m WARN[0m  rx-1 ThreadId(07) [2mzenoh::net::routing::dispatcher::queries[0m[2m:[0m Face{2, 40305f7b3f5b541aa0ec8ecbc8027690}:840 Route reply: Query not found!
[2m2026-08-24T05:29:38.901744Z[0m [33m WARN[0m  rx-1 ThreadId(07) [2mzenoh::net::routing::dispatcher::queries[0m[2m:[0m Face{2, 40305f7b3f5b541aa0ec8ecbc8027690}:840 Route final reply: Query not found!
[2m2026-08-24T05:29:56.986692Z[0m [33m WARN[0m net-0 ThreadId(03) [2mzenoh::net::routing::dispatcher::queries[0m[2m:[0m Face{2, 40305f7b3f5b541aa0ec8ecbc8027690}:844 Didn't receive final reply for query Face{3, 240f29ad66ee40e520487c227ac61e9a}:844: Timeout(10s)!
[2m2026-08-24T05:29:56.986830Z[0m [33m WARN[0m  rx-0 ThreadId(06) [2mzenoh::net::routing::dispatcher::queries[0m[2m:[0m Face{2, 40305f7b3f5b541aa0ec8ecbc8027690}:844 Route reply: Query not found!
[2m2026-08-24T05:29:56.986860Z[0m [33m WARN[0m  rx-0 ThreadId(06) [2mzenoh::net::routing::dispatcher::queries[0m[2m:[0m Face{2, 40305f7b3f5b541aa0ec8ecbc8027690}:844 Route final reply: Query not found!
[2m2026-08-24T05:30:14.949744Z[0m [33m WARN[0m net-0 ThreadId(03) [2mzenoh::net::routing::dispatcher::queries[0m[2m:[0m Face{2, 40305f7b3f5b541aa0ec8ecbc8027690}:848 Didn't receive final reply for query Face{3, 240f29ad66ee40e520487c227ac61e9a}:848: Timeout(10s)!
[2m2026-08-24T05:30:14.949840Z[0m [33m WARN[0m  rx-0 ThreadId(06) [2mzenoh::net::routing::dispatcher::queries[0m[2m:[0m Face{2, 40305f7b3f5b541aa0ec8ecbc8027690}:848 Route reply: Query not found!
[2m2026-08-24T05:30:14.949891Z[0m [33m WARN[0m  rx-0 ThreadId(06) [2mzenoh::net::routing::dispatcher::queries[0m[2m:[0m Face{2, 40305f7b3f5b541aa0ec8ecbc8027690}:848 Route final reply: Query not found!
[2m2026-08-24T05:30:32.934701Z[0m [33m WARN[0m net-0 ThreadId(03) [2mzenoh::net::routing::dispatcher::queries[0m[2m:[0m Face{2, 40305f7b3f5b541aa0ec8ecbc8027690}:852 Didn't receive final reply for query Face{3, 240f29ad66ee40e520487c227ac61e9a}:852: Timeout(10s)!
[2m2026-08-24T05:30:32.934892Z[0m [33m WARN[0m  rx-0 ThreadId(06) [2mzenoh::net::routing::dispatcher::queries[0m[2m:[0m Face{2, 40305f7b3f5b541aa0ec8ecbc8027690}:852 Route reply: Query not found!
[2m2026-08-24T05:30:32.934912Z[0m [33m WARN[0m  rx-0 ThreadId(06) [2mzenoh::net::routing::dispatcher::queries[0m[2m:[0m Face{2, 40305f7b3f5b541aa0ec8ecbc8027690}:852 Route final reply: Query not found!
[2m2026-08-24T05:30:50.901627Z[0m [33m WARN[0m net-0 ThreadId(03) [2mzenoh::net::routing::dispatcher::queries[0m[2m:[0m Face{2, 40305f7b3f5b541aa0ec8ecbc8027690}:856 Didn't receive final reply for query Face{3, 240f29ad66ee40e520487c227ac61e9a}:856: Timeout(10s)!
[2m2026-08-24T05:30:50.901708Z[0m [33m WARN[0m  rx-0 ThreadId(06) [2mzenoh::net::routing::dispatcher::queries[0m[2m:[0m Face{2, 40305f7b3f5b541aa0ec8ecbc8027690}:856 Route reply: Query not found!
[2m2026-08-24T05:30:50.901731Z[0m [33m WARN[0m  rx-0 ThreadId(06) [2mzenoh::net::routing::dispatcher::queries[0m[2m:[0m Face{2, 40305f7b3f5b541aa0ec8ecbc8027690}:856 Route final reply: Query not found!
[2m2026-08-24T05:31:08.961753Z[0m [33m WARN[0m net-0 ThreadId(03) [2mzenoh::net::routing::dispatcher::queries[0m[2m:[0m Face{2, 40305f7b3f5b541aa0ec8ecbc8027690}:860 Route reply: Query not found!
[2m2026-08-24T05:31:26.925781Z[0m [33m WARN[0m net-0 ThreadId(03) [2mzenoh::net::routing::dispatcher::queries[0m[2m:[0m Face{2, 40305f7b3f5b541aa0ec8ecbc8027690}:864 Didn't receive final reply for query Face{3, 240f29ad66ee40e520487c227ac61e9a}:864: Timeout(10s)!
[2m2026-08-24T05:31:26.925815Z[0m [33m WARN[0m  rx-0 ThreadId(06) [2mzenoh::net::routing::dispatcher::queries[0m[2m:[0m Face{2, 40305f7b3f5b541aa0ec8ecbc8027690}:864 Route reply: Query not found!
[2m2026-08-24T05:31:26.925838Z[0m [33m WARN[0m  rx-0 ThreadId(06) [2mzenoh::net::routing::dispatcher::queries[0m[2m:[0m Face{2, 40305f7b3f5b541aa0ec8ecbc8027690}:864 Route final reply: Query not found!
[2m2026-08-24T05:31:44.983655Z[0m [33m WARN[0m net-0 ThreadId(03) [2mzenoh::net::routing::dispatcher::queries[0m[2m:[0m Face{2, 40305f7b3f5b541aa0ec8ecbc8027690}:868 Didn't receive final reply for query Face{3, 240f29ad66ee40e520487c227ac61e9a}:868: Timeout(10s)!
[2m2026-08-24T05:31:44.983781Z[0m [33m WARN[0m  rx-0 ThreadId(06) [2mzenoh::net::routing::dispatcher::queries[0m[2m:[0m Face{2, 40305f7b3f5b541aa0ec8ecbc8027690}:868 Route reply: Query not found!
[2m2026-08-24T05:31:44.983806Z[0m [33m WARN[0m  rx-0 ThreadId(06) [2mzenoh::net::routing::dispatcher::queries[0m[2m:[0m Face{2, 40305f7b3f5b541aa0ec8ecbc8027690}:868 Route final reply: Query not found!
[2m2026-08-24T05:32:02.943682Z[0m [33m WARN[0m net-0 ThreadId(03) [2mzenoh::net::routing::dispatcher::queries[0m[2m:[0m Face{2, 40305f7b3f5b541aa0ec8ecbc8027690}:872 Didn't receive final reply for query Face{3, 240f29ad66ee40e520487c227ac61e9a}:872: Timeout(10s)!
[2m2026-08-24T05:32:02.943966Z[0m [33m WARN[0m  rx-1 ThreadId(07) [2mzenoh::net::routing::dispatcher::queries[0m[2m:[0m Face{2, 40305f7b3f5b541aa0ec8ecbc8027690}:872 Route reply: Query not found!
[2m2026-08-24T05:32:02.943994Z[0m [33m WARN[0m  rx-1 ThreadId(07) [2mzenoh::net::routing::dispatcher::queries[0m[2m:[0m Face{2, 40305f7b3f5b541aa0ec8ecbc8027690}:872 Route final reply: Query not found!
[2m2026-08-24T05:32:20.950856Z[0m [33m WARN[0m net-0 ThreadId(03) [2mzenoh::net::routing::dispatcher::queries[0m[2m:[0m Face{2, 40305f7b3f5b541aa0ec8ecbc8027690}:876 Route reply: Query not found!
[2m2026-08-24T05:32:38.905843Z[0m [33m WARN[0m net-0 ThreadId(03) [2mzenoh::net::routing::dispatcher::queries[0m[2m:[0m Face{2, 40305f7b3f5b541aa0ec8ecbc8027690}:880 Didn't receive final reply for query Face{3, 240f29ad66ee40e520487c227ac61e9a}:880: Timeout(10s)!
[2m2026-08-24T05:32:38.906150Z[0m [33m WARN[0m  rx-0 ThreadId(06) [2mzenoh::net::routing::dispatcher::queries[0m[2m:[0m Face{2, 40305f7b3f5b541aa0ec8ecbc8027690}:880 Route reply: Query not found!
[2m2026-08-24T05:32:38.906177Z[0m [33m WARN[0m  rx-0 ThreadId(06) [2mzenoh::net::routing::dispatcher::queries[0m[2m:[0m Face{2, 40305f7b3f5b541aa0ec8ecbc8027690}:880 Route final reply: Query not found!
[2m2026-08-24T05:32:56.976701Z[0m [33m WARN[0m net-0 ThreadId(03) [2mzenoh::net::routing::dispatcher::queries[0m[2m:[0m Face{2, 40305f7b3f5b541aa0ec8ecbc8027690}:884 Didn't receive final reply for query Face{3, 240f29ad66ee40e520487c227ac61e9a}:884: Timeout(10s)!
[2m2026-08-24T05:32:56.976708Z[0m [33m WARN[0m  rx-1 ThreadId(07) [2mzenoh::net::routing::dispatcher::queries[0m[2m:[0m Face{2, 40305f7b3f5b541aa0ec8ecbc8027690}:884 Route reply: Query not found!
[2m2026-08-24T05:32:56.976744Z[0m [33m WARN[0m  rx-1 ThreadId(07) [2mzenoh::net::routing::dispatcher::queries[0m[2m:[0m Face{2, 40305f7b3f5b541aa0ec8ecbc8027690}:884 Route final reply: Query not found!
[2m2026-08-24T05:33:14.945699Z[0m [33m WARN[0m net-0 ThreadId(03) [2mzenoh::net::routing::dispatcher::queries[0m[2m:[0m Face{2, 40305f7b3f5b541aa0ec8ecbc8027690}:888 Didn't receive final reply for query Face{3, 240f29ad66ee40e520487c227ac61e9a}:888: Timeout(10s)!
[2m2026-08-24T05:33:14.945709Z[0m [33m WARN[0m  rx-1 ThreadId(07) [2mzenoh::net::routing::dispatcher::queries[0m[2m:[0m Face{2, 40305f7b3f5b541aa0ec8ecbc8027690}:888 Route reply: Query not found!
[2m2026-08-24T05:33:14.945746Z[0m [33m WARN[0m  rx-1 ThreadId(07) [2mzenoh::net::routing::dispatcher::queries[0m[2m:[0m Face{2, 40305f7b3f5b541aa0ec8ecbc8027690}:888 Route final reply: Query not found!
[2m2026-08-24T05:33:32.927635Z[0m [33m WARN[0m net-0 ThreadId(03) [2mzenoh::net::routing::dispatcher::queries[0m[2m:[0m Face{2, 40305f7b3f5b541aa0ec8ecbc8027690}:892 Didn't receive final reply for query Face{3, 240f29ad66ee40e520487c227ac61e9a}:892: Timeout(10s)!
[2m2026-08-24T05:33:32.927868Z[0m [33m WARN[0m  rx-0 ThreadId(06) [2mzenoh::net::routing::dispatcher::queries[0m[2m:[0m Face{2, 40305f7b3f5b541aa0ec8ecbc8027690}:892 Route reply: Query not found!
[2m2026-08-24T05:33:32.928947Z[0m [33m WARN[0m  rx-0 ThreadId(06) [2mzenoh::net::routing::dispatcher::queries[0m[2m:[0m Face{2, 40305f7b3f5b541aa0ec8ecbc8027690}:892 Route final reply: Query not found!
[2m2026-08-24T05:33:50.920108Z[0m [33m WARN[0m  rx-1 ThreadId(07) [2mzenoh::net::routing::dispatcher::queries[0m[2m:[0m Face{2, 40305f7b3f5b541aa0ec8ecbc8027690}:896 Route reply: Query not found!
[2m2026-08-24T05:33:50.920108Z[0m [33m WARN[0m net-0 ThreadId(03) [2mzenoh::net::routing::dispatcher::queries[0m[2m:[0m Face{2, 40305f7b3f5b541aa0ec8ecbc8027690}:896 Didn't receive final reply for query Face{3, 240f29ad66ee40e520487c227ac61e9a}:896: Timeout(10s)!
[2m2026-08-24T05:33:50.920179Z[0m [33m WARN[0m  rx-1 ThreadId(07) [2mzenoh::net::routing::dispatcher::queries[0m[2m:[0m Face{2, 40305f7b3f5b541aa0ec8ecbc8027690}:896 Route final reply: Query not found!
[2m2026-08-24T05:34:26.947665Z[0m [33m WARN[0m net-0 ThreadId(03) [2mzenoh::net::routing::dispatcher::queries[0m[2m:[0m Face{2, 40305f7b3f5b541aa0ec8ecbc8027690}:904 Didn't receive final reply for query Face{3, 240f29ad66ee40e520487c227ac61e9a}:904: Timeout(10s)!
[2m2026-08-24T05:34:26.947711Z[0m [33m WARN[0m  rx-0 ThreadId(06) [2mzenoh::net::routing::dispatcher::queries[0m[2m:[0m Face{2, 40305f7b3f5b541aa0ec8ecbc8027690}:904 Route reply: Query not found!
[2m2026-08-24T05:34:26.947736Z[0m [33m WARN[0m  rx-0 ThreadId(06) [2mzenoh::net::routing::dispatcher::queries[0m[2m:[0m Face{2, 40305f7b3f5b541aa0ec8ecbc8027690}:904 Route final reply: Query not found!
[2m2026-08-24T05:34:44.901692Z[0m [33m WARN[0m  rx-0 ThreadId(06) [2mzenoh::net::routing::dispatcher::queries[0m[2m:[0m Face{2, 40305f7b3f5b541aa0ec8ecbc8027690}:908 Route reply: Query not found!
[2m2026-08-24T05:34:44.901689Z[0m [33m WARN[0m net-0 ThreadId(03) [2mzenoh::net::routing::dispatcher::queries[0m[2m:[0m Face{2, 40305f7b3f5b541aa0ec8ecbc8027690}:908 Didn't receive final reply for query Face{3, 240f29ad66ee40e520487c227ac61e9a}:908: Timeout(10s)!
[2m2026-08-24T05:34:44.901735Z[0m [33m WARN[0m  rx-0 ThreadId(06) [2mzenoh::net::routing::dispatcher::queries[0m[2m:[0m Face{2, 40305f7b3f5b541aa0ec8ecbc8027690}:908 Route final reply: Query not found!
[2m2026-08-24T05:35:02.985810Z[0m [33m WARN[0m net-0 ThreadId(03) [2mzenoh::net::routing::dispatcher::queries[0m[2m:[0m Face{2, 40305f7b3f5b541aa0ec8ecbc8027690}:912 Route reply: Query not found!
[2m2026-08-24T05:35:20.946681Z[0m [33m WARN[0m net-0 ThreadId(03) [2mzenoh::net::routing::dispatcher::queries[0m[2m:[0m Face{2, 40305f7b3f5b541aa0ec8ecbc8027690}:916 Didn't receive final reply for query Face{3, 240f29ad66ee40e520487c227ac61e9a}:916: Timeout(10s)!
[2m2026-08-24T05:35:20.946901Z[0m [33m WARN[0m  rx-1 ThreadId(07) [2mzenoh::net::routing::dispatcher::queries[0m[2m:[0m Face{2, 40305f7b3f5b541aa0ec8ecbc8027690}:916 Route reply: Query not found!
[2m2026-08-24T05:35:20.946927Z[0m [33m WARN[0m  rx-1 ThreadId(07) [2mzenoh::net::routing::dispatcher::queries[0m[2m:[0m Face{2, 40305f7b3f5b541aa0ec8ecbc8027690}:916 Route final reply: Query not found!
[2m2026-08-24T05:35:38.911958Z[0m [33m WARN[0m net-0 ThreadId(03) [2mzenoh::net::routing::dispatcher::queries[0m[2m:[0m Face{2, 40305f7b3f5b541aa0ec8ecbc8027690}:920 Didn't receive final reply for query Face{3, 240f29ad66ee40e520487c227ac61e9a}:920: Timeout(10s)!
[2m2026-08-24T05:35:38.913641Z[0m [33m WARN[0m  rx-1 ThreadId(07) [2mzenoh::net::routing::dispatcher::queries[0m[2m:[0m Face{2, 40305f7b3f5b541aa0ec8ecbc8027690}:920 Route reply: Query not found!
[2m2026-08-24T05:35:38.913671Z[0m [33m WARN[0m  rx-1 ThreadId(07) [2mzenoh::net::routing::dispatcher::queries[0m[2m:[0m Face{2, 40305f7b3f5b541aa0ec8ecbc8027690}:920 Route final reply: Query not found!
[2m2026-08-24T05:35:56.988184Z[0m [33m WARN[0m net-0 ThreadId(03) [2mzenoh::net::routing::dispatcher::queries[0m[2m:[0m Face{2, 40305f7b3f5b541aa0ec8ecbc8027690}:924 Route reply: Query not found!
[2m2026-08-24T05:36:14.940737Z[0m [33m WARN[0m net-0 ThreadId(03) [2mzenoh::net::routing::dispatcher::queries[0m[2m:[0m Face{2, 40305f7b3f5b541aa0ec8ecbc8027690}:928 Didn't receive final reply for query Face{3, 240f29ad66ee40e520487c227ac61e9a}:928: Timeout(10s)!
[2m2026-08-24T05:36:14.941749Z[0m [33m WARN[0m  rx-1 ThreadId(07) [2mzenoh::net::routing::dispatcher::queries[0m[2m:[0m Face{2, 40305f7b3f5b541aa0ec8ecbc8027690}:928 Route reply: Query not found!
[2m2026-08-24T05:36:14.941785Z[0m [33m WARN[0m  rx-1 ThreadId(07) [2mzenoh::net::routing::dispatcher::queries[0m[2m:[0m Face{2, 40305f7b3f5b541aa0ec8ecbc8027690}:928 Route final reply: Query not found!
[2m2026-08-24T05:36:32.921854Z[0m [33m WARN[0m net-0 ThreadId(03) [2mzenoh::net::routing::dispatcher::queries[0m[2m:[0m Face{2, 40305f7b3f5b541aa0ec8ecbc8027690}:932 Route reply: Query not found!
[2m2026-08-24T05:36:50.989875Z[0m [33m WARN[0m net-0 ThreadId(03) [2mzenoh::net::routing::dispatcher::queries[0m[2m:[0m Face{2, 40305f7b3f5b541aa0ec8ecbc8027690}:936 Didn't receive final reply for query Face{3, 240f29ad66ee40e520487c227ac61e9a}:936: Timeout(10s)!
[2m2026-08-24T05:36:50.990256Z[0m [33m WARN[0m  rx-0 ThreadId(06) [2mzenoh::net::routing::dispatcher::queries[0m[2m:[0m Face{2, 40305f7b3f5b541aa0ec8ecbc8027690}:936 Route reply: Query not found!
[2m2026-08-24T05:36:50.990293Z[0m [33m WARN[0m  rx-0 ThreadId(06) [2mzenoh::net::routing::dispatcher::queries[0m[2m:[0m Face{2, 40305f7b3f5b541aa0ec8ecbc8027690}:936 Route final reply: Query not found!
[2m2026-08-24T05:37:08.958655Z[0m [33m WARN[0m net-0 ThreadId(03) [2mzenoh::net::routing::dispatcher::queries[0m[2m:[0m Face{2, 40305f7b3f5b541aa0ec8ecbc8027690}:940 Didn't receive final reply for query Face{3, 240f29ad66ee40e520487c227ac61e9a}:940: Timeout(10s)!
[2m2026-08-24T05:37:08.962161Z[0m [33m WARN[0m  rx-1 ThreadId(07) [2mzenoh::net::routing::dispatcher::queries[0m[2m:[0m Face{2, 40305f7b3f5b541aa0ec8ecbc8027690}:940 Route reply: Query not found!
[2m2026-08-24T05:37:08.962200Z[0m [33m WARN[0m  rx-1 ThreadId(07) [2mzenoh::net::routing::dispatcher::queries[0m[2m:[0m Face{2, 40305f7b3f5b541aa0ec8ecbc8027690}:940 Route final reply: Query not found!
[2m2026-08-24T05:37:26.924052Z[0m [33m WARN[0m net-0 ThreadId(03) [2mzenoh::net::routing::dispatcher::queries[0m[2m:[0m Face{2, 40305f7b3f5b541aa0ec8ecbc8027690}:944 Didn't receive final reply for query Face{3, 240f29ad66ee40e520487c227ac61e9a}:944: Timeout(10s)!
[2m2026-08-24T05:37:26.924259Z[0m [33m WARN[0m  rx-1 ThreadId(07) [2mzenoh::net::routing::dispatcher::queries[0m[2m:[0m Face{2, 40305f7b3f5b541aa0ec8ecbc8027690}:944 Route reply: Query not found!
[2m2026-08-24T05:37:26.924281Z[0m [33m WARN[0m  rx-1 ThreadId(07) [2mzenoh::net::routing::dispatcher::queries[0m[2m:[0m Face{2, 40305f7b3f5b541aa0ec8ecbc8027690}:944 Route final reply: Query not found!
[2m2026-08-24T05:37:44.986664Z[0m [33m WARN[0m net-0 ThreadId(03) [2mzenoh::net::routing::dispatcher::queries[0m[2m:[0m Face{2, 40305f7b3f5b541aa0ec8ecbc8027690}:948 Didn't receive final reply for query Face{3, 240f29ad66ee40e520487c227ac61e9a}:948: Timeout(10s)!
[2m2026-08-24T05:37:44.986737Z[0m [33m WARN[0m  rx-1 ThreadId(07) [2mzenoh::net::routing::dispatcher::queries[0m[2m:[0m Face{2, 40305f7b3f5b541aa0ec8ecbc8027690}:948 Route reply: Query not found!
[2m2026-08-24T05:37:44.986767Z[0m [33m WARN[0m  rx-1 ThreadId(07) [2mzenoh::net::routing::dispatcher::queries[0m[2m:[0m Face{2, 40305f7b3f5b541aa0ec8ecbc8027690}:948 Route final reply: Query not found!
[2m2026-08-24T05:38:02.975680Z[0m [33m WARN[0m net-0 ThreadId(03) [2mzenoh::net::routing::dispatcher::queries[0m[2m:[0m Face{2, 40305f7b3f5b541aa0ec8ecbc8027690}:952 Didn't receive final reply for query Face{3, 240f29ad66ee40e520487c227ac61e9a}:952: Timeout(10s)!
[2m2026-08-24T05:38:02.977742Z[0m [33m WARN[0m  rx-1 ThreadId(07) [2mzenoh::net::routing::dispatcher::queries[0m[2m:[0m Face{2, 40305f7b3f5b541aa0ec8ecbc8027690}:952 Route reply: Query not found!
[2m2026-08-24T05:38:02.977775Z[0m [33m WARN[0m  rx-1 ThreadId(07) [2mzenoh::net::routing::dispatcher::queries[0m[2m:[0m Face{2, 40305f7b3f5b541aa0ec8ecbc8027690}:952 Route final reply: Query not found!
[2m2026-08-24T05:38:20.936680Z[0m [33m WARN[0m net-0 ThreadId(03) [2mzenoh::net::routing::dispatcher::queries[0m[2m:[0m Face{2, 40305f7b3f5b541aa0ec8ecbc8027690}:956 Didn't receive final reply for query Face{3, 240f29ad66ee40e520487c227ac61e9a}:956: Timeout(10s)!
[2m2026-08-24T05:38:20.936745Z[0m [33m WARN[0m  rx-1 ThreadId(07) [2mzenoh::net::routing::dispatcher::queries[0m[2m:[0m Face{2, 40305f7b3f5b541aa0ec8ecbc8027690}:956 Route reply: Query not found!
[2m2026-08-24T05:38:20.936766Z[0m [33m WARN[0m  rx-1 ThreadId(07) [2mzenoh::net::routing::dispatcher::queries[0m[2m:[0m Face{2, 40305f7b3f5b541aa0ec8ecbc8027690}:956 Route final reply: Query not found!
[2m2026-08-24T05:38:38.905749Z[0m [33m WARN[0m net-0 ThreadId(03) [2mzenoh::net::routing::dispatcher::queries[0m[2m:[0m Face{2, 40305f7b3f5b541aa0ec8ecbc8027690}:960 Didn't receive final reply for query Face{3, 240f29ad66ee40e520487c227ac61e9a}:960: Timeout(10s)!
[2m2026-08-24T05:38:38.905781Z[0m [33m WARN[0m  rx-1 ThreadId(07) [2mzenoh::net::routing::dispatcher::queries[0m[2m:[0m Face{2, 40305f7b3f5b541aa0ec8ecbc8027690}:960 Route reply: Query not found!
[2m2026-08-24T05:38:38.905804Z[0m [33m WARN[0m  rx-1 ThreadId(07) [2mzenoh::net::routing::dispatcher::queries[0m[2m:[0m Face{2, 40305f7b3f5b541aa0ec8ecbc8027690}:960 Route final reply: Query not found!
[2m2026-08-24T05:38:56.969884Z[0m [33m WARN[0m net-0 ThreadId(03) [2mzenoh::net::routing::dispatcher::queries[0m[2m:[0m Face{2, 40305f7b3f5b541aa0ec8ecbc8027690}:964 Didn't receive final reply for query Face{3, 240f29ad66ee40e520487c227ac61e9a}:964: Timeout(10s)!
[2m2026-08-24T05:38:56.970177Z[0m [33m WARN[0m  rx-1 ThreadId(07) [2mzenoh::net::routing::dispatcher::queries[0m[2m:[0m Face{2, 40305f7b3f5b541aa0ec8ecbc8027690}:964 Route reply: Query not found!
[2m2026-08-24T05:38:56.970213Z[0m [33m WARN[0m  rx-1 ThreadId(07) [2mzenoh::net::routing::dispatcher::queries[0m[2m:[0m Face{2, 40305f7b3f5b541aa0ec8ecbc8027690}:964 Route final reply: Query not found!
[2m2026-08-24T05:39:14.934671Z[0m [33m WARN[0m net-0 ThreadId(03) [2mzenoh::net::routing::dispatcher::queries[0m[2m:[0m Face{2, 40305f7b3f5b541aa0ec8ecbc8027690}:968 Didn't receive final reply for query Face{3, 240f29ad66ee40e520487c227ac61e9a}:968: Timeout(10s)!
[2m2026-08-24T05:39:14.934810Z[0m [33m WARN[0m  rx-0 ThreadId(06) [2mzenoh::net::routing::dispatcher::queries[0m[2m:[0m Face{2, 40305f7b3f5b541aa0ec8ecbc8027690}:968 Route reply: Query not found!
[2m2026-08-24T05:39:14.934835Z[0m [33m WARN[0m  rx-0 ThreadId(06) [2mzenoh::net::routing::dispatcher::queries[0m[2m:[0m Face{2, 40305f7b3f5b541aa0ec8ecbc8027690}:968 Route final reply: Query not found!
[2m2026-08-24T05:39:50.984655Z[0m [33m WARN[0m net-0 ThreadId(03) [2mzenoh::net::routing::dispatcher::queries[0m[2m:[0m Face{2, 40305f7b3f5b541aa0ec8ecbc8027690}:976 Didn't receive final reply for query Face{3, 240f29ad66ee40e520487c227ac61e9a}:976: Timeout(10s)!
[2m2026-08-24T05:39:50.984720Z[0m [33m WARN[0m  rx-1 ThreadId(07) [2mzenoh::net::routing::dispatcher::queries[0m[2m:[0m Face{2, 40305f7b3f5b541aa0ec8ecbc8027690}:976 Route reply: Query not found!
[2m2026-08-24T05:39:50.984748Z[0m [33m WARN[0m  rx-1 ThreadId(07) [2mzenoh::net::routing::dispatcher::queries[0m[2m:[0m Face{2, 40305f7b3f5b541aa0ec8ecbc8027690}:976 Route final reply: Query not found!
[2m2026-08-24T05:40:08.985710Z[0m [33m WARN[0m net-0 ThreadId(03) [2mzenoh::net::routing::dispatcher::queries[0m[2m:[0m Face{2, 40305f7b3f5b541aa0ec8ecbc8027690}:980 Didn't receive final reply for query Face{3, 240f29ad66ee40e520487c227ac61e9a}:980: Timeout(10s)!
[2m2026-08-24T05:40:08.986161Z[0m [33m WARN[0m  rx-1 ThreadId(07) [2mzenoh::net::routing::dispatcher::queries[0m[2m:[0m Face{2, 40305f7b3f5b541aa0ec8ecbc8027690}:980 Route reply: Query not found!
[2m2026-08-24T05:40:08.986197Z[0m [33m WARN[0m  rx-1 ThreadId(07) [2mzenoh::net::routing::dispatcher::queries[0m[2m:[0m Face{2, 40305f7b3f5b541aa0ec8ecbc8027690}:980 Route final reply: Query not found!
[2m2026-08-24T05:40:26.908705Z[0m [33m WARN[0m net-0 ThreadId(03) [2mzenoh::net::routing::dispatcher::queries[0m[2m:[0m Face{2, 40305f7b3f5b541aa0ec8ecbc8027690}:984 Didn't receive final reply for query Face{3, 240f29ad66ee40e520487c227ac61e9a}:984: Timeout(10s)!
[2m2026-08-24T05:40:26.908988Z[0m [33m WARN[0m  rx-1 ThreadId(07) [2mzenoh::net::routing::dispatcher::queries[0m[2m:[0m Face{2, 40305f7b3f5b541aa0ec8ecbc8027690}:984 Route reply: Query not found!
[2m2026-08-24T05:40:26.909014Z[0m [33m WARN[0m  rx-1 ThreadId(07) [2mzenoh::net::routing::dispatcher::queries[0m[2m:[0m Face{2, 40305f7b3f5b541aa0ec8ecbc8027690}:984 Route final reply: Query not found!
[2m2026-08-24T05:40:44.977758Z[0m [33m WARN[0m net-0 ThreadId(03) [2mzenoh::net::routing::dispatcher::queries[0m[2m:[0m Face{2, 40305f7b3f5b541aa0ec8ecbc8027690}:988 Didn't receive final reply for query Face{3, 240f29ad66ee40e520487c227ac61e9a}:988: Timeout(10s)!
[2m2026-08-24T05:40:44.977872Z[0m [33m WARN[0m  rx-1 ThreadId(07) [2mzenoh::net::routing::dispatcher::queries[0m[2m:[0m Face{2, 40305f7b3f5b541aa0ec8ecbc8027690}:988 Route reply: Query not found!
[2m2026-08-24T05:40:44.977910Z[0m [33m WARN[0m  rx-1 ThreadId(07) [2mzenoh::net::routing::dispatcher::queries[0m[2m:[0m Face{2, 40305f7b3f5b541aa0ec8ecbc8027690}:988 Route final reply: Query not found!
[2m2026-08-24T05:41:02.950256Z[0m [33m WARN[0m net-0 ThreadId(03) [2mzenoh::net::routing::dispatcher::queries[0m[2m:[0m Face{2, 40305f7b3f5b541aa0ec8ecbc8027690}:992 Didn't receive final reply for query Face{3, 240f29ad66ee40e520487c227ac61e9a}:992: Timeout(10s)!
[2m2026-08-24T05:41:02.950460Z[0m [33m WARN[0m  rx-1 ThreadId(07) [2mzenoh::net::routing::dispatcher::queries[0m[2m:[0m Face{2, 40305f7b3f5b541aa0ec8ecbc8027690}:992 Route reply: Query not found!
[2m2026-08-24T05:41:02.950483Z[0m [33m WARN[0m  rx-1 ThreadId(07) [2mzenoh::net::routing::dispatcher::queries[0m[2m:[0m Face{2, 40305f7b3f5b541aa0ec8ecbc8027690}:992 Route final reply: Query not found!
[2m2026-08-24T05:41:20.918679Z[0m [33m WARN[0m net-0 ThreadId(03) [2mzenoh::net::routing::dispatcher::queries[0m[2m:[0m Face{2, 40305f7b3f5b541aa0ec8ecbc8027690}:996 Didn't receive final reply for query Face{3, 240f29ad66ee40e520487c227ac61e9a}:996: Timeout(10s)!
[2m2026-08-24T05:41:20.918744Z[0m [33m WARN[0m  rx-0 ThreadId(06) [2mzenoh::net::routing::dispatcher::queries[0m[2m:[0m Face{2, 40305f7b3f5b541aa0ec8ecbc8027690}:996 Route reply: Query not found!
[2m2026-08-24T05:41:20.918776Z[0m [33m WARN[0m  rx-0 ThreadId(06) [2mzenoh::net::routing::dispatcher::queries[0m[2m:[0m Face{2, 40305f7b3f5b541aa0ec8ecbc8027690}:996 Route final reply: Query not found!
[2m2026-08-24T05:41:38.977685Z[0m [33m WARN[0m net-0 ThreadId(03) [2mzenoh::net::routing::dispatcher::queries[0m[2m:[0m Face{2, 40305f7b3f5b541aa0ec8ecbc8027690}:1000 Didn't receive final reply for query Face{3, 240f29ad66ee40e520487c227ac61e9a}:1000: Timeout(10s)!
[2m2026-08-24T05:41:38.977744Z[0m [33m WARN[0m  rx-0 ThreadId(06) [2mzenoh::net::routing::dispatcher::queries[0m[2m:[0m Face{2, 40305f7b3f5b541aa0ec8ecbc8027690}:1000 Route reply: Query not found!
[2m2026-08-24T05:41:38.977772Z[0m [33m WARN[0m  rx-0 ThreadId(06) [2mzenoh::net::routing::dispatcher::queries[0m[2m:[0m Face{2, 40305f7b3f5b541aa0ec8ecbc8027690}:1000 Route final reply: Query not found!
[2m2026-08-24T05:41:56.939820Z[0m [33m WARN[0m net-0 ThreadId(03) [2mzenoh::net::routing::dispatcher::queries[0m[2m:[0m Face{2, 40305f7b3f5b541aa0ec8ecbc8027690}:1004 Didn't receive final reply for query Face{3, 240f29ad66ee40e520487c227ac61e9a}:1004: Timeout(10s)!
[2m2026-08-24T05:41:56.940942Z[0m [33m WARN[0m  rx-0 ThreadId(06) [2mzenoh::net::routing::dispatcher::queries[0m[2m:[0m Face{2, 40305f7b3f5b541aa0ec8ecbc8027690}:1004 Route reply: Query not found!
[2m2026-08-24T05:41:56.940973Z[0m [33m WARN[0m  rx-0 ThreadId(06) [2mzenoh::net::routing::dispatcher::queries[0m[2m:[0m Face{2, 40305f7b3f5b541aa0ec8ecbc8027690}:1004 Route final reply: Query not found!
[2m2026-08-24T05:42:14.905722Z[0m [33m WARN[0m net-0 ThreadId(03) [2mzenoh::net::routing::dispatcher::queries[0m[2m:[0m Face{2, 40305f7b3f5b541aa0ec8ecbc8027690}:1008 Didn't receive final reply for query Face{3, 240f29ad66ee40e520487c227ac61e9a}:1008: Timeout(10s)!
[2m2026-08-24T05:42:14.905931Z[0m [33m WARN[0m  rx-1 ThreadId(07) [2mzenoh::net::routing::dispatcher::queries[0m[2m:[0m Face{2, 40305f7b3f5b541aa0ec8ecbc8027690}:1008 Route reply: Query not found!
[2m2026-08-24T05:42:14.905952Z[0m [33m WARN[0m  rx-1 ThreadId(07) [2mzenoh::net::routing::dispatcher::queries[0m[2m:[0m Face{2, 40305f7b3f5b541aa0ec8ecbc8027690}:1008 Route final reply: Query not found!
[2m2026-08-24T05:42:32.968044Z[0m [33m WARN[0m net-0 ThreadId(03) [2mzenoh::net::routing::dispatcher::queries[0m[2m:[0m Face{2, 40305f7b3f5b541aa0ec8ecbc8027690}:1012 Didn't receive final reply for query Face{3, 240f29ad66ee40e520487c227ac61e9a}:1012: Timeout(10s)!
[2m2026-08-24T05:42:32.968116Z[0m [33m WARN[0m  rx-0 ThreadId(06) [2mzenoh::net::routing::dispatcher::queries[0m[2m:[0m Face{2, 40305f7b3f5b541aa0ec8ecbc8027690}:1012 Route reply: Query not found!
[2m2026-08-24T05:42:32.968156Z[0m [33m WARN[0m  rx-0 ThreadId(06) [2mzenoh::net::routing::dispatcher::queries[0m[2m:[0m Face{2, 40305f7b3f5b541aa0ec8ecbc8027690}:1012 Route final reply: Query not found!
[2m2026-08-24T05:42:50.926734Z[0m [33m WARN[0m net-0 ThreadId(03) [2mzenoh::net::routing::dispatcher::queries[0m[2m:[0m Face{2, 40305f7b3f5b541aa0ec8ecbc8027690}:1016 Didn't receive final reply for query Face{3, 240f29ad66ee40e520487c227ac61e9a}:1016: Timeout(10s)!
[2m2026-08-24T05:42:50.928266Z[0m [33m WARN[0m  rx-0 ThreadId(06) [2mzenoh::net::routing::dispatcher::queries[0m[2m:[0m Face{2, 40305f7b3f5b541aa0ec8ecbc8027690}:1016 Route reply: Query not found!
[2m2026-08-24T05:42:50.928290Z[0m [33m WARN[0m  rx-0 ThreadId(06) [2mzenoh::net::routing::dispatcher::queries[0m[2m:[0m Face{2, 40305f7b3f5b541aa0ec8ecbc8027690}:1016 Route final reply: Query not found!
[2m2026-08-24T05:43:08.988700Z[0m [33m WARN[0m net-0 ThreadId(03) [2mzenoh::net::routing::dispatcher::queries[0m[2m:[0m Face{2, 40305f7b3f5b541aa0ec8ecbc8027690}:1020 Didn't receive final reply for query Face{3, 240f29ad66ee40e520487c227ac61e9a}:1020: Timeout(10s)!
[2m2026-08-24T05:43:08.988835Z[0m [33m WARN[0m  rx-0 ThreadId(06) [2mzenoh::net::routing::dispatcher::queries[0m[2m:[0m Face{2, 40305f7b3f5b541aa0ec8ecbc8027690}:1020 Route reply: Query not found!
[2m2026-08-24T05:43:08.988859Z[0m [33m WARN[0m  rx-0 ThreadId(06) [2mzenoh::net::routing::dispatcher::queries[0m[2m:[0m Face{2, 40305f7b3f5b541aa0ec8ecbc8027690}:1020 Route final reply: Query not found!
[2m2026-08-24T05:43:26.958669Z[0m [33m WARN[0m net-0 ThreadId(03) [2mzenoh::net::routing::dispatcher::queries[0m[2m:[0m Face{2, 40305f7b3f5b541aa0ec8ecbc8027690}:1024 Didn't receive final reply for query Face{3, 240f29ad66ee40e520487c227ac61e9a}:1024: Timeout(10s)!
[2m2026-08-24T05:43:26.958870Z[0m [33m WARN[0m  rx-0 ThreadId(06) [2mzenoh::net::routing::dispatcher::queries[0m[2m:[0m Face{2, 40305f7b3f5b541aa0ec8ecbc8027690}:1024 Route reply: Query not found!
[2m2026-08-24T05:43:26.958882Z[0m [33m WARN[0m  rx-0 ThreadId(06) [2mzenoh::net::routing::dispatcher::queries[0m[2m:[0m Face{2, 40305f7b3f5b541aa0ec8ecbc8027690}:1024 Route final reply: Query not found!
[2m2026-08-24T05:43:44.928686Z[0m [33m WARN[0m net-0 ThreadId(03) [2mzenoh::net::routing::dispatcher::queries[0m[2m:[0m Face{2, 40305f7b3f5b541aa0ec8ecbc8027690}:1028 Didn't receive final reply for query Face{3, 240f29ad66ee40e520487c227ac61e9a}:1028: Timeout(10s)!
[2m2026-08-24T05:43:44.928744Z[0m [33m WARN[0m  rx-1 ThreadId(07) [2mzenoh::net::routing::dispatcher::queries[0m[2m:[0m Face{2, 40305f7b3f5b541aa0ec8ecbc8027690}:1028 Route reply: Query not found!
[2m2026-08-24T05:43:44.928766Z[0m [33m WARN[0m  rx-1 ThreadId(07) [2mzenoh::net::routing::dispatcher::queries[0m[2m:[0m Face{2, 40305f7b3f5b541aa0ec8ecbc8027690}:1028 Route final reply: Query not found!
[2m2026-08-24T05:44:20.980688Z[0m [33m WARN[0m net-0 ThreadId(03) [2mzenoh::net::routing::dispatcher::queries[0m[2m:[0m Face{2, 40305f7b3f5b541aa0ec8ecbc8027690}:1036 Didn't receive final reply for query Face{3, 240f29ad66ee40e520487c227ac61e9a}:1036: Timeout(10s)!
[2m2026-08-24T05:44:20.982087Z[0m [33m WARN[0m  rx-1 ThreadId(07) [2mzenoh::net::routing::dispatcher::queries[0m[2m:[0m Face{2, 40305f7b3f5b541aa0ec8ecbc8027690}:1036 Route reply: Query not found!
[2m2026-08-24T05:44:20.982210Z[0m [33m WARN[0m  rx-1 ThreadId(07) [2mzenoh::net::routing::dispatcher::queries[0m[2m:[0m Face{2, 40305f7b3f5b541aa0ec8ecbc8027690}:1036 Route final reply: Query not found!
[2m2026-08-24T05:44:38.940811Z[0m [33m WARN[0m net-0 ThreadId(03) [2mzenoh::net::routing::dispatcher::queries[0m[2m:[0m Face{2, 40305f7b3f5b541aa0ec8ecbc8027690}:1040 Didn't receive final reply for query Face{3, 240f29ad66ee40e520487c227ac61e9a}:1040: Timeout(10s)!
[2m2026-08-24T05:44:38.940819Z[0m [33m WARN[0m  rx-1 ThreadId(07) [2mzenoh::net::routing::dispatcher::queries[0m[2m:[0m Face{2, 40305f7b3f5b541aa0ec8ecbc8027690}:1040 Route final reply: Query not found!
[2m2026-08-24T05:45:14.954666Z[0m [33m WARN[0m net-0 ThreadId(03) [2mzenoh::net::routing::dispatcher::queries[0m[2m:[0m Face{2, 40305f7b3f5b541aa0ec8ecbc8027690}:1048 Didn't receive final reply for query Face{3, 240f29ad66ee40e520487c227ac61e9a}:1048: Timeout(10s)!
[2m2026-08-24T05:45:14.954804Z[0m [33m WARN[0m  rx-1 ThreadId(07) [2mzenoh::net::routing::dispatcher::queries[0m[2m:[0m Face{2, 40305f7b3f5b541aa0ec8ecbc8027690}:1048 Route reply: Query not found!
[2m2026-08-24T05:45:14.954827Z[0m [33m WARN[0m  rx-1 ThreadId(07) [2mzenoh::net::routing::dispatcher::queries[0m[2m:[0m Face{2, 40305f7b3f5b541aa0ec8ecbc8027690}:1048 Route final reply: Query not found!
[2m2026-08-24T05:45:32.930688Z[0m [33m WARN[0m net-0 ThreadId(03) [2mzenoh::net::routing::dispatcher::queries[0m[2m:[0m Face{2, 40305f7b3f5b541aa0ec8ecbc8027690}:1052 Didn't receive final reply for query Face{3, 240f29ad66ee40e520487c227ac61e9a}:1052: Timeout(10s)!
[2m2026-08-24T05:45:32.930745Z[0m [33m WARN[0m  rx-1 ThreadId(07) [2mzenoh::net::routing::dispatcher::queries[0m[2m:[0m Face{2, 40305f7b3f5b541aa0ec8ecbc8027690}:1052 Route reply: Query not found!
[2m2026-08-24T05:45:32.930773Z[0m [33m WARN[0m  rx-1 ThreadId(07) [2mzenoh::net::routing::dispatcher::queries[0m[2m:[0m Face{2, 40305f7b3f5b541aa0ec8ecbc8027690}:1052 Route final reply: Query not found!
[2m2026-08-24T05:45:51.006700Z[0m [33m WARN[0m net-0 ThreadId(03) [2mzenoh::net::routing::dispatcher::queries[0m[2m:[0m Face{2, 40305f7b3f5b541aa0ec8ecbc8027690}:1056 Didn't receive final reply for query Face{3, 240f29ad66ee40e520487c227ac61e9a}:1056: Timeout(10s)!
[2m2026-08-24T05:45:51.006759Z[0m [33m WARN[0m  rx-0 ThreadId(06) [2mzenoh::net::routing::dispatcher::queries[0m[2m:[0m Face{2, 40305f7b3f5b541aa0ec8ecbc8027690}:1056 Route reply: Query not found!
[2m2026-08-24T05:45:51.006817Z[0m [33m WARN[0m  rx-0 ThreadId(06) [2mzenoh::net::routing::dispatcher::queries[0m[2m:[0m Face{2, 40305f7b3f5b541aa0ec8ecbc8027690}:1056 Route final reply: Query not found!
[2m2026-08-24T05:46:08.962713Z[0m [33m WARN[0m net-0 ThreadId(03) [2mzenoh::net::routing::dispatcher::queries[0m[2m:[0m Face{2, 40305f7b3f5b541aa0ec8ecbc8027690}:1060 Didn't receive final reply for query Face{3, 240f29ad66ee40e520487c227ac61e9a}:1060: Timeout(10s)!
[2m2026-08-24T05:46:08.962772Z[0m [33m WARN[0m  rx-0 ThreadId(06) [2mzenoh::net::routing::dispatcher::queries[0m[2m:[0m Face{2, 40305f7b3f5b541aa0ec8ecbc8027690}:1060 Route reply: Query not found!
[2m2026-08-24T05:46:08.962795Z[0m [33m WARN[0m  rx-0 ThreadId(06) [2mzenoh::net::routing::dispatcher::queries[0m[2m:[0m Face{2, 40305f7b3f5b541aa0ec8ecbc8027690}:1060 Route final reply: Query not found!
[2m2026-08-24T05:46:44.980706Z[0m [33m WARN[0m net-0 ThreadId(03) [2mzenoh::net::routing::dispatcher::queries[0m[2m:[0m Face{2, 40305f7b3f5b541aa0ec8ecbc8027690}:1068 Didn't receive final reply for query Face{3, 240f29ad66ee40e520487c227ac61e9a}:1068: Timeout(10s)!
[2m2026-08-24T05:46:44.980750Z[0m [33m WARN[0m  rx-0 ThreadId(06) [2mzenoh::net::routing::dispatcher::queries[0m[2m:[0m Face{2, 40305f7b3f5b541aa0ec8ecbc8027690}:1068 Route reply: Query not found!
[2m2026-08-24T05:46:44.980772Z[0m [33m WARN[0m  rx-0 ThreadId(06) [2mzenoh::net::routing::dispatcher::queries[0m[2m:[0m Face{2, 40305f7b3f5b541aa0ec8ecbc8027690}:1068 Route final reply: Query not found!
[2m2026-08-24T05:47:02.941765Z[0m [33m WARN[0m net-0 ThreadId(03) [2mzenoh::net::routing::dispatcher::queries[0m[2m:[0m Face{2, 40305f7b3f5b541aa0ec8ecbc8027690}:1072 Didn't receive final reply for query Face{3, 240f29ad66ee40e520487c227ac61e9a}:1072: Timeout(10s)!
[2m2026-08-24T05:47:02.942020Z[0m [33m WARN[0m  rx-1 ThreadId(07) [2mzenoh::net::routing::dispatcher::queries[0m[2m:[0m Face{2, 40305f7b3f5b541aa0ec8ecbc8027690}:1072 Route reply: Query not found!
[2m2026-08-24T05:47:02.942063Z[0m [33m WARN[0m  rx-1 ThreadId(07) [2mzenoh::net::routing::dispatcher::queries[0m[2m:[0m Face{2, 40305f7b3f5b541aa0ec8ecbc8027690}:1072 Route final reply: Query not found!
[2m2026-08-24T05:47:20.911843Z[0m [33m WARN[0m net-0 ThreadId(03) [2mzenoh::net::routing::dispatcher::queries[0m[2m:[0m Face{2, 40305f7b3f5b541aa0ec8ecbc8027690}:1076 Didn't receive final reply for query Face{3, 240f29ad66ee40e520487c227ac61e9a}:1076: Timeout(10s)!
[2m2026-08-24T05:47:20.912641Z[0m [33m WARN[0m  rx-1 ThreadId(07) [2mzenoh::net::routing::dispatcher::queries[0m[2m:[0m Face{2, 40305f7b3f5b541aa0ec8ecbc8027690}:1076 Route reply: Query not found!
[2m2026-08-24T05:47:20.912667Z[0m [33m WARN[0m  rx-1 ThreadId(07) [2mzenoh::net::routing::dispatcher::queries[0m[2m:[0m Face{2, 40305f7b3f5b541aa0ec8ecbc8027690}:1076 Route final reply: Query not found!
[2m2026-08-24T05:47:38.983697Z[0m [33m WARN[0m net-0 ThreadId(03) [2mzenoh::net::routing::dispatcher::queries[0m[2m:[0m Face{2, 40305f7b3f5b541aa0ec8ecbc8027690}:1080 Didn't receive final reply for query Face{3, 240f29ad66ee40e520487c227ac61e9a}:1080: Timeout(10s)!
[2m2026-08-24T05:47:38.983741Z[0m [33m WARN[0m  rx-0 ThreadId(06) [2mzenoh::net::routing::dispatcher::queries[0m[2m:[0m Face{2, 40305f7b3f5b541aa0ec8ecbc8027690}:1080 Route reply: Query not found!
[2m2026-08-24T05:47:38.983787Z[0m [33m WARN[0m  rx-0 ThreadId(06) [2mzenoh::net::routing::dispatcher::queries[0m[2m:[0m Face{2, 40305f7b3f5b541aa0ec8ecbc8027690}:1080 Route final reply: Query not found!
[2m2026-08-24T05:48:14.959718Z[0m [33m WARN[0m net-0 ThreadId(03) [2mzenoh::net::routing::dispatcher::queries[0m[2m:[0m Face{2, 40305f7b3f5b541aa0ec8ecbc8027690}:1088 Didn't receive final reply for query Face{3, 240f29ad66ee40e520487c227ac61e9a}:1088: Timeout(10s)!
[2m2026-08-24T05:48:14.959733Z[0m [33m WARN[0m  rx-0 ThreadId(06) [2mzenoh::net::routing::dispatcher::queries[0m[2m:[0m Face{2, 40305f7b3f5b541aa0ec8ecbc8027690}:1088 Route reply: Query not found!
[2m2026-08-24T05:48:14.959773Z[0m [33m WARN[0m  rx-0 ThreadId(06) [2mzenoh::net::routing::dispatcher::queries[0m[2m:[0m Face{2, 40305f7b3f5b541aa0ec8ecbc8027690}:1088 Route final reply: Query not found!
[2m2026-08-24T05:48:32.978764Z[0m [33m WARN[0m net-0 ThreadId(03) [2mzenoh::net::routing::dispatcher::queries[0m[2m:[0m Face{2, 40305f7b3f5b541aa0ec8ecbc8027690}:1092 Route reply: Query not found!
[2m2026-08-24T05:48:50.904663Z[0m [33m WARN[0m net-0 ThreadId(03) [2mzenoh::net::routing::dispatcher::queries[0m[2m:[0m Face{2, 40305f7b3f5b541aa0ec8ecbc8027690}:1096 Didn't receive final reply for query Face{3, 240f29ad66ee40e520487c227ac61e9a}:1096: Timeout(10s)!
[2m2026-08-24T05:48:50.905235Z[0m [33m WARN[0m  rx-1 ThreadId(07) [2mzenoh::net::routing::dispatcher::queries[0m[2m:[0m Face{2, 40305f7b3f5b541aa0ec8ecbc8027690}:1096 Route reply: Query not found!
[2m2026-08-24T05:48:50.905259Z[0m [33m WARN[0m  rx-1 ThreadId(07) [2mzenoh::net::routing::dispatcher::queries[0m[2m:[0m Face{2, 40305f7b3f5b541aa0ec8ecbc8027690}:1096 Route final reply: Query not found!
[2m2026-08-24T05:49:08.920737Z[0m [33m WARN[0m net-0 ThreadId(03) [2mzenoh::net::routing::dispatcher::queries[0m[2m:[0m Face{2, 40305f7b3f5b541aa0ec8ecbc8027690}:1100 Didn't receive final reply for query Face{3, 240f29ad66ee40e520487c227ac61e9a}:1100: Timeout(10s)!
[2m2026-08-24T05:49:08.920862Z[0m [33m WARN[0m  rx-0 ThreadId(06) [2mzenoh::net::routing::dispatcher::queries[0m[2m:[0m Face{2, 40305f7b3f5b541aa0ec8ecbc8027690}:1100 Route reply: Query not found!
[2m2026-08-24T05:49:08.920891Z[0m [33m WARN[0m  rx-0 ThreadId(06) [2mzenoh::net::routing::dispatcher::queries[0m[2m:[0m Face{2, 40305f7b3f5b541aa0ec8ecbc8027690}:1100 Route final reply: Query not found!
[2m2026-08-24T05:49:44.955666Z[0m [33m WARN[0m net-0 ThreadId(03) [2mzenoh::net::routing::dispatcher::queries[0m[2m:[0m Face{2, 40305f7b3f5b541aa0ec8ecbc8027690}:1108 Didn't receive final reply for query Face{3, 240f29ad66ee40e520487c227ac61e9a}:1108: Timeout(10s)!
[2m2026-08-24T05:49:44.955741Z[0m [33m WARN[0m  rx-1 ThreadId(07) [2mzenoh::net::routing::dispatcher::queries[0m[2m:[0m Face{2, 40305f7b3f5b541aa0ec8ecbc8027690}:1108 Route reply: Query not found!
[2m2026-08-24T05:49:44.955785Z[0m [33m WARN[0m  rx-1 ThreadId(07) [2mzenoh::net::routing::dispatcher::queries[0m[2m:[0m Face{2, 40305f7b3f5b541aa0ec8ecbc8027690}:1108 Route final reply: Query not found!
[2m2026-08-24T05:50:02.912665Z[0m [33m WARN[0m net-0 ThreadId(03) [2mzenoh::net::routing::dispatcher::queries[0m[2m:[0m Face{2, 40305f7b3f5b541aa0ec8ecbc8027690}:1112 Didn't receive final reply for query Face{3, 240f29ad66ee40e520487c227ac61e9a}:1112: Timeout(10s)!
[2m2026-08-24T05:50:02.913779Z[0m [33m WARN[0m  rx-1 ThreadId(07) [2mzenoh::net::routing::dispatcher::queries[0m[2m:[0m Face{2, 40305f7b3f5b541aa0ec8ecbc8027690}:1112 Route reply: Query not found!
[2m2026-08-24T05:50:02.913815Z[0m [33m WARN[0m  rx-1 ThreadId(07) [2mzenoh::net::routing::dispatcher::queries[0m[2m:[0m Face{2, 40305f7b3f5b541aa0ec8ecbc8027690}:1112 Route final reply: Query not found!
[2m2026-08-24T05:50:20.972083Z[0m [33m WARN[0m net-0 ThreadId(03) [2mzenoh::net::routing::dispatcher::queries[0m[2m:[0m Face{2, 40305f7b3f5b541aa0ec8ecbc8027690}:1116 Didn't receive final reply for query Face{3, 240f29ad66ee40e520487c227ac61e9a}:1116: Timeout(10s)!
[2m2026-08-24T05:50:20.972216Z[0m [33m WARN[0m  rx-1 ThreadId(07) [2mzenoh::net::routing::dispatcher::queries[0m[2m:[0m Face{2, 40305f7b3f5b541aa0ec8ecbc8027690}:1116 Route reply: Query not found!
[2m2026-08-24T05:50:20.972243Z[0m [33m WARN[0m  rx-1 ThreadId(07) [2mzenoh::net::routing::dispatcher::queries[0m[2m:[0m Face{2, 40305f7b3f5b541aa0ec8ecbc8027690}:1116 Route final reply: Query not found!
[2m2026-08-24T05:50:38.929729Z[0m [33m WARN[0m net-0 ThreadId(03) [2mzenoh::net::routing::dispatcher::queries[0m[2m:[0m Face{2, 40305f7b3f5b541aa0ec8ecbc8027690}:1120 Didn't receive final reply for query Face{3, 240f29ad66ee40e520487c227ac61e9a}:1120: Timeout(10s)!
[2m2026-08-24T05:50:38.929740Z[0m [33m WARN[0m  rx-1 ThreadId(07) [2mzenoh::net::routing::dispatcher::queries[0m[2m:[0m Face{2, 40305f7b3f5b541aa0ec8ecbc8027690}:1120 Route reply: Query not found!
[2m2026-08-24T05:50:38.929792Z[0m [33m WARN[0m  rx-1 ThreadId(07) [2mzenoh::net::routing::dispatcher::queries[0m[2m:[0m Face{2, 40305f7b3f5b541aa0ec8ecbc8027690}:1120 Route final reply: Query not found!
[2m2026-08-24T05:50:56.991195Z[0m [33m WARN[0m net-0 ThreadId(03) [2mzenoh::net::routing::dispatcher::queries[0m[2m:[0m Face{2, 40305f7b3f5b541aa0ec8ecbc8027690}:1124 Didn't receive final reply for query Face{3, 240f29ad66ee40e520487c227ac61e9a}:1124: Timeout(10s)!
[2m2026-08-24T05:50:56.993823Z[0m [33m WARN[0m  rx-0 ThreadId(06) [2mzenoh::net::routing::dispatcher::queries[0m[2m:[0m Face{2, 40305f7b3f5b541aa0ec8ecbc8027690}:1124 Route reply: Query not found!
[2m2026-08-24T05:50:56.993866Z[0m [33m WARN[0m  rx-0 ThreadId(06) [2mzenoh::net::routing::dispatcher::queries[0m[2m:[0m Face{2, 40305f7b3f5b541aa0ec8ecbc8027690}:1124 Route final reply: Query not found!
[2m2026-08-24T05:51:14.993689Z[0m [33m WARN[0m  rx-1 ThreadId(07) [2mzenoh::net::routing::dispatcher::queries[0m[2m:[0m Face{2, 40305f7b3f5b541aa0ec8ecbc8027690}:1128 Route reply: Query not found!
[2m2026-08-24T05:51:14.993688Z[0m [33m WARN[0m net-0 ThreadId(03) [2mzenoh::net::routing::dispatcher::queries[0m[2m:[0m Face{2, 40305f7b3f5b541aa0ec8ecbc8027690}:1128 Didn't receive final reply for query Face{3, 240f29ad66ee40e520487c227ac61e9a}:1128: Timeout(10s)!
[2m2026-08-24T05:51:14.993727Z[0m [33m WARN[0m  rx-1 ThreadId(07) [2mzenoh::net::routing::dispatcher::queries[0m[2m:[0m Face{2, 40305f7b3f5b541aa0ec8ecbc8027690}:1128 Route final reply: Query not found!
[2m2026-08-24T05:51:50.920678Z[0m [33m WARN[0m net-0 ThreadId(03) [2mzenoh::net::routing::dispatcher::queries[0m[2m:[0m Face{2, 40305f7b3f5b541aa0ec8ecbc8027690}:1136 Didn't receive final reply for query Face{3, 240f29ad66ee40e520487c227ac61e9a}:1136: Timeout(10s)!
[2m2026-08-24T05:51:50.921021Z[0m [33m WARN[0m  rx-0 ThreadId(06) [2mzenoh::net::routing::dispatcher::queries[0m[2m:[0m Face{2, 40305f7b3f5b541aa0ec8ecbc8027690}:1136 Route reply: Query not found!
[2m2026-08-24T05:51:50.921052Z[0m [33m WARN[0m  rx-0 ThreadId(06) [2mzenoh::net::routing::dispatcher::queries[0m[2m:[0m Face{2, 40305f7b3f5b541aa0ec8ecbc8027690}:1136 Route final reply: Query not found!
[2m2026-08-24T05:52:08.969683Z[0m [33m WARN[0m net-0 ThreadId(03) [2mzenoh::net::routing::dispatcher::queries[0m[2m:[0m Face{2, 40305f7b3f5b541aa0ec8ecbc8027690}:1140 Didn't receive final reply for query Face{3, 240f29ad66ee40e520487c227ac61e9a}:1140: Timeout(10s)!
[2m2026-08-24T05:52:08.969742Z[0m [33m WARN[0m  rx-0 ThreadId(06) [2mzenoh::net::routing::dispatcher::queries[0m[2m:[0m Face{2, 40305f7b3f5b541aa0ec8ecbc8027690}:1140 Route reply: Query not found!
[2m2026-08-24T05:52:08.969771Z[0m [33m WARN[0m  rx-0 ThreadId(06) [2mzenoh::net::routing::dispatcher::queries[0m[2m:[0m Face{2, 40305f7b3f5b541aa0ec8ecbc8027690}:1140 Route final reply: Query not found!
[2m2026-08-24T05:52:44.907734Z[0m [33m WARN[0m net-0 ThreadId(03) [2mzenoh::net::routing::dispatcher::queries[0m[2m:[0m Face{2, 40305f7b3f5b541aa0ec8ecbc8027690}:1148 Didn't receive final reply for query Face{3, 240f29ad66ee40e520487c227ac61e9a}:1148: Timeout(10s)!
[2m2026-08-24T05:52:44.907798Z[0m [33m WARN[0m  rx-1 ThreadId(07) [2mzenoh::net::routing::dispatcher::queries[0m[2m:[0m Face{2, 40305f7b3f5b541aa0ec8ecbc8027690}:1148 Route reply: Query not found!
[2m2026-08-24T05:52:44.907818Z[0m [33m WARN[0m  rx-1 ThreadId(07) [2mzenoh::net::routing::dispatcher::queries[0m[2m:[0m Face{2, 40305f7b3f5b541aa0ec8ecbc8027690}:1148 Route final reply: Query not found!
[2m2026-08-24T05:53:02.969682Z[0m [33m WARN[0m net-0 ThreadId(03) [2mzenoh::net::routing::dispatcher::queries[0m[2m:[0m Face{2, 40305f7b3f5b541aa0ec8ecbc8027690}:1152 Didn't receive final reply for query Face{3, 240f29ad66ee40e520487c227ac61e9a}:1152: Timeout(10s)!
[2m2026-08-24T05:53:02.969728Z[0m [33m WARN[0m  rx-0 ThreadId(06) [2mzenoh::net::routing::dispatcher::queries[0m[2m:[0m Face{2, 40305f7b3f5b541aa0ec8ecbc8027690}:1152 Route reply: Query not found!
[2m2026-08-24T05:53:02.969755Z[0m [33m WARN[0m  rx-0 ThreadId(06) [2mzenoh::net::routing::dispatcher::queries[0m[2m:[0m Face{2, 40305f7b3f5b541aa0ec8ecbc8027690}:1152 Route final reply: Query not found!
[2m2026-08-24T05:53:20.937708Z[0m [33m WARN[0m net-0 ThreadId(03) [2mzenoh::net::routing::dispatcher::queries[0m[2m:[0m Face{2, 40305f7b3f5b541aa0ec8ecbc8027690}:1156 Didn't receive final reply for query Face{3, 240f29ad66ee40e520487c227ac61e9a}:1156: Timeout(10s)!
[2m2026-08-24T05:53:20.937902Z[0m [33m WARN[0m  rx-0 ThreadId(06) [2mzenoh::net::routing::dispatcher::queries[0m[2m:[0m Face{2, 40305f7b3f5b541aa0ec8ecbc8027690}:1156 Route reply: Query not found!
[2m2026-08-24T05:53:20.937999Z[0m [33m WARN[0m  rx-0 ThreadId(06) [2mzenoh::net::routing::dispatcher::queries[0m[2m:[0m Face{2, 40305f7b3f5b541aa0ec8ecbc8027690}:1156 Route final reply: Query not found!
[2m2026-08-24T05:53:38.992932Z[0m [33m WARN[0m net-0 ThreadId(03) [2mzenoh::net::routing::dispatcher::queries[0m[2m:[0m Face{2, 40305f7b3f5b541aa0ec8ecbc8027690}:1160 Didn't receive final reply for query Face{3, 240f29ad66ee40e520487c227ac61e9a}:1160: Timeout(10s)!
[2m2026-08-24T05:53:38.993963Z[0m [33m WARN[0m  rx-1 ThreadId(07) [2mzenoh::net::routing::dispatcher::queries[0m[2m:[0m Face{2, 40305f7b3f5b541aa0ec8ecbc8027690}:1160 Route reply: Query not found!
[2m2026-08-24T05:53:38.994013Z[0m [33m WARN[0m  rx-1 ThreadId(07) [2mzenoh::net::routing::dispatcher::queries[0m[2m:[0m Face{2, 40305f7b3f5b541aa0ec8ecbc8027690}:1160 Route final reply: Query not found!
[2m2026-08-24T05:53:56.968754Z[0m [33m WARN[0m net-0 ThreadId(03) [2mzenoh::net::routing::dispatcher::queries[0m[2m:[0m Face{2, 40305f7b3f5b541aa0ec8ecbc8027690}:1164 Route reply: Query not found!
[2m2026-08-24T05:54:32.984788Z[0m [33m WARN[0m net-0 ThreadId(03) [2mzenoh::net::routing::dispatcher::queries[0m[2m:[0m Face{2, 40305f7b3f5b541aa0ec8ecbc8027690}:1172 Didn't receive final reply for query Face{3, 240f29ad66ee40e520487c227ac61e9a}:1172: Timeout(10s)!
[2m2026-08-24T05:54:32.984829Z[0m [33m WARN[0m  rx-1 ThreadId(07) [2mzenoh::net::routing::dispatcher::queries[0m[2m:[0m Face{2, 40305f7b3f5b541aa0ec8ecbc8027690}:1172 Route final reply: Query not found!
[2m2026-08-24T05:54:50.960691Z[0m [33m WARN[0m net-0 ThreadId(03) [2mzenoh::net::routing::dispatcher::queries[0m[2m:[0m Face{2, 40305f7b3f5b541aa0ec8ecbc8027690}:1176 Didn't receive final reply for query Face{3, 240f29ad66ee40e520487c227ac61e9a}:1176: Timeout(10s)!
[2m2026-08-24T05:54:50.960805Z[0m [33m WARN[0m  rx-0 ThreadId(06) [2mzenoh::net::routing::dispatcher::queries[0m[2m:[0m Face{2, 40305f7b3f5b541aa0ec8ecbc8027690}:1176 Route reply: Query not found!
[2m2026-08-24T05:54:50.960825Z[0m [33m WARN[0m  rx-0 ThreadId(06) [2mzenoh::net::routing::dispatcher::queries[0m[2m:[0m Face{2, 40305f7b3f5b541aa0ec8ecbc8027690}:1176 Route final reply: Query not found!
[2m2026-08-24T05:55:08.927683Z[0m [33m WARN[0m net-0 ThreadId(03) [2mzenoh::net::routing::dispatcher::queries[0m[2m:[0m Face{2, 40305f7b3f5b541aa0ec8ecbc8027690}:1180 Didn't receive final reply for query Face{3, 240f29ad66ee40e520487c227ac61e9a}:1180: Timeout(10s)!
[2m2026-08-24T05:55:08.927716Z[0m [33m WARN[0m  rx-0 ThreadId(06) [2mzenoh::net::routing::dispatcher::queries[0m[2m:[0m Face{2, 40305f7b3f5b541aa0ec8ecbc8027690}:1180 Route reply: Query not found!
[2m2026-08-24T05:55:08.927744Z[0m [33m WARN[0m  rx-0 ThreadId(06) [2mzenoh::net::routing::dispatcher::queries[0m[2m:[0m Face{2, 40305f7b3f5b541aa0ec8ecbc8027690}:1180 Route final reply: Query not found!
[2m2026-08-24T05:55:44.948667Z[0m [33m WARN[0m net-0 ThreadId(03) [2mzenoh::net::routing::dispatcher::queries[0m[2m:[0m Face{2, 40305f7b3f5b541aa0ec8ecbc8027690}:1188 Didn't receive final reply for query Face{3, 240f29ad66ee40e520487c227ac61e9a}:1188: Timeout(10s)!
[2m2026-08-24T05:55:44.949620Z[0m [33m WARN[0m  rx-1 ThreadId(07) [2mzenoh::net::routing::dispatcher::queries[0m[2m:[0m Face{2, 40305f7b3f5b541aa0ec8ecbc8027690}:1188 Route reply: Query not found!
[2m2026-08-24T05:55:44.949648Z[0m [33m WARN[0m  rx-1 ThreadId(07) [2mzenoh::net::routing::dispatcher::queries[0m[2m:[0m Face{2, 40305f7b3f5b541aa0ec8ecbc8027690}:1188 Route final reply: Query not found!
[2m2026-08-24T05:56:02.918693Z[0m [33m WARN[0m net-0 ThreadId(03) [2mzenoh::net::routing::dispatcher::queries[0m[2m:[0m Face{2, 40305f7b3f5b541aa0ec8ecbc8027690}:1192 Didn't receive final reply for query Face{3, 240f29ad66ee40e520487c227ac61e9a}:1192: Timeout(10s)!
[2m2026-08-24T05:56:02.918847Z[0m [33m WARN[0m  rx-1 ThreadId(07) [2mzenoh::net::routing::dispatcher::queries[0m[2m:[0m Face{2, 40305f7b3f5b541aa0ec8ecbc8027690}:1192 Route reply: Query not found!
[2m2026-08-24T05:56:02.918873Z[0m [33m WARN[0m  rx-1 ThreadId(07) [2mzenoh::net::routing::dispatcher::queries[0m[2m:[0m Face{2, 40305f7b3f5b541aa0ec8ecbc8027690}:1192 Route final reply: Query not found!
[2m2026-08-24T05:56:20.964834Z[0m [33m WARN[0m net-0 ThreadId(03) [2mzenoh::net::routing::dispatcher::queries[0m[2m:[0m Face{2, 40305f7b3f5b541aa0ec8ecbc8027690}:1196 Didn't receive final reply for query Face{3, 240f29ad66ee40e520487c227ac61e9a}:1196: Timeout(10s)!
[2m2026-08-24T05:56:20.967639Z[0m [33m WARN[0m  rx-1 ThreadId(07) [2mzenoh::net::routing::dispatcher::queries[0m[2m:[0m Face{2, 40305f7b3f5b541aa0ec8ecbc8027690}:1196 Route reply: Query not found!
[2m2026-08-24T05:56:20.967668Z[0m [33m WARN[0m  rx-1 ThreadId(07) [2mzenoh::net::routing::dispatcher::queries[0m[2m:[0m Face{2, 40305f7b3f5b541aa0ec8ecbc8027690}:1196 Route final reply: Query not found!
[2m2026-08-24T05:56:38.934957Z[0m [33m WARN[0m net-0 ThreadId(03) [2mzenoh::net::routing::dispatcher::queries[0m[2m:[0m Face{2, 40305f7b3f5b541aa0ec8ecbc8027690}:1200 Didn't receive final reply for query Face{3, 240f29ad66ee40e520487c227ac61e9a}:1200: Timeout(10s)!
[2m2026-08-24T05:56:38.934975Z[0m [33m WARN[0m  rx-1 ThreadId(07) [2mzenoh::net::routing::dispatcher::queries[0m[2m:[0m Face{2, 40305f7b3f5b541aa0ec8ecbc8027690}:1200 Route reply: Query not found!
[2m2026-08-24T05:56:38.935496Z[0m [33m WARN[0m  rx-1 ThreadId(07) [2mzenoh::net::routing::dispatcher::queries[0m[2m:[0m Face{2, 40305f7b3f5b541aa0ec8ecbc8027690}:1200 Route final reply: Query not found!
[2m2026-08-24T05:56:56.926652Z[0m [33m WARN[0m net-0 ThreadId(03) [2mzenoh::net::routing::dispatcher::queries[0m[2m:[0m Face{2, 40305f7b3f5b541aa0ec8ecbc8027690}:1204 Didn't receive final reply for query Face{3, 240f29ad66ee40e520487c227ac61e9a}:1204: Timeout(10s)!
[2m2026-08-24T05:56:56.929666Z[0m [33m WARN[0m  rx-0 ThreadId(06) [2mzenoh::net::routing::dispatcher::queries[0m[2m:[0m Face{2, 40305f7b3f5b541aa0ec8ecbc8027690}:1204 Route reply: Query not found!
[2m2026-08-24T05:56:56.929692Z[0m [33m WARN[0m  rx-0 ThreadId(06) [2mzenoh::net::routing::dispatcher::queries[0m[2m:[0m Face{2, 40305f7b3f5b541aa0ec8ecbc8027690}:1204 Route final reply: Query not found!
[2m2026-08-24T05:57:14.984751Z[0m [33m WARN[0m net-0 ThreadId(03) [2mzenoh::net::routing::dispatcher::queries[0m[2m:[0m Face{2, 40305f7b3f5b541aa0ec8ecbc8027690}:1208 Didn't receive final reply for query Face{3, 240f29ad66ee40e520487c227ac61e9a}:1208: Timeout(10s)!
[2m2026-08-24T05:57:14.985524Z[0m [33m WARN[0m  rx-0 ThreadId(06) [2mzenoh::net::routing::dispatcher::queries[0m[2m:[0m Face{2, 40305f7b3f5b541aa0ec8ecbc8027690}:1208 Route reply: Query not found!
[2m2026-08-24T05:57:14.985553Z[0m [33m WARN[0m  rx-0 ThreadId(06) [2mzenoh::net::routing::dispatcher::queries[0m[2m:[0m Face{2, 40305f7b3f5b541aa0ec8ecbc8027690}:1208 Route final reply: Query not found!
[2m2026-08-24T05:57:32.947746Z[0m [33m WARN[0m net-0 ThreadId(03) [2mzenoh::net::routing::dispatcher::queries[0m[2m:[0m Face{2, 40305f7b3f5b541aa0ec8ecbc8027690}:1212 Route reply: Query not found!
[2m2026-08-24T05:57:50.909672Z[0m [33m WARN[0m net-0 ThreadId(03) [2mzenoh::net::routing::dispatcher::queries[0m[2m:[0m Face{2, 40305f7b3f5b541aa0ec8ecbc8027690}:1216 Didn't receive final reply for query Face{3, 240f29ad66ee40e520487c227ac61e9a}:1216: Timeout(10s)!
[2m2026-08-24T05:57:50.909722Z[0m [33m WARN[0m  rx-0 ThreadId(06) [2mzenoh::net::routing::dispatcher::queries[0m[2m:[0m Face{2, 40305f7b3f5b541aa0ec8ecbc8027690}:1216 Route reply: Query not found!
[2m2026-08-24T05:57:50.909757Z[0m [33m WARN[0m  rx-0 ThreadId(06) [2mzenoh::net::routing::dispatcher::queries[0m[2m:[0m Face{2, 40305f7b3f5b541aa0ec8ecbc8027690}:1216 Route final reply: Query not found!
[2m2026-08-24T05:58:08.969692Z[0m [33m WARN[0m net-0 ThreadId(03) [2mzenoh::net::routing::dispatcher::queries[0m[2m:[0m Face{2, 40305f7b3f5b541aa0ec8ecbc8027690}:1220 Didn't receive final reply for query Face{3, 240f29ad66ee40e520487c227ac61e9a}:1220: Timeout(10s)!
[2m2026-08-24T05:58:08.969718Z[0m [33m WARN[0m  rx-0 ThreadId(06) [2mzenoh::net::routing::dispatcher::queries[0m[2m:[0m Face{2, 40305f7b3f5b541aa0ec8ecbc8027690}:1220 Route reply: Query not found!
[2m2026-08-24T05:58:08.969747Z[0m [33m WARN[0m  rx-0 ThreadId(06) [2mzenoh::net::routing::dispatcher::queries[0m[2m:[0m Face{2, 40305f7b3f5b541aa0ec8ecbc8027690}:1220 Route final reply: Query not found!
[2m2026-08-24T05:58:26.963604Z[0m [33m WARN[0m net-0 ThreadId(03) [2mzenoh::net::routing::dispatcher::queries[0m[2m:[0m Face{2, 40305f7b3f5b541aa0ec8ecbc8027690}:1224 Didn't receive final reply for query Face{3, 240f29ad66ee40e520487c227ac61e9a}:1224: Timeout(10s)!
[2m2026-08-24T05:58:26.963628Z[0m [33m WARN[0m  rx-1 ThreadId(07) [2mzenoh::net::routing::dispatcher::queries[0m[2m:[0m Face{2, 40305f7b3f5b541aa0ec8ecbc8027690}:1224 Route final reply: Query not found!
[2m2026-08-24T05:58:44.946671Z[0m [33m WARN[0m net-0 ThreadId(03) [2mzenoh::net::routing::dispatcher::queries[0m[2m:[0m Face{2, 40305f7b3f5b541aa0ec8ecbc8027690}:1228 Didn't receive final reply for query Face{3, 240f29ad66ee40e520487c227ac61e9a}:1228: Timeout(10s)!
[2m2026-08-24T05:58:44.947423Z[0m [33m WARN[0m  rx-0 ThreadId(06) [2mzenoh::net::routing::dispatcher::queries[0m[2m:[0m Face{2, 40305f7b3f5b541aa0ec8ecbc8027690}:1228 Route reply: Query not found!
[2m2026-08-24T05:58:44.947444Z[0m [33m WARN[0m  rx-0 ThreadId(06) [2mzenoh::net::routing::dispatcher::queries[0m[2m:[0m Face{2, 40305f7b3f5b541aa0ec8ecbc8027690}:1228 Route final reply: Query not found!
[2m2026-08-24T05:59:02.994713Z[0m [33m WARN[0m net-0 ThreadId(03) [2mzenoh::net::routing::dispatcher::queries[0m[2m:[0m Face{2, 40305f7b3f5b541aa0ec8ecbc8027690}:1232 Didn't receive final reply for query Face{3, 240f29ad66ee40e520487c227ac61e9a}:1232: Timeout(10s)!
[2m2026-08-24T05:59:02.994789Z[0m [33m WARN[0m  rx-0 ThreadId(06) [2mzenoh::net::routing::dispatcher::queries[0m[2m:[0m Face{2, 40305f7b3f5b541aa0ec8ecbc8027690}:1232 Route reply: Query not found!
[2m2026-08-24T05:59:02.994842Z[0m [33m WARN[0m  rx-1 ThreadId(07) [2mzenoh::net::routing::dispatcher::queries[0m[2m:[0m Face{2, 40305f7b3f5b541aa0ec8ecbc8027690}:1232 Route final reply: Query not found!
[2m2026-08-24T05:59:38.943002Z[0m [33m WARN[0m net-0 ThreadId(03) [2mzenoh::net::routing::dispatcher::queries[0m[2m:[0m Face{2, 40305f7b3f5b541aa0ec8ecbc8027690}:1240 Route reply: Query not found!
[2m2026-08-24T05:59:56.903112Z[0m [33m WARN[0m net-0 ThreadId(03) [2mzenoh::net::routing::dispatcher::queries[0m[2m:[0m Face{2, 40305f7b3f5b541aa0ec8ecbc8027690}:1244 Didn't receive final reply for query Face{3, 240f29ad66ee40e520487c227ac61e9a}:1244: Timeout(10s)!
[2m2026-08-24T05:59:56.903505Z[0m [33m WARN[0m  rx-0 ThreadId(06) [2mzenoh::net::routing::dispatcher::queries[0m[2m:[0m Face{2, 40305f7b3f5b541aa0ec8ecbc8027690}:1244 Route final reply: Query not found!
[2m2026-08-24T06:00:14.962833Z[0m [33m WARN[0m net-0 ThreadId(03) [2mzenoh::net::routing::dispatcher::queries[0m[2m:[0m Face{2, 40305f7b3f5b541aa0ec8ecbc8027690}:1248 Didn't receive final reply for query Face{3, 240f29ad66ee40e520487c227ac61e9a}:1248: Timeout(10s)!
[2m2026-08-24T06:00:14.963266Z[0m [33m WARN[0m  rx-1 ThreadId(07) [2mzenoh::net::routing::dispatcher::queries[0m[2m:[0m Face{2, 40305f7b3f5b541aa0ec8ecbc8027690}:1248 Route reply: Query not found!
[2m2026-08-24T06:00:14.963295Z[0m [33m WARN[0m  rx-1 ThreadId(07) [2mzenoh::net::routing::dispatcher::queries[0m[2m:[0m Face{2, 40305f7b3f5b541aa0ec8ecbc8027690}:1248 Route final reply: Query not found!
[2m2026-08-24T06:00:32.929693Z[0m [33m WARN[0m net-0 ThreadId(03) [2mzenoh::net::routing::dispatcher::queries[0m[2m:[0m Face{2, 40305f7b3f5b541aa0ec8ecbc8027690}:1252 Didn't receive final reply for query Face{3, 240f29ad66ee40e520487c227ac61e9a}:1252: Timeout(10s)!
[2m2026-08-24T06:00:32.929749Z[0m [33m WARN[0m  rx-0 ThreadId(06) [2mzenoh::net::routing::dispatcher::queries[0m[2m:[0m Face{2, 40305f7b3f5b541aa0ec8ecbc8027690}:1252 Route reply: Query not found!
[2m2026-08-24T06:00:32.929770Z[0m [33m WARN[0m  rx-0 ThreadId(06) [2mzenoh::net::routing::dispatcher::queries[0m[2m:[0m Face{2, 40305f7b3f5b541aa0ec8ecbc8027690}:1252 Route final reply: Query not found!
[2m2026-08-24T06:00:50.980766Z[0m [33m WARN[0m net-0 ThreadId(03) [2mzenoh::net::routing::dispatcher::queries[0m[2m:[0m Face{2, 40305f7b3f5b541aa0ec8ecbc8027690}:1256 Route reply: Query not found!
[2m2026-08-24T06:01:08.961685Z[0m [33m WARN[0m net-0 ThreadId(03) [2mzenoh::net::routing::dispatcher::queries[0m[2m:[0m Face{2, 40305f7b3f5b541aa0ec8ecbc8027690}:1260 Didn't receive final reply for query Face{3, 240f29ad66ee40e520487c227ac61e9a}:1260: Timeout(10s)!
[2m2026-08-24T06:01:08.961744Z[0m [33m WARN[0m  rx-1 ThreadId(07) [2mzenoh::net::routing::dispatcher::queries[0m[2m:[0m Face{2, 40305f7b3f5b541aa0ec8ecbc8027690}:1260 Route reply: Query not found!
[2m2026-08-24T06:01:08.961773Z[0m [33m WARN[0m  rx-1 ThreadId(07) [2mzenoh::net::routing::dispatcher::queries[0m[2m:[0m Face{2, 40305f7b3f5b541aa0ec8ecbc8027690}:1260 Route final reply: Query not found!
[2m2026-08-24T06:01:44.970712Z[0m [33m WARN[0m net-0 ThreadId(03) [2mzenoh::net::routing::dispatcher::queries[0m[2m:[0m Face{2, 40305f7b3f5b541aa0ec8ecbc8027690}:1268 Didn't receive final reply for query Face{3, 240f29ad66ee40e520487c227ac61e9a}:1268: Timeout(10s)!
[2m2026-08-24T06:01:44.971142Z[0m [33m WARN[0m  rx-0 ThreadId(06) [2mzenoh::net::routing::dispatcher::queries[0m[2m:[0m Face{2, 40305f7b3f5b541aa0ec8ecbc8027690}:1268 Route reply: Query not found!
[2m2026-08-24T06:01:44.971173Z[0m [33m WARN[0m  rx-0 ThreadId(06) [2mzenoh::net::routing::dispatcher::queries[0m[2m:[0m Face{2, 40305f7b3f5b541aa0ec8ecbc8027690}:1268 Route final reply: Query not found!
[2m2026-08-24T06:02:02.934769Z[0m [33m WARN[0m net-0 ThreadId(03) [2mzenoh::net::routing::dispatcher::queries[0m[2m:[0m Face{2, 40305f7b3f5b541aa0ec8ecbc8027690}:1272 Didn't receive final reply for query Face{3, 240f29ad66ee40e520487c227ac61e9a}:1272: Timeout(10s)!
[2m2026-08-24T06:02:02.934853Z[0m [33m WARN[0m  rx-0 ThreadId(06) [2mzenoh::net::routing::dispatcher::queries[0m[2m:[0m Face{2, 40305f7b3f5b541aa0ec8ecbc8027690}:1272 Route reply: Query not found!
[2m2026-08-24T06:02:02.934868Z[0m [33m WARN[0m  rx-0 ThreadId(06) [2mzenoh::net::routing::dispatcher::queries[0m[2m:[0m Face{2, 40305f7b3f5b541aa0ec8ecbc8027690}:1272 Route final reply: Query not found!
[2m2026-08-24T06:02:20.890905Z[0m [33m WARN[0m net-0 ThreadId(03) [2mzenoh::net::routing::dispatcher::queries[0m[2m:[0m Face{2, 40305f7b3f5b541aa0ec8ecbc8027690}:1276 Route reply: Query not found!
[2m2026-08-24T06:02:38.955658Z[0m [33m WARN[0m net-0 ThreadId(03) [2mzenoh::net::routing::dispatcher::queries[0m[2m:[0m Face{2, 40305f7b3f5b541aa0ec8ecbc8027690}:1280 Didn't receive final reply for query Face{3, 240f29ad66ee40e520487c227ac61e9a}:1280: Timeout(10s)!
[2m2026-08-24T06:02:38.955701Z[0m [33m WARN[0m  rx-1 ThreadId(07) [2mzenoh::net::routing::dispatcher::queries[0m[2m:[0m Face{2, 40305f7b3f5b541aa0ec8ecbc8027690}:1280 Route reply: Query not found!
[2m2026-08-24T06:02:38.955733Z[0m [33m WARN[0m  rx-1 ThreadId(07) [2mzenoh::net::routing::dispatcher::queries[0m[2m:[0m Face{2, 40305f7b3f5b541aa0ec8ecbc8027690}:1280 Route final reply: Query not found!
[2m2026-08-24T06:02:56.928672Z[0m [33m WARN[0m  rx-0 ThreadId(06) [2mzenoh::net::routing::dispatcher::queries[0m[2m:[0m Face{2, 40305f7b3f5b541aa0ec8ecbc8027690}:1284 Route reply: Query not found!
[2m2026-08-24T06:02:56.928672Z[0m [33m WARN[0m net-0 ThreadId(03) [2mzenoh::net::routing::dispatcher::queries[0m[2m:[0m Face{2, 40305f7b3f5b541aa0ec8ecbc8027690}:1284 Didn't receive final reply for query Face{3, 240f29ad66ee40e520487c227ac61e9a}:1284: Timeout(10s)!
[2m2026-08-24T06:02:56.928719Z[0m [33m WARN[0m  rx-0 ThreadId(06) [2mzenoh::net::routing::dispatcher::queries[0m[2m:[0m Face{2, 40305f7b3f5b541aa0ec8ecbc8027690}:1284 Route final reply: Query not found!
[2m2026-08-24T06:03:14.991681Z[0m [33m WARN[0m net-0 ThreadId(03) [2mzenoh::net::routing::dispatcher::queries[0m[2m:[0m Face{2, 40305f7b3f5b541aa0ec8ecbc8027690}:1288 Didn't receive final reply for query Face{3, 240f29ad66ee40e520487c227ac61e9a}:1288: Timeout(10s)!
[2m2026-08-24T06:03:14.992074Z[0m [33m WARN[0m  rx-0 ThreadId(06) [2mzenoh::net::routing::dispatcher::queries[0m[2m:[0m Face{2, 40305f7b3f5b541aa0ec8ecbc8027690}:1288 Route reply: Query not found!
[2m2026-08-24T06:03:14.992108Z[0m [33m WARN[0m  rx-0 ThreadId(06) [2mzenoh::net::routing::dispatcher::queries[0m[2m:[0m Face{2, 40305f7b3f5b541aa0ec8ecbc8027690}:1288 Route final reply: Query not found!
[2m2026-08-24T06:03:32.950679Z[0m [33m WARN[0m net-0 ThreadId(03) [2mzenoh::net::routing::dispatcher::queries[0m[2m:[0m Face{2, 40305f7b3f5b541aa0ec8ecbc8027690}:1292 Didn't receive final reply for query Face{3, 240f29ad66ee40e520487c227ac61e9a}:1292: Timeout(10s)!
[2m2026-08-24T06:03:32.950745Z[0m [33m WARN[0m  rx-1 ThreadId(07) [2mzenoh::net::routing::dispatcher::queries[0m[2m:[0m Face{2, 40305f7b3f5b541aa0ec8ecbc8027690}:1292 Route reply: Query not found!
[2m2026-08-24T06:03:32.950785Z[0m [33m WARN[0m  rx-1 ThreadId(07) [2mzenoh::net::routing::dispatcher::queries[0m[2m:[0m Face{2, 40305f7b3f5b541aa0ec8ecbc8027690}:1292 Route final reply: Query not found!
[2m2026-08-24T06:04:08.968694Z[0m [33m WARN[0m net-0 ThreadId(03) [2mzenoh::net::routing::dispatcher::queries[0m[2m:[0m Face{2, 40305f7b3f5b541aa0ec8ecbc8027690}:1300 Didn't receive final reply for query Face{3, 240f29ad66ee40e520487c227ac61e9a}:1300: Timeout(10s)!
[2m2026-08-24T06:04:08.968760Z[0m [33m WARN[0m  rx-1 ThreadId(07) [2mzenoh::net::routing::dispatcher::queries[0m[2m:[0m Face{2, 40305f7b3f5b541aa0ec8ecbc8027690}:1300 Route reply: Query not found!
[2m2026-08-24T06:04:08.968782Z[0m [33m WARN[0m  rx-1 ThreadId(07) [2mzenoh::net::routing::dispatcher::queries[0m[2m:[0m Face{2, 40305f7b3f5b541aa0ec8ecbc8027690}:1300 Route final reply: Query not found!
[2m2026-08-24T06:04:26.924026Z[0m [33m WARN[0m net-0 ThreadId(03) [2mzenoh::net::routing::dispatcher::queries[0m[2m:[0m Face{2, 40305f7b3f5b541aa0ec8ecbc8027690}:1304 Didn't receive final reply for query Face{3, 240f29ad66ee40e520487c227ac61e9a}:1304: Timeout(10s)!
[2m2026-08-24T06:04:26.924340Z[0m [33m WARN[0m  rx-1 ThreadId(07) [2mzenoh::net::routing::dispatcher::queries[0m[2m:[0m Face{2, 40305f7b3f5b541aa0ec8ecbc8027690}:1304 Route reply: Query not found!
[2m2026-08-24T06:04:26.924447Z[0m [33m WARN[0m  rx-1 ThreadId(07) [2mzenoh::net::routing::dispatcher::queries[0m[2m:[0m Face{2, 40305f7b3f5b541aa0ec8ecbc8027690}:1304 Route final reply: Query not found!
[2m2026-08-24T06:04:44.982853Z[0m [33m WARN[0m net-0 ThreadId(03) [2mzenoh::net::routing::dispatcher::queries[0m[2m:[0m Face{2, 40305f7b3f5b541aa0ec8ecbc8027690}:1308 Didn't receive final reply for query Face{3, 240f29ad66ee40e520487c227ac61e9a}:1308: Timeout(10s)!
[2m2026-08-24T06:04:44.983561Z[0m [33m WARN[0m  rx-1 ThreadId(07) [2mzenoh::net::routing::dispatcher::queries[0m[2m:[0m Face{2, 40305f7b3f5b541aa0ec8ecbc8027690}:1308 Route reply: Query not found!
[2m2026-08-24T06:04:44.983590Z[0m [33m WARN[0m  rx-1 ThreadId(07) [2mzenoh::net::routing::dispatcher::queries[0m[2m:[0m Face{2, 40305f7b3f5b541aa0ec8ecbc8027690}:1308 Route final reply: Query not found!
[2m2026-08-24T06:05:02.948663Z[0m [33m WARN[0m net-0 ThreadId(03) [2mzenoh::net::routing::dispatcher::queries[0m[2m:[0m Face{2, 40305f7b3f5b541aa0ec8ecbc8027690}:1312 Didn't receive final reply for query Face{3, 240f29ad66ee40e520487c227ac61e9a}:1312: Timeout(10s)!
[2m2026-08-24T06:05:02.948699Z[0m [33m WARN[0m  rx-1 ThreadId(07) [2mzenoh::net::routing::dispatcher::queries[0m[2m:[0m Face{2, 40305f7b3f5b541aa0ec8ecbc8027690}:1312 Route reply: Query not found!
[2m2026-08-24T06:05:02.948732Z[0m [33m WARN[0m  rx-1 ThreadId(07) [2mzenoh::net::routing::dispatcher::queries[0m[2m:[0m Face{2, 40305f7b3f5b541aa0ec8ecbc8027690}:1312 Route final reply: Query not found!
[2m2026-08-24T06:05:20.928860Z[0m [33m WARN[0m net-0 ThreadId(03) [2mzenoh::net::routing::dispatcher::queries[0m[2m:[0m Face{2, 40305f7b3f5b541aa0ec8ecbc8027690}:1316 Didn't receive final reply for query Face{3, 240f29ad66ee40e520487c227ac61e9a}:1316: Timeout(10s)!
[2m2026-08-24T06:05:20.929695Z[0m [33m WARN[0m  rx-0 ThreadId(06) [2mzenoh::net::routing::dispatcher::queries[0m[2m:[0m Face{2, 40305f7b3f5b541aa0ec8ecbc8027690}:1316 Route reply: Query not found!
[2m2026-08-24T06:05:20.929728Z[0m [33m WARN[0m  rx-0 ThreadId(06) [2mzenoh::net::routing::dispatcher::queries[0m[2m:[0m Face{2, 40305f7b3f5b541aa0ec8ecbc8027690}:1316 Route final reply: Query not found!
[2m2026-08-24T06:05:38.918743Z[0m [33m WARN[0m net-0 ThreadId(03) [2mzenoh::net::routing::dispatcher::queries[0m[2m:[0m Face{2, 40305f7b3f5b541aa0ec8ecbc8027690}:1320 Didn't receive final reply for query Face{3, 240f29ad66ee40e520487c227ac61e9a}:1320: Timeout(10s)!
[2m2026-08-24T06:05:38.919064Z[0m [33m WARN[0m  rx-0 ThreadId(06) [2mzenoh::net::routing::dispatcher::queries[0m[2m:[0m Face{2, 40305f7b3f5b541aa0ec8ecbc8027690}:1320 Route reply: Query not found!
[2m2026-08-24T06:05:38.920692Z[0m [33m WARN[0m  rx-0 ThreadId(06) [2mzenoh::net::routing::dispatcher::queries[0m[2m:[0m Face{2, 40305f7b3f5b541aa0ec8ecbc8027690}:1320 Route final reply: Query not found!
[2m2026-08-24T06:05:56.979671Z[0m [33m WARN[0m net-0 ThreadId(03) [2mzenoh::net::routing::dispatcher::queries[0m[2m:[0m Face{2, 40305f7b3f5b541aa0ec8ecbc8027690}:1324 Didn't receive final reply for query Face{3, 240f29ad66ee40e520487c227ac61e9a}:1324: Timeout(10s)!
[2m2026-08-24T06:05:56.979738Z[0m [33m WARN[0m  rx-1 ThreadId(07) [2mzenoh::net::routing::dispatcher::queries[0m[2m:[0m Face{2, 40305f7b3f5b541aa0ec8ecbc8027690}:1324 Route reply: Query not found!
[2m2026-08-24T06:05:56.979761Z[0m [33m WARN[0m  rx-1 ThreadId(07) [2mzenoh::net::routing::dispatcher::queries[0m[2m:[0m Face{2, 40305f7b3f5b541aa0ec8ecbc8027690}:1324 Route final reply: Query not found!
[2m2026-08-24T06:06:14.955656Z[0m [33m WARN[0m net-0 ThreadId(03) [2mzenoh::net::routing::dispatcher::queries[0m[2m:[0m Face{2, 40305f7b3f5b541aa0ec8ecbc8027690}:1328 Didn't receive final reply for query Face{3, 240f29ad66ee40e520487c227ac61e9a}:1328: Timeout(10s)!
[2m2026-08-24T06:06:14.955763Z[0m [33m WARN[0m  rx-1 ThreadId(07) [2mzenoh::net::routing::dispatcher::queries[0m[2m:[0m Face{2, 40305f7b3f5b541aa0ec8ecbc8027690}:1328 Route reply: Query not found!
[2m2026-08-24T06:06:14.955787Z[0m [33m WARN[0m  rx-1 ThreadId(07) [2mzenoh::net::routing::dispatcher::queries[0m[2m:[0m Face{2, 40305f7b3f5b541aa0ec8ecbc8027690}:1328 Route final reply: Query not found!
[2m2026-08-24T06:06:32.914674Z[0m [33m WARN[0m net-0 ThreadId(03) [2mzenoh::net::routing::dispatcher::queries[0m[2m:[0m Face{2, 40305f7b3f5b541aa0ec8ecbc8027690}:1332 Didn't receive final reply for query Face{3, 240f29ad66ee40e520487c227ac61e9a}:1332: Timeout(10s)!
[2m2026-08-24T06:06:32.916286Z[0m [33m WARN[0m  rx-0 ThreadId(06) [2mzenoh::net::routing::dispatcher::queries[0m[2m:[0m Face{2, 40305f7b3f5b541aa0ec8ecbc8027690}:1332 Route reply: Query not found!
[2m2026-08-24T06:06:32.916315Z[0m [33m WARN[0m  rx-0 ThreadId(06) [2mzenoh::net::routing::dispatcher::queries[0m[2m:[0m Face{2, 40305f7b3f5b541aa0ec8ecbc8027690}:1332 Route final reply: Query not found!
[2m2026-08-24T06:06:50.972874Z[0m [33m WARN[0m net-0 ThreadId(03) [2mzenoh::net::routing::dispatcher::queries[0m[2m:[0m Face{2, 40305f7b3f5b541aa0ec8ecbc8027690}:1336 Didn't receive final reply for query Face{3, 240f29ad66ee40e520487c227ac61e9a}:1336: Timeout(10s)!
[2m2026-08-24T06:06:50.973183Z[0m [33m WARN[0m  rx-0 ThreadId(06) [2mzenoh::net::routing::dispatcher::queries[0m[2m:[0m Face{2, 40305f7b3f5b541aa0ec8ecbc8027690}:1336 Route final reply: Query not found!
[2m2026-08-24T06:07:08.949113Z[0m [33m WARN[0m net-0 ThreadId(03) [2mzenoh::net::routing::dispatcher::queries[0m[2m:[0m Face{2, 40305f7b3f5b541aa0ec8ecbc8027690}:1340 Didn't receive final reply for query Face{3, 240f29ad66ee40e520487c227ac61e9a}:1340: Timeout(10s)!
[2m2026-08-24T06:07:08.949165Z[0m [33m WARN[0m  rx-1 ThreadId(07) [2mzenoh::net::routing::dispatcher::queries[0m[2m:[0m Face{2, 40305f7b3f5b541aa0ec8ecbc8027690}:1340 Route reply: Query not found!
[2m2026-08-24T06:07:08.949203Z[0m [33m WARN[0m  rx-1 ThreadId(07) [2mzenoh::net::routing::dispatcher::queries[0m[2m:[0m Face{2, 40305f7b3f5b541aa0ec8ecbc8027690}:1340 Route final reply: Query not found!
[2m2026-08-24T06:07:26.916667Z[0m [33m WARN[0m net-0 ThreadId(03) [2mzenoh::net::routing::dispatcher::queries[0m[2m:[0m Face{2, 40305f7b3f5b541aa0ec8ecbc8027690}:1344 Didn't receive final reply for query Face{3, 240f29ad66ee40e520487c227ac61e9a}:1344: Timeout(10s)!
[2m2026-08-24T06:07:26.916711Z[0m [33m WARN[0m  rx-0 ThreadId(06) [2mzenoh::net::routing::dispatcher::queries[0m[2m:[0m Face{2, 40305f7b3f5b541aa0ec8ecbc8027690}:1344 Route reply: Query not found!
[2m2026-08-24T06:07:26.916745Z[0m [33m WARN[0m  rx-0 ThreadId(06) [2mzenoh::net::routing::dispatcher::queries[0m[2m:[0m Face{2, 40305f7b3f5b541aa0ec8ecbc8027690}:1344 Route final reply: Query not found!
[2m2026-08-24T06:07:44.979796Z[0m [33m WARN[0m net-0 ThreadId(03) [2mzenoh::net::routing::dispatcher::queries[0m[2m:[0m Face{2, 40305f7b3f5b541aa0ec8ecbc8027690}:1348 Route reply: Query not found!
[2m2026-08-24T06:08:02.968662Z[0m [33m WARN[0m net-0 ThreadId(03) [2mzenoh::net::routing::dispatcher::queries[0m[2m:[0m Face{2, 40305f7b3f5b541aa0ec8ecbc8027690}:1352 Didn't receive final reply for query Face{3, 240f29ad66ee40e520487c227ac61e9a}:1352: Timeout(10s)!
[2m2026-08-24T06:08:02.968732Z[0m [33m WARN[0m  rx-0 ThreadId(06) [2mzenoh::net::routing::dispatcher::queries[0m[2m:[0m Face{2, 40305f7b3f5b541aa0ec8ecbc8027690}:1352 Route reply: Query not found!
[2m2026-08-24T06:08:02.968745Z[0m [33m WARN[0m  rx-0 ThreadId(06) [2mzenoh::net::routing::dispatcher::queries[0m[2m:[0m Face{2, 40305f7b3f5b541aa0ec8ecbc8027690}:1352 Route final reply: Query not found!
[2m2026-08-24T06:08:20.952133Z[0m [33m WARN[0m net-0 ThreadId(03) [2mzenoh::net::routing::dispatcher::queries[0m[2m:[0m Face{2, 40305f7b3f5b541aa0ec8ecbc8027690}:1356 Route reply: Query not found!
[2m2026-08-24T06:08:38.968707Z[0m [33m WARN[0m net-0 ThreadId(03) [2mzenoh::net::routing::dispatcher::queries[0m[2m:[0m Face{2, 40305f7b3f5b541aa0ec8ecbc8027690}:1360 Didn't receive final reply for query Face{3, 240f29ad66ee40e520487c227ac61e9a}:1360: Timeout(10s)!
[2m2026-08-24T06:08:38.969556Z[0m [33m WARN[0m  rx-0 ThreadId(06) [2mzenoh::net::routing::dispatcher::queries[0m[2m:[0m Face{2, 40305f7b3f5b541aa0ec8ecbc8027690}:1360 Route reply: Query not found!
[2m2026-08-24T06:08:38.969598Z[0m [33m WARN[0m  rx-0 ThreadId(06) [2mzenoh::net::routing::dispatcher::queries[0m[2m:[0m Face{2, 40305f7b3f5b541aa0ec8ecbc8027690}:1360 Route final reply: Query not found!
[2m2026-08-24T06:08:56.963675Z[0m [33m WARN[0m net-0 ThreadId(03) [2mzenoh::net::routing::dispatcher::queries[0m[2m:[0m Face{2, 40305f7b3f5b541aa0ec8ecbc8027690}:1364 Didn't receive final reply for query Face{3, 240f29ad66ee40e520487c227ac61e9a}:1364: Timeout(10s)!
[2m2026-08-24T06:08:56.963733Z[0m [33m WARN[0m  rx-1 ThreadId(07) [2mzenoh::net::routing::dispatcher::queries[0m[2m:[0m Face{2, 40305f7b3f5b541aa0ec8ecbc8027690}:1364 Route reply: Query not found!
[2m2026-08-24T06:08:56.963761Z[0m [33m WARN[0m  rx-1 ThreadId(07) [2mzenoh::net::routing::dispatcher::queries[0m[2m:[0m Face{2, 40305f7b3f5b541aa0ec8ecbc8027690}:1364 Route final reply: Query not found!
[2m2026-08-24T06:09:14.929823Z[0m [33m WARN[0m net-0 ThreadId(03) [2mzenoh::net::routing::dispatcher::queries[0m[2m:[0m Face{2, 40305f7b3f5b541aa0ec8ecbc8027690}:1368 Didn't receive final reply for query Face{3, 240f29ad66ee40e520487c227ac61e9a}:1368: Timeout(10s)!
[2m2026-08-24T06:09:14.930789Z[0m [33m WARN[0m  rx-1 ThreadId(07) [2mzenoh::net::routing::dispatcher::queries[0m[2m:[0m Face{2, 40305f7b3f5b541aa0ec8ecbc8027690}:1368 Route reply: Query not found!
[2m2026-08-24T06:09:14.930831Z[0m [33m WARN[0m  rx-1 ThreadId(07) [2mzenoh::net::routing::dispatcher::queries[0m[2m:[0m Face{2, 40305f7b3f5b541aa0ec8ecbc8027690}:1368 Route final reply: Query not found!
[2m2026-08-24T06:09:32.903753Z[0m [33m WARN[0m net-0 ThreadId(03) [2mzenoh::net::routing::dispatcher::queries[0m[2m:[0m Face{2, 40305f7b3f5b541aa0ec8ecbc8027690}:1372 Didn't receive final reply for query Face{3, 240f29ad66ee40e520487c227ac61e9a}:1372: Timeout(10s)!
[2m2026-08-24T06:09:32.904213Z[0m [33m WARN[0m  rx-1 ThreadId(07) [2mzenoh::net::routing::dispatcher::queries[0m[2m:[0m Face{2, 40305f7b3f5b541aa0ec8ecbc8027690}:1372 Route reply: Query not found!
[2m2026-08-24T06:09:32.904383Z[0m [33m WARN[0m  rx-1 ThreadId(07) [2mzenoh::net::routing::dispatcher::queries[0m[2m:[0m Face{2, 40305f7b3f5b541aa0ec8ecbc8027690}:1372 Route final reply: Query not found!
[2m2026-08-24T06:09:50.961718Z[0m [33m WARN[0m net-0 ThreadId(03) [2mzenoh::net::routing::dispatcher::queries[0m[2m:[0m Face{2, 40305f7b3f5b541aa0ec8ecbc8027690}:1376 Didn't receive final reply for query Face{3, 240f29ad66ee40e520487c227ac61e9a}:1376: Timeout(10s)!
[2m2026-08-24T06:09:50.961725Z[0m [33m WARN[0m  rx-1 ThreadId(07) [2mzenoh::net::routing::dispatcher::queries[0m[2m:[0m Face{2, 40305f7b3f5b541aa0ec8ecbc8027690}:1376 Route reply: Query not found!
[2m2026-08-24T06:09:50.961780Z[0m [33m WARN[0m  rx-1 ThreadId(07) [2mzenoh::net::routing::dispatcher::queries[0m[2m:[0m Face{2, 40305f7b3f5b541aa0ec8ecbc8027690}:1376 Route final reply: Query not found!
[2m2026-08-24T06:10:08.916600Z[0m [33m WARN[0m net-0 ThreadId(03) [2mzenoh::net::routing::dispatcher::queries[0m[2m:[0m Face{2, 40305f7b3f5b541aa0ec8ecbc8027690}:1380 Didn't receive final reply for query Face{3, 240f29ad66ee40e520487c227ac61e9a}:1380: Timeout(10s)!
[2m2026-08-24T06:10:08.917293Z[0m [33m WARN[0m  rx-0 ThreadId(06) [2mzenoh::net::routing::dispatcher::queries[0m[2m:[0m Face{2, 40305f7b3f5b541aa0ec8ecbc8027690}:1380 Route reply: Query not found!
[2m2026-08-24T06:10:08.917310Z[0m [33m WARN[0m  rx-0 ThreadId(06) [2mzenoh::net::routing::dispatcher::queries[0m[2m:[0m Face{2, 40305f7b3f5b541aa0ec8ecbc8027690}:1380 Route final reply: Query not found!
[2m2026-08-24T06:10:26.982675Z[0m [33m WARN[0m net-0 ThreadId(03) [2mzenoh::net::routing::dispatcher::queries[0m[2m:[0m Face{2, 40305f7b3f5b541aa0ec8ecbc8027690}:1384 Didn't receive final reply for query Face{3, 240f29ad66ee40e520487c227ac61e9a}:1384: Timeout(10s)!
[2m2026-08-24T06:10:26.982758Z[0m [33m WARN[0m  rx-0 ThreadId(06) [2mzenoh::net::routing::dispatcher::queries[0m[2m:[0m Face{2, 40305f7b3f5b541aa0ec8ecbc8027690}:1384 Route reply: Query not found!
[2m2026-08-24T06:10:26.982786Z[0m [33m WARN[0m  rx-0 ThreadId(06) [2mzenoh::net::routing::dispatcher::queries[0m[2m:[0m Face{2, 40305f7b3f5b541aa0ec8ecbc8027690}:1384 Route final reply: Query not found!
[2m2026-08-24T06:11:20.914704Z[0m [33m WARN[0m net-0 ThreadId(03) [2mzenoh::net::routing::dispatcher::queries[0m[2m:[0m Face{2, 40305f7b3f5b541aa0ec8ecbc8027690}:1396 Didn't receive final reply for query Face{3, 240f29ad66ee40e520487c227ac61e9a}:1396: Timeout(10s)!
[2m2026-08-24T06:11:20.914725Z[0m [33m WARN[0m  rx-1 ThreadId(07) [2mzenoh::net::routing::dispatcher::queries[0m[2m:[0m Face{2, 40305f7b3f5b541aa0ec8ecbc8027690}:1396 Route reply: Query not found!
[2m2026-08-24T06:11:20.914767Z[0m [33m WARN[0m  rx-1 ThreadId(07) [2mzenoh::net::routing::dispatcher::queries[0m[2m:[0m Face{2, 40305f7b3f5b541aa0ec8ecbc8027690}:1396 Route final reply: Query not found!
[2m2026-08-24T06:11:38.984689Z[0m [33m WARN[0m net-0 ThreadId(03) [2mzenoh::net::routing::dispatcher::queries[0m[2m:[0m Face{2, 40305f7b3f5b541aa0ec8ecbc8027690}:1400 Didn't receive final reply for query Face{3, 240f29ad66ee40e520487c227ac61e9a}:1400: Timeout(10s)!
[2m2026-08-24T06:11:38.986099Z[0m [33m WARN[0m  rx-0 ThreadId(06) [2mzenoh::net::routing::dispatcher::queries[0m[2m:[0m Face{2, 40305f7b3f5b541aa0ec8ecbc8027690}:1400 Route reply: Query not found!
[2m2026-08-24T06:11:38.986129Z[0m [33m WARN[0m  rx-0 ThreadId(06) [2mzenoh::net::routing::dispatcher::queries[0m[2m:[0m Face{2, 40305f7b3f5b541aa0ec8ecbc8027690}:1400 Route final reply: Query not found!
[2m2026-08-24T06:11:56.940785Z[0m [33m WARN[0m net-0 ThreadId(03) [2mzenoh::net::routing::dispatcher::queries[0m[2m:[0m Face{2, 40305f7b3f5b541aa0ec8ecbc8027690}:1404 Didn't receive final reply for query Face{3, 240f29ad66ee40e520487c227ac61e9a}:1404: Timeout(10s)!
[2m2026-08-24T06:11:56.940978Z[0m [33m WARN[0m  rx-1 ThreadId(07) [2mzenoh::net::routing::dispatcher::queries[0m[2m:[0m Face{2, 40305f7b3f5b541aa0ec8ecbc8027690}:1404 Route reply: Query not found!
[2m2026-08-24T06:11:56.941006Z[0m [33m WARN[0m  rx-1 ThreadId(07) [2mzenoh::net::routing::dispatcher::queries[0m[2m:[0m Face{2, 40305f7b3f5b541aa0ec8ecbc8027690}:1404 Route final reply: Query not found!
[2m2026-08-24T06:12:14.912604Z[0m [33m WARN[0m net-0 ThreadId(03) [2mzenoh::net::routing::dispatcher::queries[0m[2m:[0m Face{2, 40305f7b3f5b541aa0ec8ecbc8027690}:1408 Didn't receive final reply for query Face{3, 240f29ad66ee40e520487c227ac61e9a}:1408: Timeout(10s)!
[2m2026-08-24T06:12:14.912723Z[0m [33m WARN[0m  rx-0 ThreadId(06) [2mzenoh::net::routing::dispatcher::queries[0m[2m:[0m Face{2, 40305f7b3f5b541aa0ec8ecbc8027690}:1408 Route reply: Query not found!
[2m2026-08-24T06:12:14.912749Z[0m [33m WARN[0m  rx-0 ThreadId(06) [2mzenoh::net::routing::dispatcher::queries[0m[2m:[0m Face{2, 40305f7b3f5b541aa0ec8ecbc8027690}:1408 Route final reply: Query not found!
[2m2026-08-24T06:12:32.967687Z[0m [33m WARN[0m net-0 ThreadId(03) [2mzenoh::net::routing::dispatcher::queries[0m[2m:[0m Face{2, 40305f7b3f5b541aa0ec8ecbc8027690}:1412 Didn't receive final reply for query Face{3, 240f29ad66ee40e520487c227ac61e9a}:1412: Timeout(10s)!
[2m2026-08-24T06:12:32.967702Z[0m [33m WARN[0m  rx-1 ThreadId(07) [2mzenoh::net::routing::dispatcher::queries[0m[2m:[0m Face{2, 40305f7b3f5b541aa0ec8ecbc8027690}:1412 Route reply: Query not found!
[2m2026-08-24T06:12:32.967733Z[0m [33m WARN[0m  rx-1 ThreadId(07) [2mzenoh::net::routing::dispatcher::queries[0m[2m:[0m Face{2, 40305f7b3f5b541aa0ec8ecbc8027690}:1412 Route final reply: Query not found!
[2m2026-08-24T06:12:50.922699Z[0m [33m WARN[0m net-0 ThreadId(03) [2mzenoh::net::routing::dispatcher::queries[0m[2m:[0m Face{2, 40305f7b3f5b541aa0ec8ecbc8027690}:1416 Didn't receive final reply for query Face{3, 240f29ad66ee40e520487c227ac61e9a}:1416: Timeout(10s)!
[2m2026-08-24T06:12:50.922740Z[0m [33m WARN[0m  rx-1 ThreadId(07) [2mzenoh::net::routing::dispatcher::queries[0m[2m:[0m Face{2, 40305f7b3f5b541aa0ec8ecbc8027690}:1416 Route reply: Query not found!
[2m2026-08-24T06:12:50.922770Z[0m [33m WARN[0m  rx-1 ThreadId(07) [2mzenoh::net::routing::dispatcher::queries[0m[2m:[0m Face{2, 40305f7b3f5b541aa0ec8ecbc8027690}:1416 Route final reply: Query not found!
[2m2026-08-24T06:13:08.984679Z[0m [33m WARN[0m net-0 ThreadId(03) [2mzenoh::net::routing::dispatcher::queries[0m[2m:[0m Face{2, 40305f7b3f5b541aa0ec8ecbc8027690}:1420 Didn't receive final reply for query Face{3, 240f29ad66ee40e520487c227ac61e9a}:1420: Timeout(10s)!
[2m2026-08-24T06:13:08.985217Z[0m [33m WARN[0m  rx-1 ThreadId(07) [2mzenoh::net::routing::dispatcher::queries[0m[2m:[0m Face{2, 40305f7b3f5b541aa0ec8ecbc8027690}:1420 Route reply: Query not found!
[2m2026-08-24T06:13:08.985255Z[0m [33m WARN[0m  rx-1 ThreadId(07) [2mzenoh::net::routing::dispatcher::queries[0m[2m:[0m Face{2, 40305f7b3f5b541aa0ec8ecbc8027690}:1420 Route final reply: Query not found!
[2m2026-08-24T06:13:26.941668Z[0m [33m WARN[0m net-0 ThreadId(03) [2mzenoh::net::routing::dispatcher::queries[0m[2m:[0m Face{2, 40305f7b3f5b541aa0ec8ecbc8027690}:1424 Didn't receive final reply for query Face{3, 240f29ad66ee40e520487c227ac61e9a}:1424: Timeout(10s)!
[2m2026-08-24T06:13:26.941715Z[0m [33m WARN[0m  rx-0 ThreadId(06) [2mzenoh::net::routing::dispatcher::queries[0m[2m:[0m Face{2, 40305f7b3f5b541aa0ec8ecbc8027690}:1424 Route reply: Query not found!
[2m2026-08-24T06:13:26.941746Z[0m [33m WARN[0m  rx-0 ThreadId(06) [2mzenoh::net::routing::dispatcher::queries[0m[2m:[0m Face{2, 40305f7b3f5b541aa0ec8ecbc8027690}:1424 Route final reply: Query not found!
[2m2026-08-24T06:13:45.002797Z[0m [33m WARN[0m net-0 ThreadId(03) [2mzenoh::net::routing::dispatcher::queries[0m[2m:[0m Face{2, 40305f7b3f5b541aa0ec8ecbc8027690}:1428 Route reply: Query not found!
[2m2026-08-24T06:14:02.964902Z[0m [33m WARN[0m net-0 ThreadId(03) [2mzenoh::net::routing::dispatcher::queries[0m[2m:[0m Face{2, 40305f7b3f5b541aa0ec8ecbc8027690}:1432 Route reply: Query not found!
[2m2026-08-24T06:14:20.981719Z[0m [33m WARN[0m net-0 ThreadId(03) [2mzenoh::net::routing::dispatcher::queries[0m[2m:[0m Face{2, 40305f7b3f5b541aa0ec8ecbc8027690}:1436 Didn't receive final reply for query Face{3, 240f29ad66ee40e520487c227ac61e9a}:1436: Timeout(10s)!
[2m2026-08-24T06:14:20.982276Z[0m [33m WARN[0m  rx-0 ThreadId(06) [2mzenoh::net::routing::dispatcher::queries[0m[2m:[0m Face{2, 40305f7b3f5b541aa0ec8ecbc8027690}:1436 Route reply: Query not found!
[2m2026-08-24T06:14:20.982308Z[0m [33m WARN[0m  rx-0 ThreadId(06) [2mzenoh::net::routing::dispatcher::queries[0m[2m:[0m Face{2, 40305f7b3f5b541aa0ec8ecbc8027690}:1436 Route final reply: Query not found!
[2m2026-08-24T06:14:38.954656Z[0m [33m WARN[0m net-0 ThreadId(03) [2mzenoh::net::routing::dispatcher::queries[0m[2m:[0m Face{2, 40305f7b3f5b541aa0ec8ecbc8027690}:1440 Didn't receive final reply for query Face{3, 240f29ad66ee40e520487c227ac61e9a}:1440: Timeout(10s)!
[2m2026-08-24T06:14:38.954975Z[0m [33m WARN[0m  rx-1 ThreadId(07) [2mzenoh::net::routing::dispatcher::queries[0m[2m:[0m Face{2, 40305f7b3f5b541aa0ec8ecbc8027690}:1440 Route reply: Query not found!
[2m2026-08-24T06:14:38.955007Z[0m [33m WARN[0m  rx-1 ThreadId(07) [2mzenoh::net::routing::dispatcher::queries[0m[2m:[0m Face{2, 40305f7b3f5b541aa0ec8ecbc8027690}:1440 Route final reply: Query not found!
[2m2026-08-24T06:14:56.997754Z[0m [33m WARN[0m net-0 ThreadId(03) [2mzenoh::net::routing::dispatcher::queries[0m[2m:[0m Face{2, 40305f7b3f5b541aa0ec8ecbc8027690}:1444 Didn't receive final reply for query Face{3, 240f29ad66ee40e520487c227ac61e9a}:1444: Timeout(10s)!
[2m2026-08-24T06:14:56.997776Z[0m [33m WARN[0m  rx-1 ThreadId(07) [2mzenoh::net::routing::dispatcher::queries[0m[2m:[0m Face{2, 40305f7b3f5b541aa0ec8ecbc8027690}:1444 Route reply: Query not found!
[2m2026-08-24T06:14:56.997810Z[0m [33m WARN[0m  rx-1 ThreadId(07) [2mzenoh::net::routing::dispatcher::queries[0m[2m:[0m Face{2, 40305f7b3f5b541aa0ec8ecbc8027690}:1444 Route final reply: Query not found!
[2m2026-08-24T06:15:32.949731Z[0m [33m WARN[0m net-0 ThreadId(03) [2mzenoh::net::routing::dispatcher::queries[0m[2m:[0m Face{2, 40305f7b3f5b541aa0ec8ecbc8027690}:1452 Didn't receive final reply for query Face{3, 240f29ad66ee40e520487c227ac61e9a}:1452: Timeout(10s)!
[2m2026-08-24T06:15:32.949797Z[0m [33m WARN[0m  rx-0 ThreadId(06) [2mzenoh::net::routing::dispatcher::queries[0m[2m:[0m Face{2, 40305f7b3f5b541aa0ec8ecbc8027690}:1452 Route reply: Query not found!
[2m2026-08-24T06:15:32.949825Z[0m [33m WARN[0m  rx-0 ThreadId(06) [2mzenoh::net::routing::dispatcher::queries[0m[2m:[0m Face{2, 40305f7b3f5b541aa0ec8ecbc8027690}:1452 Route final reply: Query not found!
[2m2026-08-24T06:15:50.913728Z[0m [33m WARN[0m net-0 ThreadId(03) [2mzenoh::net::routing::dispatcher::queries[0m[2m:[0m Face{2, 40305f7b3f5b541aa0ec8ecbc8027690}:1456 Didn't receive final reply for query Face{3, 240f29ad66ee40e520487c227ac61e9a}:1456: Timeout(10s)!
[2m2026-08-24T06:15:50.914764Z[0m [33m WARN[0m  rx-1 ThreadId(07) [2mzenoh::net::routing::dispatcher::queries[0m[2m:[0m Face{2, 40305f7b3f5b541aa0ec8ecbc8027690}:1456 Route reply: Query not found!
[2m2026-08-24T06:15:50.914796Z[0m [33m WARN[0m  rx-1 ThreadId(07) [2mzenoh::net::routing::dispatcher::queries[0m[2m:[0m Face{2, 40305f7b3f5b541aa0ec8ecbc8027690}:1456 Route final reply: Query not found!
[2m2026-08-24T06:16:08.974702Z[0m [33m WARN[0m net-0 ThreadId(03) [2mzenoh::net::routing::dispatcher::queries[0m[2m:[0m Face{2, 40305f7b3f5b541aa0ec8ecbc8027690}:1460 Didn't receive final reply for query Face{3, 240f29ad66ee40e520487c227ac61e9a}:1460: Timeout(10s)!
[2m2026-08-24T06:16:08.974880Z[0m [33m WARN[0m  rx-1 ThreadId(07) [2mzenoh::net::routing::dispatcher::queries[0m[2m:[0m Face{2, 40305f7b3f5b541aa0ec8ecbc8027690}:1460 Route reply: Query not found!
[2m2026-08-24T06:16:08.974906Z[0m [33m WARN[0m  rx-1 ThreadId(07) [2mzenoh::net::routing::dispatcher::queries[0m[2m:[0m Face{2, 40305f7b3f5b541aa0ec8ecbc8027690}:1460 Route final reply: Query not found!
[2m2026-08-24T06:16:26.937691Z[0m [33m WARN[0m net-0 ThreadId(03) [2mzenoh::net::routing::dispatcher::queries[0m[2m:[0m Face{2, 40305f7b3f5b541aa0ec8ecbc8027690}:1464 Didn't receive final reply for query Face{3, 240f29ad66ee40e520487c227ac61e9a}:1464: Timeout(10s)!
[2m2026-08-24T06:16:26.937751Z[0m [33m WARN[0m  rx-1 ThreadId(07) [2mzenoh::net::routing::dispatcher::queries[0m[2m:[0m Face{2, 40305f7b3f5b541aa0ec8ecbc8027690}:1464 Route reply: Query not found!
[2m2026-08-24T06:16:26.937776Z[0m [33m WARN[0m  rx-1 ThreadId(07) [2mzenoh::net::routing::dispatcher::queries[0m[2m:[0m Face{2, 40305f7b3f5b541aa0ec8ecbc8027690}:1464 Route final reply: Query not found!
[2m2026-08-24T06:17:02.963647Z[0m [33m WARN[0m net-0 ThreadId(03) [2mzenoh::net::routing::dispatcher::queries[0m[2m:[0m Face{2, 40305f7b3f5b541aa0ec8ecbc8027690}:1472 Didn't receive final reply for query Face{3, 240f29ad66ee40e520487c227ac61e9a}:1472: Timeout(10s)!
[2m2026-08-24T06:17:02.963657Z[0m [33m WARN[0m  rx-0 ThreadId(06) [2mzenoh::net::routing::dispatcher::queries[0m[2m:[0m Face{2, 40305f7b3f5b541aa0ec8ecbc8027690}:1472 Route final reply: Query not found!
[2m2026-08-24T06:17:20.938710Z[0m [33m WARN[0m net-0 ThreadId(03) [2mzenoh::net::routing::dispatcher::queries[0m[2m:[0m Face{2, 40305f7b3f5b541aa0ec8ecbc8027690}:1476 Didn't receive final reply for query Face{3, 240f29ad66ee40e520487c227ac61e9a}:1476: Timeout(10s)!
[2m2026-08-24T06:17:20.938776Z[0m [33m WARN[0m  rx-0 ThreadId(06) [2mzenoh::net::routing::dispatcher::queries[0m[2m:[0m Face{2, 40305f7b3f5b541aa0ec8ecbc8027690}:1476 Route reply: Query not found!
[2m2026-08-24T06:17:20.938808Z[0m [33m WARN[0m  rx-0 ThreadId(06) [2mzenoh::net::routing::dispatcher::queries[0m[2m:[0m Face{2, 40305f7b3f5b541aa0ec8ecbc8027690}:1476 Route final reply: Query not found!
[2m2026-08-24T06:17:56.968766Z[0m [33m WARN[0m net-0 ThreadId(03) [2mzenoh::net::routing::dispatcher::queries[0m[2m:[0m Face{2, 40305f7b3f5b541aa0ec8ecbc8027690}:1484 Didn't receive final reply for query Face{3, 240f29ad66ee40e520487c227ac61e9a}:1484: Timeout(10s)!
[2m2026-08-24T06:17:56.968907Z[0m [33m WARN[0m  rx-0 ThreadId(06) [2mzenoh::net::routing::dispatcher::queries[0m[2m:[0m Face{2, 40305f7b3f5b541aa0ec8ecbc8027690}:1484 Route reply: Query not found!
[2m2026-08-24T06:17:56.969993Z[0m [33m WARN[0m  rx-0 ThreadId(06) [2mzenoh::net::routing::dispatcher::queries[0m[2m:[0m Face{2, 40305f7b3f5b541aa0ec8ecbc8027690}:1484 Route final reply: Query not found!
[2m2026-08-24T06:18:14.938751Z[0m [33m WARN[0m  rx-1 ThreadId(07) [2mzenoh::net::routing::dispatcher::queries[0m[2m:[0m Face{2, 40305f7b3f5b541aa0ec8ecbc8027690}:1488 Route reply: Query not found!
[2m2026-08-24T06:18:14.938751Z[0m [33m WARN[0m net-0 ThreadId(03) [2mzenoh::net::routing::dispatcher::queries[0m[2m:[0m Face{2, 40305f7b3f5b541aa0ec8ecbc8027690}:1488 Didn't receive final reply for query Face{3, 240f29ad66ee40e520487c227ac61e9a}:1488: Timeout(10s)!
[2m2026-08-24T06:18:14.938784Z[0m [33m WARN[0m  rx-1 ThreadId(07) [2mzenoh::net::routing::dispatcher::queries[0m[2m:[0m Face{2, 40305f7b3f5b541aa0ec8ecbc8027690}:1488 Route final reply: Query not found!
[2m2026-08-24T06:18:32.900843Z[0m [33m WARN[0m net-0 ThreadId(03) [2mzenoh::net::routing::dispatcher::queries[0m[2m:[0m Face{2, 40305f7b3f5b541aa0ec8ecbc8027690}:1492 Didn't receive final reply for query Face{3, 240f29ad66ee40e520487c227ac61e9a}:1492: Timeout(10s)!
[2m2026-08-24T06:18:32.901013Z[0m [33m WARN[0m  rx-0 ThreadId(06) [2mzenoh::net::routing::dispatcher::queries[0m[2m:[0m Face{2, 40305f7b3f5b541aa0ec8ecbc8027690}:1492 Route reply: Query not found!
[2m2026-08-24T06:18:32.901033Z[0m [33m WARN[0m  rx-0 ThreadId(06) [2mzenoh::net::routing::dispatcher::queries[0m[2m:[0m Face{2, 40305f7b3f5b541aa0ec8ecbc8027690}:1492 Route final reply: Query not found!
[2m2026-08-24T06:18:50.998695Z[0m [33m WARN[0m net-0 ThreadId(03) [2mzenoh::net::routing::dispatcher::queries[0m[2m:[0m Face{2, 40305f7b3f5b541aa0ec8ecbc8027690}:1496 Didn't receive final reply for query Face{3, 240f29ad66ee40e520487c227ac61e9a}:1496: Timeout(10s)!
[2m2026-08-24T06:18:50.998753Z[0m [33m WARN[0m  rx-0 ThreadId(06) [2mzenoh::net::routing::dispatcher::queries[0m[2m:[0m Face{2, 40305f7b3f5b541aa0ec8ecbc8027690}:1496 Route reply: Query not found!
[2m2026-08-24T06:18:50.998783Z[0m [33m WARN[0m  rx-0 ThreadId(06) [2mzenoh::net::routing::dispatcher::queries[0m[2m:[0m Face{2, 40305f7b3f5b541aa0ec8ecbc8027690}:1496 Route final reply: Query not found!
[2m2026-08-24T06:19:08.945503Z[0m [33m WARN[0m net-0 ThreadId(03) [2mzenoh::net::routing::dispatcher::queries[0m[2m:[0m Face{2, 40305f7b3f5b541aa0ec8ecbc8027690}:1500 Didn't receive final reply for query Face{3, 240f29ad66ee40e520487c227ac61e9a}:1500: Timeout(10s)!
[2m2026-08-24T06:19:08.945714Z[0m [33m WARN[0m  rx-1 ThreadId(07) [2mzenoh::net::routing::dispatcher::queries[0m[2m:[0m Face{2, 40305f7b3f5b541aa0ec8ecbc8027690}:1500 Route reply: Query not found!
[2m2026-08-24T06:19:08.945739Z[0m [33m WARN[0m  rx-1 ThreadId(07) [2mzenoh::net::routing::dispatcher::queries[0m[2m:[0m Face{2, 40305f7b3f5b541aa0ec8ecbc8027690}:1500 Route final reply: Query not found!
[2m2026-08-24T06:19:26.913675Z[0m [33m WARN[0m net-0 ThreadId(03) [2mzenoh::net::routing::dispatcher::queries[0m[2m:[0m Face{2, 40305f7b3f5b541aa0ec8ecbc8027690}:1504 Didn't receive final reply for query Face{3, 240f29ad66ee40e520487c227ac61e9a}:1504: Timeout(10s)!
[2m2026-08-24T06:19:26.914046Z[0m [33m WARN[0m  rx-0 ThreadId(06) [2mzenoh::net::routing::dispatcher::queries[0m[2m:[0m Face{2, 40305f7b3f5b541aa0ec8ecbc8027690}:1504 Route reply: Query not found!
[2m2026-08-24T06:19:26.914066Z[0m [33m WARN[0m  rx-0 ThreadId(06) [2mzenoh::net::routing::dispatcher::queries[0m[2m:[0m Face{2, 40305f7b3f5b541aa0ec8ecbc8027690}:1504 Route final reply: Query not found!
[2m2026-08-24T06:20:02.948082Z[0m [33m WARN[0m net-0 ThreadId(03) [2mzenoh::net::routing::dispatcher::queries[0m[2m:[0m Face{2, 40305f7b3f5b541aa0ec8ecbc8027690}:1512 Didn't receive final reply for query Face{3, 240f29ad66ee40e520487c227ac61e9a}:1512: Timeout(10s)!
[2m2026-08-24T06:20:02.949471Z[0m [33m WARN[0m  rx-0 ThreadId(06) [2mzenoh::net::routing::dispatcher::queries[0m[2m:[0m Face{2, 40305f7b3f5b541aa0ec8ecbc8027690}:1512 Route reply: Query not found!
[2m2026-08-24T06:20:02.949490Z[0m [33m WARN[0m  rx-0 ThreadId(06) [2mzenoh::net::routing::dispatcher::queries[0m[2m:[0m Face{2, 40305f7b3f5b541aa0ec8ecbc8027690}:1512 Route final reply: Query not found!
[2m2026-08-24T06:20:20.962957Z[0m [33m WARN[0m net-0 ThreadId(03) [2mzenoh::net::routing::dispatcher::queries[0m[2m:[0m Face{2, 40305f7b3f5b541aa0ec8ecbc8027690}:1516 Didn't receive final reply for query Face{3, 240f29ad66ee40e520487c227ac61e9a}:1516: Timeout(10s)!
[2m2026-08-24T06:20:20.963598Z[0m [33m WARN[0m  rx-0 ThreadId(06) [2mzenoh::net::routing::dispatcher::queries[0m[2m:[0m Face{2, 40305f7b3f5b541aa0ec8ecbc8027690}:1516 Route reply: Query not found!
[2m2026-08-24T06:20:20.963637Z[0m [33m WARN[0m  rx-0 ThreadId(06) [2mzenoh::net::routing::dispatcher::queries[0m[2m:[0m Face{2, 40305f7b3f5b541aa0ec8ecbc8027690}:1516 Route final reply: Query not found!
[2m2026-08-24T06:20:39.005239Z[0m [33m WARN[0m net-0 ThreadId(03) [2mzenoh::net::routing::dispatcher::queries[0m[2m:[0m Face{2, 40305f7b3f5b541aa0ec8ecbc8027690}:1520 Didn't receive final reply for query Face{3, 240f29ad66ee40e520487c227ac61e9a}:1520: Timeout(10s)!
[2m2026-08-24T06:20:39.005756Z[0m [33m WARN[0m  rx-1 ThreadId(07) [2mzenoh::net::routing::dispatcher::queries[0m[2m:[0m Face{2, 40305f7b3f5b541aa0ec8ecbc8027690}:1520 Route reply: Query not found!
[2m2026-08-24T06:20:39.005779Z[0m [33m WARN[0m  rx-1 ThreadId(07) [2mzenoh::net::routing::dispatcher::queries[0m[2m:[0m Face{2, 40305f7b3f5b541aa0ec8ecbc8027690}:1520 Route final reply: Query not found!
[2m2026-08-24T06:20:56.929755Z[0m [33m WARN[0m  rx-0 ThreadId(06) [2mzenoh::net::routing::dispatcher::queries[0m[2m:[0m Face{2, 40305f7b3f5b541aa0ec8ecbc8027690}:1524 Route reply: Query not found!
[2m2026-08-24T06:20:56.929755Z[0m [33m WARN[0m net-0 ThreadId(03) [2mzenoh::net::routing::dispatcher::queries[0m[2m:[0m Face{2, 40305f7b3f5b541aa0ec8ecbc8027690}:1524 Didn't receive final reply for query Face{3, 240f29ad66ee40e520487c227ac61e9a}:1524: Timeout(10s)!
[2m2026-08-24T06:20:56.929797Z[0m [33m WARN[0m  rx-0 ThreadId(06) [2mzenoh::net::routing::dispatcher::queries[0m[2m:[0m Face{2, 40305f7b3f5b541aa0ec8ecbc8027690}:1524 Route final reply: Query not found!
[2m2026-08-24T06:21:14.966741Z[0m [33m WARN[0m net-0 ThreadId(03) [2mzenoh::net::routing::dispatcher::queries[0m[2m:[0m Face{2, 40305f7b3f5b541aa0ec8ecbc8027690}:1528 Route reply: Query not found!
[2m2026-08-24T06:21:32.990726Z[0m [33m WARN[0m net-0 ThreadId(03) [2mzenoh::net::routing::dispatcher::queries[0m[2m:[0m Face{2, 40305f7b3f5b541aa0ec8ecbc8027690}:1532 Didn't receive final reply for query Face{3, 240f29ad66ee40e520487c227ac61e9a}:1532: Timeout(10s)!
[2m2026-08-24T06:21:32.991383Z[0m [33m WARN[0m  rx-0 ThreadId(06) [2mzenoh::net::routing::dispatcher::queries[0m[2m:[0m Face{2, 40305f7b3f5b541aa0ec8ecbc8027690}:1532 Route reply: Query not found!
[2m2026-08-24T06:21:32.991426Z[0m [33m WARN[0m  rx-0 ThreadId(06) [2mzenoh::net::routing::dispatcher::queries[0m[2m:[0m Face{2, 40305f7b3f5b541aa0ec8ecbc8027690}:1532 Route final reply: Query not found!
[2m2026-08-24T06:21:50.948664Z[0m [33m WARN[0m net-0 ThreadId(03) [2mzenoh::net::routing::dispatcher::queries[0m[2m:[0m Face{2, 40305f7b3f5b541aa0ec8ecbc8027690}:1536 Didn't receive final reply for query Face{3, 240f29ad66ee40e520487c227ac61e9a}:1536: Timeout(10s)!
[2m2026-08-24T06:21:50.948740Z[0m [33m WARN[0m  rx-1 ThreadId(07) [2mzenoh::net::routing::dispatcher::queries[0m[2m:[0m Face{2, 40305f7b3f5b541aa0ec8ecbc8027690}:1536 Route reply: Query not found!
[2m2026-08-24T06:21:50.948766Z[0m [33m WARN[0m  rx-1 ThreadId(07) [2mzenoh::net::routing::dispatcher::queries[0m[2m:[0m Face{2, 40305f7b3f5b541aa0ec8ecbc8027690}:1536 Route final reply: Query not found!
[2m2026-08-24T06:22:08.982363Z[0m [33m WARN[0m net-0 ThreadId(03) [2mzenoh::net::routing::dispatcher::queries[0m[2m:[0m Face{2, 40305f7b3f5b541aa0ec8ecbc8027690}:1540 Didn't receive final reply for query Face{3, 240f29ad66ee40e520487c227ac61e9a}:1540: Timeout(10s)!
[2m2026-08-24T06:22:08.982911Z[0m [33m WARN[0m  rx-0 ThreadId(06) [2mzenoh::net::routing::dispatcher::queries[0m[2m:[0m Face{2, 40305f7b3f5b541aa0ec8ecbc8027690}:1540 Route reply: Query not found!
[2m2026-08-24T06:22:08.982942Z[0m [33m WARN[0m  rx-0 ThreadId(06) [2mzenoh::net::routing::dispatcher::queries[0m[2m:[0m Face{2, 40305f7b3f5b541aa0ec8ecbc8027690}:1540 Route final reply: Query not found!
[2m2026-08-24T06:22:26.892731Z[0m [33m WARN[0m net-0 ThreadId(03) [2mzenoh::net::routing::dispatcher::queries[0m[2m:[0m Face{2, 40305f7b3f5b541aa0ec8ecbc8027690}:1544 Didn't receive final reply for query Face{3, 240f29ad66ee40e520487c227ac61e9a}:1544: Timeout(10s)!
[2m2026-08-24T06:22:26.892830Z[0m [33m WARN[0m  rx-0 ThreadId(06) [2mzenoh::net::routing::dispatcher::queries[0m[2m:[0m Face{2, 40305f7b3f5b541aa0ec8ecbc8027690}:1544 Route reply: Query not found!
[2m2026-08-24T06:22:26.893540Z[0m [33m WARN[0m  rx-0 ThreadId(06) [2mzenoh::net::routing::dispatcher::queries[0m[2m:[0m Face{2, 40305f7b3f5b541aa0ec8ecbc8027690}:1544 Route final reply: Query not found!
[2m2026-08-24T06:22:44.921700Z[0m [33m WARN[0m net-0 ThreadId(03) [2mzenoh::net::routing::dispatcher::queries[0m[2m:[0m Face{2, 40305f7b3f5b541aa0ec8ecbc8027690}:1548 Didn't receive final reply for query Face{3, 240f29ad66ee40e520487c227ac61e9a}:1548: Timeout(10s)!
[2m2026-08-24T06:22:44.921990Z[0m [33m WARN[0m  rx-0 ThreadId(06) [2mzenoh::net::routing::dispatcher::queries[0m[2m:[0m Face{2, 40305f7b3f5b541aa0ec8ecbc8027690}:1548 Route reply: Query not found!
[2m2026-08-24T06:22:44.922041Z[0m [33m WARN[0m  rx-0 ThreadId(06) [2mzenoh::net::routing::dispatcher::queries[0m[2m:[0m Face{2, 40305f7b3f5b541aa0ec8ecbc8027690}:1548 Route final reply: Query not found!
[2m2026-08-24T06:23:02.958657Z[0m [33m WARN[0m net-0 ThreadId(03) [2mzenoh::net::routing::dispatcher::queries[0m[2m:[0m Face{2, 40305f7b3f5b541aa0ec8ecbc8027690}:1552 Didn't receive final reply for query Face{3, 240f29ad66ee40e520487c227ac61e9a}:1552: Timeout(10s)!
[2m2026-08-24T06:23:02.959192Z[0m [33m WARN[0m  rx-0 ThreadId(06) [2mzenoh::net::routing::dispatcher::queries[0m[2m:[0m Face{2, 40305f7b3f5b541aa0ec8ecbc8027690}:1552 Route reply: Query not found!
[2m2026-08-24T06:23:02.959213Z[0m [33m WARN[0m  rx-0 ThreadId(06) [2mzenoh::net::routing::dispatcher::queries[0m[2m:[0m Face{2, 40305f7b3f5b541aa0ec8ecbc8027690}:1552 Route final reply: Query not found!
[2m2026-08-24T06:23:20.918629Z[0m [33m WARN[0m net-0 ThreadId(03) [2mzenoh::net::routing::dispatcher::queries[0m[2m:[0m Face{2, 40305f7b3f5b541aa0ec8ecbc8027690}:1556 Didn't receive final reply for query Face{3, 240f29ad66ee40e520487c227ac61e9a}:1556: Timeout(10s)!
[2m2026-08-24T06:23:20.918741Z[0m [33m WARN[0m  rx-0 ThreadId(06) [2mzenoh::net::routing::dispatcher::queries[0m[2m:[0m Face{2, 40305f7b3f5b541aa0ec8ecbc8027690}:1556 Route reply: Query not found!
[2m2026-08-24T06:23:20.918756Z[0m [33m WARN[0m  rx-0 ThreadId(06) [2mzenoh::net::routing::dispatcher::queries[0m[2m:[0m Face{2, 40305f7b3f5b541aa0ec8ecbc8027690}:1556 Route final reply: Query not found!
[2m2026-08-24T06:23:38.899088Z[0m [33m WARN[0m net-0 ThreadId(03) [2mzenoh::net::routing::dispatcher::queries[0m[2m:[0m Face{2, 40305f7b3f5b541aa0ec8ecbc8027690}:1560 Route reply: Query not found!
[2m2026-08-24T06:23:56.971778Z[0m [33m WARN[0m net-0 ThreadId(03) [2mzenoh::net::routing::dispatcher::queries[0m[2m:[0m Face{2, 40305f7b3f5b541aa0ec8ecbc8027690}:1564 Didn't receive final reply for query Face{3, 240f29ad66ee40e520487c227ac61e9a}:1564: Timeout(10s)!
[2m2026-08-24T06:23:56.973939Z[0m [33m WARN[0m  rx-0 ThreadId(06) [2mzenoh::net::routing::dispatcher::queries[0m[2m:[0m Face{2, 40305f7b3f5b541aa0ec8ecbc8027690}:1564 Route reply: Query not found!
[2m2026-08-24T06:23:56.974021Z[0m [33m WARN[0m  rx-0 ThreadId(06) [2mzenoh::net::routing::dispatcher::queries[0m[2m:[0m Face{2, 40305f7b3f5b541aa0ec8ecbc8027690}:1564 Route final reply: Query not found!
[2m2026-08-24T06:24:14.942682Z[0m [33m WARN[0m net-0 ThreadId(03) [2mzenoh::net::routing::dispatcher::queries[0m[2m:[0m Face{2, 40305f7b3f5b541aa0ec8ecbc8027690}:1568 Didn't receive final reply for query Face{3, 240f29ad66ee40e520487c227ac61e9a}:1568: Timeout(10s)!
[2m2026-08-24T06:24:14.944658Z[0m [33m WARN[0m  rx-1 ThreadId(07) [2mzenoh::net::routing::dispatcher::queries[0m[2m:[0m Face{2, 40305f7b3f5b541aa0ec8ecbc8027690}:1568 Route reply: Query not found!
[2m2026-08-24T06:24:14.944686Z[0m [33m WARN[0m  rx-1 ThreadId(07) [2mzenoh::net::routing::dispatcher::queries[0m[2m:[0m Face{2, 40305f7b3f5b541aa0ec8ecbc8027690}:1568 Route final reply: Query not found!
[2m2026-08-24T06:24:32.905660Z[0m [33m WARN[0m net-0 ThreadId(03) [2mzenoh::net::routing::dispatcher::queries[0m[2m:[0m Face{2, 40305f7b3f5b541aa0ec8ecbc8027690}:1572 Didn't receive final reply for query Face{3, 240f29ad66ee40e520487c227ac61e9a}:1572: Timeout(10s)!
[2m2026-08-24T06:24:32.905956Z[0m [33m WARN[0m  rx-1 ThreadId(07) [2mzenoh::net::routing::dispatcher::queries[0m[2m:[0m Face{2, 40305f7b3f5b541aa0ec8ecbc8027690}:1572 Route reply: Query not found!
[2m2026-08-24T06:24:32.905980Z[0m [33m WARN[0m  rx-1 ThreadId(07) [2mzenoh::net::routing::dispatcher::queries[0m[2m:[0m Face{2, 40305f7b3f5b541aa0ec8ecbc8027690}:1572 Route final reply: Query not found!
[2m2026-08-24T06:24:50.978667Z[0m [33m WARN[0m net-0 ThreadId(03) [2mzenoh::net::routing::dispatcher::queries[0m[2m:[0m Face{2, 40305f7b3f5b541aa0ec8ecbc8027690}:1576 Didn't receive final reply for query Face{3, 240f29ad66ee40e520487c227ac61e9a}:1576: Timeout(10s)!
[2m2026-08-24T06:24:50.978721Z[0m [33m WARN[0m  rx-0 ThreadId(06) [2mzenoh::net::routing::dispatcher::queries[0m[2m:[0m Face{2, 40305f7b3f5b541aa0ec8ecbc8027690}:1576 Route reply: Query not found!
[2m2026-08-24T06:24:50.978754Z[0m [33m WARN[0m  rx-0 ThreadId(06) [2mzenoh::net::routing::dispatcher::queries[0m[2m:[0m Face{2, 40305f7b3f5b541aa0ec8ecbc8027690}:1576 Route final reply: Query not found!
[2m2026-08-24T06:25:08.956792Z[0m [33m WARN[0m net-0 ThreadId(03) [2mzenoh::net::routing::dispatcher::queries[0m[2m:[0m Face{2, 40305f7b3f5b541aa0ec8ecbc8027690}:1580 Route reply: Query not found!
[2m2026-08-24T06:25:26.917780Z[0m [33m WARN[0m net-0 ThreadId(03) [2mzenoh::net::routing::dispatcher::queries[0m[2m:[0m Face{2, 40305f7b3f5b541aa0ec8ecbc8027690}:1584 Route reply: Query not found!
[2m2026-08-24T06:25:44.988681Z[0m [33m WARN[0m net-0 ThreadId(03) [2mzenoh::net::routing::dispatcher::queries[0m[2m:[0m Face{2, 40305f7b3f5b541aa0ec8ecbc8027690}:1588 Didn't receive final reply for query Face{3, 240f29ad66ee40e520487c227ac61e9a}:1588: Timeout(10s)!
[2m2026-08-24T06:25:44.988758Z[0m [33m WARN[0m  rx-0 ThreadId(06) [2mzenoh::net::routing::dispatcher::queries[0m[2m:[0m Face{2, 40305f7b3f5b541aa0ec8ecbc8027690}:1588 Route reply: Query not found!
[2m2026-08-24T06:25:44.988772Z[0m [33m WARN[0m  rx-0 ThreadId(06) [2mzenoh::net::routing::dispatcher::queries[0m[2m:[0m Face{2, 40305f7b3f5b541aa0ec8ecbc8027690}:1588 Route final reply: Query not found!
[2m2026-08-24T06:26:02.967796Z[0m [33m WARN[0m net-0 ThreadId(03) [2mzenoh::net::routing::dispatcher::queries[0m[2m:[0m Face{2, 40305f7b3f5b541aa0ec8ecbc8027690}:1592 Didn't receive final reply for query Face{3, 240f29ad66ee40e520487c227ac61e9a}:1592: Timeout(10s)!
[2m2026-08-24T06:26:02.968666Z[0m [33m WARN[0m  rx-0 ThreadId(06) [2mzenoh::net::routing::dispatcher::queries[0m[2m:[0m Face{2, 40305f7b3f5b541aa0ec8ecbc8027690}:1592 Route reply: Query not found!
[2m2026-08-24T06:26:02.968854Z[0m [33m WARN[0m  rx-1 ThreadId(07) [2mzenoh::net::routing::dispatcher::queries[0m[2m:[0m Face{2, 40305f7b3f5b541aa0ec8ecbc8027690}:1592 Route final reply: Query not found!
[2m2026-08-24T06:26:20.961662Z[0m [33m WARN[0m net-0 ThreadId(03) [2mzenoh::net::routing::dispatcher::queries[0m[2m:[0m Face{2, 40305f7b3f5b541aa0ec8ecbc8027690}:1596 Didn't receive final reply for query Face{3, 240f29ad66ee40e520487c227ac61e9a}:1596: Timeout(10s)!
[2m2026-08-24T06:26:20.961712Z[0m [33m WARN[0m  rx-1 ThreadId(07) [2mzenoh::net::routing::dispatcher::queries[0m[2m:[0m Face{2, 40305f7b3f5b541aa0ec8ecbc8027690}:1596 Route reply: Query not found!
[2m2026-08-24T06:26:20.961735Z[0m [33m WARN[0m  rx-1 ThreadId(07) [2mzenoh::net::routing::dispatcher::queries[0m[2m:[0m Face{2, 40305f7b3f5b541aa0ec8ecbc8027690}:1596 Route final reply: Query not found!
[2m2026-08-24T06:26:38.928010Z[0m [33m WARN[0m net-0 ThreadId(03) [2mzenoh::net::routing::dispatcher::queries[0m[2m:[0m Face{2, 40305f7b3f5b541aa0ec8ecbc8027690}:1600 Didn't receive final reply for query Face{3, 240f29ad66ee40e520487c227ac61e9a}:1600: Timeout(10s)!
[2m2026-08-24T06:26:38.928749Z[0m [33m WARN[0m  rx-1 ThreadId(07) [2mzenoh::net::routing::dispatcher::queries[0m[2m:[0m Face{2, 40305f7b3f5b541aa0ec8ecbc8027690}:1600 Route reply: Query not found!
[2m2026-08-24T06:26:38.928780Z[0m [33m WARN[0m  rx-1 ThreadId(07) [2mzenoh::net::routing::dispatcher::queries[0m[2m:[0m Face{2, 40305f7b3f5b541aa0ec8ecbc8027690}:1600 Route final reply: Query not found!
[2m2026-08-24T06:26:56.984686Z[0m [33m WARN[0m net-0 ThreadId(03) [2mzenoh::net::routing::dispatcher::queries[0m[2m:[0m Face{2, 40305f7b3f5b541aa0ec8ecbc8027690}:1604 Didn't receive final reply for query Face{3, 240f29ad66ee40e520487c227ac61e9a}:1604: Timeout(10s)!
[2m2026-08-24T06:26:56.984793Z[0m [33m WARN[0m  rx-1 ThreadId(07) [2mzenoh::net::routing::dispatcher::queries[0m[2m:[0m Face{2, 40305f7b3f5b541aa0ec8ecbc8027690}:1604 Route reply: Query not found!
[2m2026-08-24T06:26:56.984818Z[0m [33m WARN[0m  rx-1 ThreadId(07) [2mzenoh::net::routing::dispatcher::queries[0m[2m:[0m Face{2, 40305f7b3f5b541aa0ec8ecbc8027690}:1604 Route final reply: Query not found!
[2m2026-08-24T06:27:14.977837Z[0m [33m WARN[0m net-0 ThreadId(03) [2mzenoh::net::routing::dispatcher::queries[0m[2m:[0m Face{2, 40305f7b3f5b541aa0ec8ecbc8027690}:1608 Didn't receive final reply for query Face{3, 240f29ad66ee40e520487c227ac61e9a}:1608: Timeout(10s)!
[2m2026-08-24T06:27:14.977958Z[0m [33m WARN[0m  rx-1 ThreadId(07) [2mzenoh::net::routing::dispatcher::queries[0m[2m:[0m Face{2, 40305f7b3f5b541aa0ec8ecbc8027690}:1608 Route reply: Query not found!
[2m2026-08-24T06:27:14.978635Z[0m [33m WARN[0m  rx-1 ThreadId(07) [2mzenoh::net::routing::dispatcher::queries[0m[2m:[0m Face{2, 40305f7b3f5b541aa0ec8ecbc8027690}:1608 Route final reply: Query not found!
[2m2026-08-24T06:27:32.956685Z[0m [33m WARN[0m net-0 ThreadId(03) [2mzenoh::net::routing::dispatcher::queries[0m[2m:[0m Face{2, 40305f7b3f5b541aa0ec8ecbc8027690}:1612 Didn't receive final reply for query Face{3, 240f29ad66ee40e520487c227ac61e9a}:1612: Timeout(10s)!
[2m2026-08-24T06:27:32.956818Z[0m [33m WARN[0m  rx-0 ThreadId(06) [2mzenoh::net::routing::dispatcher::queries[0m[2m:[0m Face{2, 40305f7b3f5b541aa0ec8ecbc8027690}:1612 Route reply: Query not found!
[2m2026-08-24T06:27:32.956839Z[0m [33m WARN[0m  rx-0 ThreadId(06) [2mzenoh::net::routing::dispatcher::queries[0m[2m:[0m Face{2, 40305f7b3f5b541aa0ec8ecbc8027690}:1612 Route final reply: Query not found!
[2m2026-08-24T06:27:50.930859Z[0m [33m WARN[0m net-0 ThreadId(03) [2mzenoh::net::routing::dispatcher::queries[0m[2m:[0m Face{2, 40305f7b3f5b541aa0ec8ecbc8027690}:1616 Didn't receive final reply for query Face{3, 240f29ad66ee40e520487c227ac61e9a}:1616: Timeout(10s)!
[2m2026-08-24T06:27:50.931726Z[0m [33m WARN[0m  rx-1 ThreadId(07) [2mzenoh::net::routing::dispatcher::queries[0m[2m:[0m Face{2, 40305f7b3f5b541aa0ec8ecbc8027690}:1616 Route reply: Query not found!
[2m2026-08-24T06:27:50.931753Z[0m [33m WARN[0m  rx-1 ThreadId(07) [2mzenoh::net::routing::dispatcher::queries[0m[2m:[0m Face{2, 40305f7b3f5b541aa0ec8ecbc8027690}:1616 Route final reply: Query not found!
[2m2026-08-24T06:28:26.968702Z[0m [33m WARN[0m net-0 ThreadId(03) [2mzenoh::net::routing::dispatcher::queries[0m[2m:[0m Face{2, 40305f7b3f5b541aa0ec8ecbc8027690}:1624 Didn't receive final reply for query Face{3, 240f29ad66ee40e520487c227ac61e9a}:1624: Timeout(10s)!
[2m2026-08-24T06:28:26.970629Z[0m [33m WARN[0m  rx-1 ThreadId(07) [2mzenoh::net::routing::dispatcher::queries[0m[2m:[0m Face{2, 40305f7b3f5b541aa0ec8ecbc8027690}:1624 Route reply: Query not found!
[2m2026-08-24T06:28:26.970667Z[0m [33m WARN[0m  rx-1 ThreadId(07) [2mzenoh::net::routing::dispatcher::queries[0m[2m:[0m Face{2, 40305f7b3f5b541aa0ec8ecbc8027690}:1624 Route final reply: Query not found!
[2m2026-08-24T06:28:44.967827Z[0m [33m WARN[0m net-0 ThreadId(03) [2mzenoh::net::routing::dispatcher::queries[0m[2m:[0m Face{2, 40305f7b3f5b541aa0ec8ecbc8027690}:1628 Didn't receive final reply for query Face{3, 240f29ad66ee40e520487c227ac61e9a}:1628: Timeout(10s)!
[2m2026-08-24T06:28:44.968764Z[0m [33m WARN[0m  rx-0 ThreadId(06) [2mzenoh::net::routing::dispatcher::queries[0m[2m:[0m Face{2, 40305f7b3f5b541aa0ec8ecbc8027690}:1628 Route reply: Query not found!
[2m2026-08-24T06:28:44.969525Z[0m [33m WARN[0m  rx-1 ThreadId(07) [2mzenoh::net::routing::dispatcher::queries[0m[2m:[0m Face{2, 40305f7b3f5b541aa0ec8ecbc8027690}:1628 Route final reply: Query not found!
[2m2026-08-24T06:29:02.944635Z[0m [33m WARN[0m net-0 ThreadId(03) [2mzenoh::net::routing::dispatcher::queries[0m[2m:[0m Face{2, 40305f7b3f5b541aa0ec8ecbc8027690}:1632 Didn't receive final reply for query Face{3, 240f29ad66ee40e520487c227ac61e9a}:1632: Timeout(10s)!
[2m2026-08-24T06:29:02.952662Z[0m [33m WARN[0m  rx-0 ThreadId(06) [2mzenoh::net::routing::dispatcher::queries[0m[2m:[0m Face{2, 40305f7b3f5b541aa0ec8ecbc8027690}:1632 Route reply: Query not found!
[2m2026-08-24T06:29:02.952685Z[0m [33m WARN[0m  rx-0 ThreadId(06) [2mzenoh::net::routing::dispatcher::queries[0m[2m:[0m Face{2, 40305f7b3f5b541aa0ec8ecbc8027690}:1632 Route final reply: Query not found!
[2m2026-08-24T06:29:20.991694Z[0m [33m WARN[0m net-0 ThreadId(03) [2mzenoh::net::routing::dispatcher::queries[0m[2m:[0m Face{2, 40305f7b3f5b541aa0ec8ecbc8027690}:1636 Didn't receive final reply for query Face{3, 240f29ad66ee40e520487c227ac61e9a}:1636: Timeout(10s)!
[2m2026-08-24T06:29:20.992208Z[0m [33m WARN[0m  rx-0 ThreadId(06) [2mzenoh::net::routing::dispatcher::queries[0m[2m:[0m Face{2, 40305f7b3f5b541aa0ec8ecbc8027690}:1636 Route reply: Query not found!
[2m2026-08-24T06:29:20.992228Z[0m [33m WARN[0m  rx-0 ThreadId(06) [2mzenoh::net::routing::dispatcher::queries[0m[2m:[0m Face{2, 40305f7b3f5b541aa0ec8ecbc8027690}:1636 Route final reply: Query not found!
[2m2026-08-24T06:29:56.958685Z[0m [33m WARN[0m net-0 ThreadId(03) [2mzenoh::net::routing::dispatcher::queries[0m[2m:[0m Face{2, 40305f7b3f5b541aa0ec8ecbc8027690}:1644 Didn't receive final reply for query Face{3, 240f29ad66ee40e520487c227ac61e9a}:1644: Timeout(10s)!
[2m2026-08-24T06:29:56.959487Z[0m [33m WARN[0m  rx-1 ThreadId(07) [2mzenoh::net::routing::dispatcher::queries[0m[2m:[0m Face{2, 40305f7b3f5b541aa0ec8ecbc8027690}:1644 Route reply: Query not found!
[2m2026-08-24T06:29:56.959527Z[0m [33m WARN[0m  rx-1 ThreadId(07) [2mzenoh::net::routing::dispatcher::queries[0m[2m:[0m Face{2, 40305f7b3f5b541aa0ec8ecbc8027690}:1644 Route final reply: Query not found!
[2m2026-08-24T06:30:14.914707Z[0m [33m WARN[0m net-0 ThreadId(03) [2mzenoh::net::routing::dispatcher::queries[0m[2m:[0m Face{2, 40305f7b3f5b541aa0ec8ecbc8027690}:1648 Didn't receive final reply for query Face{3, 240f29ad66ee40e520487c227ac61e9a}:1648: Timeout(10s)!
[2m2026-08-24T06:30:14.914731Z[0m [33m WARN[0m  rx-0 ThreadId(06) [2mzenoh::net::routing::dispatcher::queries[0m[2m:[0m Face{2, 40305f7b3f5b541aa0ec8ecbc8027690}:1648 Route reply: Query not found!
[2m2026-08-24T06:30:14.914756Z[0m [33m WARN[0m  rx-0 ThreadId(06) [2mzenoh::net::routing::dispatcher::queries[0m[2m:[0m Face{2, 40305f7b3f5b541aa0ec8ecbc8027690}:1648 Route final reply: Query not found!
[2m2026-08-24T06:30:32.982717Z[0m [33m WARN[0m net-0 ThreadId(03) [2mzenoh::net::routing::dispatcher::queries[0m[2m:[0m Face{2, 40305f7b3f5b541aa0ec8ecbc8027690}:1652 Didn't receive final reply for query Face{3, 240f29ad66ee40e520487c227ac61e9a}:1652: Timeout(10s)!
[2m2026-08-24T06:30:32.982829Z[0m [33m WARN[0m  rx-1 ThreadId(07) [2mzenoh::net::routing::dispatcher::queries[0m[2m:[0m Face{2, 40305f7b3f5b541aa0ec8ecbc8027690}:1652 Route reply: Query not found!
[2m2026-08-24T06:30:32.982851Z[0m [33m WARN[0m  rx-1 ThreadId(07) [2mzenoh::net::routing::dispatcher::queries[0m[2m:[0m Face{2, 40305f7b3f5b541aa0ec8ecbc8027690}:1652 Route final reply: Query not found!
[2m2026-08-24T06:30:51.044707Z[0m [33m WARN[0m net-0 ThreadId(03) [2mzenoh::net::routing::dispatcher::queries[0m[2m:[0m Face{2, 40305f7b3f5b541aa0ec8ecbc8027690}:1656 Didn't receive final reply for query Face{3, 240f29ad66ee40e520487c227ac61e9a}:1656: Timeout(10s)!
[2m2026-08-24T06:30:51.046060Z[0m [33m WARN[0m  rx-1 ThreadId(07) [2mzenoh::net::routing::dispatcher::queries[0m[2m:[0m Face{2, 40305f7b3f5b541aa0ec8ecbc8027690}:1656 Route reply: Query not found!
[2m2026-08-24T06:30:51.046387Z[0m [33m WARN[0m  rx-1 ThreadId(07) [2mzenoh::net::routing::dispatcher::queries[0m[2m:[0m Face{2, 40305f7b3f5b541aa0ec8ecbc8027690}:1656 Route final reply: Query not found!
[2m2026-08-24T06:31:08.951620Z[0m [33m WARN[0m net-0 ThreadId(03) [2mzenoh::net::routing::dispatcher::queries[0m[2m:[0m Face{2, 40305f7b3f5b541aa0ec8ecbc8027690}:1660 Didn't receive final reply for query Face{3, 240f29ad66ee40e520487c227ac61e9a}:1660: Timeout(10s)!
[2m2026-08-24T06:31:08.952228Z[0m [33m WARN[0m  rx-1 ThreadId(07) [2mzenoh::net::routing::dispatcher::queries[0m[2m:[0m Face{2, 40305f7b3f5b541aa0ec8ecbc8027690}:1660 Route reply: Query not found!
[2m2026-08-24T06:31:08.952257Z[0m [33m WARN[0m  rx-1 ThreadId(07) [2mzenoh::net::routing::dispatcher::queries[0m[2m:[0m Face{2, 40305f7b3f5b541aa0ec8ecbc8027690}:1660 Route final reply: Query not found!
[2m2026-08-24T06:31:26.957713Z[0m [33m WARN[0m net-0 ThreadId(03) [2mzenoh::net::routing::dispatcher::queries[0m[2m:[0m Face{2, 40305f7b3f5b541aa0ec8ecbc8027690}:1664 Didn't receive final reply for query Face{3, 240f29ad66ee40e520487c227ac61e9a}:1664: Timeout(10s)!
[2m2026-08-24T06:31:26.957990Z[0m [33m WARN[0m  rx-1 ThreadId(07) [2mzenoh::net::routing::dispatcher::queries[0m[2m:[0m Face{2, 40305f7b3f5b541aa0ec8ecbc8027690}:1664 Route reply: Query not found!
[2m2026-08-24T06:31:26.958010Z[0m [33m WARN[0m  rx-1 ThreadId(07) [2mzenoh::net::routing::dispatcher::queries[0m[2m:[0m Face{2, 40305f7b3f5b541aa0ec8ecbc8027690}:1664 Route final reply: Query not found!
[2m2026-08-24T06:31:44.921675Z[0m [33m WARN[0m net-0 ThreadId(03) [2mzenoh::net::routing::dispatcher::queries[0m[2m:[0m Face{2, 40305f7b3f5b541aa0ec8ecbc8027690}:1668 Didn't receive final reply for query Face{3, 240f29ad66ee40e520487c227ac61e9a}:1668: Timeout(10s)!
[2m2026-08-24T06:31:44.923015Z[0m [33m WARN[0m  rx-0 ThreadId(06) [2mzenoh::net::routing::dispatcher::queries[0m[2m:[0m Face{2, 40305f7b3f5b541aa0ec8ecbc8027690}:1668 Route reply: Query not found!
[2m2026-08-24T06:31:44.923049Z[0m [33m WARN[0m  rx-0 ThreadId(06) [2mzenoh::net::routing::dispatcher::queries[0m[2m:[0m Face{2, 40305f7b3f5b541aa0ec8ecbc8027690}:1668 Route final reply: Query not found!
[2m2026-08-24T06:32:02.900063Z[0m [33m WARN[0m net-0 ThreadId(03) [2mzenoh::net::routing::dispatcher::queries[0m[2m:[0m Face{2, 40305f7b3f5b541aa0ec8ecbc8027690}:1672 Didn't receive final reply for query Face{3, 240f29ad66ee40e520487c227ac61e9a}:1672: Timeout(10s)!
[2m2026-08-24T06:32:02.900099Z[0m [33m WARN[0m  rx-0 ThreadId(06) [2mzenoh::net::routing::dispatcher::queries[0m[2m:[0m Face{2, 40305f7b3f5b541aa0ec8ecbc8027690}:1672 Route reply: Query not found!
[2m2026-08-24T06:32:02.900135Z[0m [33m WARN[0m  rx-0 ThreadId(06) [2mzenoh::net::routing::dispatcher::queries[0m[2m:[0m Face{2, 40305f7b3f5b541aa0ec8ecbc8027690}:1672 Route final reply: Query not found!
[2m2026-08-24T06:32:20.961701Z[0m [33m WARN[0m net-0 ThreadId(03) [2mzenoh::net::routing::dispatcher::queries[0m[2m:[0m Face{2, 40305f7b3f5b541aa0ec8ecbc8027690}:1676 Didn't receive final reply for query Face{3, 240f29ad66ee40e520487c227ac61e9a}:1676: Timeout(10s)!
[2m2026-08-24T06:32:20.961763Z[0m [33m WARN[0m  rx-1 ThreadId(07) [2mzenoh::net::routing::dispatcher::queries[0m[2m:[0m Face{2, 40305f7b3f5b541aa0ec8ecbc8027690}:1676 Route reply: Query not found!
[2m2026-08-24T06:32:20.961794Z[0m [33m WARN[0m  rx-1 ThreadId(07) [2mzenoh::net::routing::dispatcher::queries[0m[2m:[0m Face{2, 40305f7b3f5b541aa0ec8ecbc8027690}:1676 Route final reply: Query not found!
[2m2026-08-24T06:32:38.959658Z[0m [33m WARN[0m net-0 ThreadId(03) [2mzenoh::net::routing::dispatcher::queries[0m[2m:[0m Face{2, 40305f7b3f5b541aa0ec8ecbc8027690}:1680 Didn't receive final reply for query Face{3, 240f29ad66ee40e520487c227ac61e9a}:1680: Timeout(10s)!
[2m2026-08-24T06:32:38.959731Z[0m [33m WARN[0m  rx-1 ThreadId(07) [2mzenoh::net::routing::dispatcher::queries[0m[2m:[0m Face{2, 40305f7b3f5b541aa0ec8ecbc8027690}:1680 Route reply: Query not found!
[2m2026-08-24T06:32:38.959760Z[0m [33m WARN[0m  rx-1 ThreadId(07) [2mzenoh::net::routing::dispatcher::queries[0m[2m:[0m Face{2, 40305f7b3f5b541aa0ec8ecbc8027690}:1680 Route final reply: Query not found!
[2m2026-08-24T06:32:56.899875Z[0m [33m WARN[0m net-0 ThreadId(03) [2mzenoh::net::routing::dispatcher::queries[0m[2m:[0m Face{2, 40305f7b3f5b541aa0ec8ecbc8027690}:1684 Didn't receive final reply for query Face{3, 240f29ad66ee40e520487c227ac61e9a}:1684: Timeout(10s)!
[2m2026-08-24T06:32:56.900208Z[0m [33m WARN[0m  rx-1 ThreadId(07) [2mzenoh::net::routing::dispatcher::queries[0m[2m:[0m Face{2, 40305f7b3f5b541aa0ec8ecbc8027690}:1684 Route reply: Query not found!
[2m2026-08-24T06:32:56.900235Z[0m [33m WARN[0m  rx-1 ThreadId(07) [2mzenoh::net::routing::dispatcher::queries[0m[2m:[0m Face{2, 40305f7b3f5b541aa0ec8ecbc8027690}:1684 Route final reply: Query not found!
[2m2026-08-24T06:33:14.951674Z[0m [33m WARN[0m net-0 ThreadId(03) [2mzenoh::net::routing::dispatcher::queries[0m[2m:[0m Face{2, 40305f7b3f5b541aa0ec8ecbc8027690}:1688 Didn't receive final reply for query Face{3, 240f29ad66ee40e520487c227ac61e9a}:1688: Timeout(10s)!
[2m2026-08-24T06:33:14.951791Z[0m [33m WARN[0m  rx-1 ThreadId(07) [2mzenoh::net::routing::dispatcher::queries[0m[2m:[0m Face{2, 40305f7b3f5b541aa0ec8ecbc8027690}:1688 Route reply: Query not found!
[2m2026-08-24T06:33:14.952071Z[0m [33m WARN[0m  rx-1 ThreadId(07) [2mzenoh::net::routing::dispatcher::queries[0m[2m:[0m Face{2, 40305f7b3f5b541aa0ec8ecbc8027690}:1688 Route final reply: Query not found!
[2m2026-08-24T06:33:32.922849Z[0m [33m WARN[0m  rx-0 ThreadId(06) [2mzenoh::net::routing::dispatcher::queries[0m[2m:[0m Face{2, 40305f7b3f5b541aa0ec8ecbc8027690}:1692 Route final reply: Query not found!
[2m2026-08-24T06:33:32.922840Z[0m [33m WARN[0m net-0 ThreadId(03) [2mzenoh::net::routing::dispatcher::queries[0m[2m:[0m Face{2, 40305f7b3f5b541aa0ec8ecbc8027690}:1692 Didn't receive final reply for query Face{3, 240f29ad66ee40e520487c227ac61e9a}:1692: Timeout(10s)!
[2m2026-08-24T06:33:50.899720Z[0m [33m WARN[0m net-0 ThreadId(03) [2mzenoh::net::routing::dispatcher::queries[0m[2m:[0m Face{2, 40305f7b3f5b541aa0ec8ecbc8027690}:1696 Didn't receive final reply for query Face{3, 240f29ad66ee40e520487c227ac61e9a}:1696: Timeout(10s)!
[2m2026-08-24T06:33:50.899779Z[0m [33m WARN[0m  rx-1 ThreadId(07) [2mzenoh::net::routing::dispatcher::queries[0m[2m:[0m Face{2, 40305f7b3f5b541aa0ec8ecbc8027690}:1696 Route reply: Query not found!
[2m2026-08-24T06:33:50.899800Z[0m [33m WARN[0m  rx-1 ThreadId(07) [2mzenoh::net::routing::dispatcher::queries[0m[2m:[0m Face{2, 40305f7b3f5b541aa0ec8ecbc8027690}:1696 Route final reply: Query not found!
[2m2026-08-24T06:34:08.953723Z[0m [33m WARN[0m net-0 ThreadId(03) [2mzenoh::net::routing::dispatcher::queries[0m[2m:[0m Face{2, 40305f7b3f5b541aa0ec8ecbc8027690}:1700 Didn't receive final reply for query Face{3, 240f29ad66ee40e520487c227ac61e9a}:1700: Timeout(10s)!
[2m2026-08-24T06:34:08.953768Z[0m [33m WARN[0m  rx-1 ThreadId(07) [2mzenoh::net::routing::dispatcher::queries[0m[2m:[0m Face{2, 40305f7b3f5b541aa0ec8ecbc8027690}:1700 Route reply: Query not found!
[2m2026-08-24T06:34:08.953792Z[0m [33m WARN[0m  rx-1 ThreadId(07) [2mzenoh::net::routing::dispatcher::queries[0m[2m:[0m Face{2, 40305f7b3f5b541aa0ec8ecbc8027690}:1700 Route final reply: Query not found!
[2m2026-08-24T06:34:26.941710Z[0m [33m WARN[0m net-0 ThreadId(03) [2mzenoh::net::routing::dispatcher::queries[0m[2m:[0m Face{2, 40305f7b3f5b541aa0ec8ecbc8027690}:1704 Didn't receive final reply for query Face{3, 240f29ad66ee40e520487c227ac61e9a}:1704: Timeout(10s)!
[2m2026-08-24T06:34:26.943196Z[0m [33m WARN[0m  rx-1 ThreadId(07) [2mzenoh::net::routing::dispatcher::queries[0m[2m:[0m Face{2, 40305f7b3f5b541aa0ec8ecbc8027690}:1704 Route reply: Query not found!
[2m2026-08-24T06:34:26.943258Z[0m [33m WARN[0m  rx-1 ThreadId(07) [2mzenoh::net::routing::dispatcher::queries[0m[2m:[0m Face{2, 40305f7b3f5b541aa0ec8ecbc8027690}:1704 Route final reply: Query not found!
[2m2026-08-24T06:34:44.911030Z[0m [33m WARN[0m net-0 ThreadId(03) [2mzenoh::net::routing::dispatcher::queries[0m[2m:[0m Face{2, 40305f7b3f5b541aa0ec8ecbc8027690}:1708 Route reply: Query not found!
[2m2026-08-24T06:35:02.987147Z[0m [33m WARN[0m net-0 ThreadId(03) [2mzenoh::net::routing::dispatcher::queries[0m[2m:[0m Face{2, 40305f7b3f5b541aa0ec8ecbc8027690}:1712 Didn't receive final reply for query Face{3, 240f29ad66ee40e520487c227ac61e9a}:1712: Timeout(10s)!
[2m2026-08-24T06:35:02.987731Z[0m [33m WARN[0m  rx-1 ThreadId(07) [2mzenoh::net::routing::dispatcher::queries[0m[2m:[0m Face{2, 40305f7b3f5b541aa0ec8ecbc8027690}:1712 Route reply: Query not found!
[2m2026-08-24T06:35:02.987752Z[0m [33m WARN[0m  rx-1 ThreadId(07) [2mzenoh::net::routing::dispatcher::queries[0m[2m:[0m Face{2, 40305f7b3f5b541aa0ec8ecbc8027690}:1712 Route final reply: Query not found!
[2m2026-08-24T06:35:20.974816Z[0m [33m WARN[0m net-0 ThreadId(03) [2mzenoh::net::routing::dispatcher::queries[0m[2m:[0m Face{2, 40305f7b3f5b541aa0ec8ecbc8027690}:1716 Didn't receive final reply for query Face{3, 240f29ad66ee40e520487c227ac61e9a}:1716: Timeout(10s)!
[2m2026-08-24T06:35:20.975228Z[0m [33m WARN[0m  rx-1 ThreadId(07) [2mzenoh::net::routing::dispatcher::queries[0m[2m:[0m Face{2, 40305f7b3f5b541aa0ec8ecbc8027690}:1716 Route reply: Query not found!
[2m2026-08-24T06:35:20.975248Z[0m [33m WARN[0m  rx-1 ThreadId(07) [2mzenoh::net::routing::dispatcher::queries[0m[2m:[0m Face{2, 40305f7b3f5b541aa0ec8ecbc8027690}:1716 Route final reply: Query not found!
[2m2026-08-24T06:35:38.952696Z[0m [33m WARN[0m net-0 ThreadId(03) [2mzenoh::net::routing::dispatcher::queries[0m[2m:[0m Face{2, 40305f7b3f5b541aa0ec8ecbc8027690}:1720 Didn't receive final reply for query Face{3, 240f29ad66ee40e520487c227ac61e9a}:1720: Timeout(10s)!
[2m2026-08-24T06:35:38.952774Z[0m [33m WARN[0m  rx-0 ThreadId(06) [2mzenoh::net::routing::dispatcher::queries[0m[2m:[0m Face{2, 40305f7b3f5b541aa0ec8ecbc8027690}:1720 Route reply: Query not found!
[2m2026-08-24T06:35:38.952805Z[0m [33m WARN[0m  rx-0 ThreadId(06) [2mzenoh::net::routing::dispatcher::queries[0m[2m:[0m Face{2, 40305f7b3f5b541aa0ec8ecbc8027690}:1720 Route final reply: Query not found!
[2m2026-08-24T06:35:56.934912Z[0m [33m WARN[0m net-0 ThreadId(03) [2mzenoh::net::routing::dispatcher::queries[0m[2m:[0m Face{2, 40305f7b3f5b541aa0ec8ecbc8027690}:1724 Didn't receive final reply for query Face{3, 240f29ad66ee40e520487c227ac61e9a}:1724: Timeout(10s)!
[2m2026-08-24T06:35:56.935208Z[0m [33m WARN[0m  rx-0 ThreadId(06) [2mzenoh::net::routing::dispatcher::queries[0m[2m:[0m Face{2, 40305f7b3f5b541aa0ec8ecbc8027690}:1724 Route reply: Query not found!
[2m2026-08-24T06:35:56.935234Z[0m [33m WARN[0m  rx-0 ThreadId(06) [2mzenoh::net::routing::dispatcher::queries[0m[2m:[0m Face{2, 40305f7b3f5b541aa0ec8ecbc8027690}:1724 Route final reply: Query not found!
[2m2026-08-24T06:36:15.007679Z[0m [33m WARN[0m net-0 ThreadId(03) [2mzenoh::net::routing::dispatcher::queries[0m[2m:[0m Face{2, 40305f7b3f5b541aa0ec8ecbc8027690}:1728 Didn't receive final reply for query Face{3, 240f29ad66ee40e520487c227ac61e9a}:1728: Timeout(10s)!
[2m2026-08-24T06:36:15.007689Z[0m [33m WARN[0m  rx-0 ThreadId(06) [2mzenoh::net::routing::dispatcher::queries[0m[2m:[0m Face{2, 40305f7b3f5b541aa0ec8ecbc8027690}:1728 Route final reply: Query not found!
[2m2026-08-24T06:36:32.984900Z[0m [33m WARN[0m net-0 ThreadId(03) [2mzenoh::net::routing::dispatcher::queries[0m[2m:[0m Face{2, 40305f7b3f5b541aa0ec8ecbc8027690}:1732 Route reply: Query not found!
[2m2026-08-24T06:36:50.964677Z[0m [33m WARN[0m net-0 ThreadId(03) [2mzenoh::net::routing::dispatcher::queries[0m[2m:[0m Face{2, 40305f7b3f5b541aa0ec8ecbc8027690}:1736 Didn't receive final reply for query Face{3, 240f29ad66ee40e520487c227ac61e9a}:1736: Timeout(10s)!
[2m2026-08-24T06:36:50.964748Z[0m [33m WARN[0m  rx-0 ThreadId(06) [2mzenoh::net::routing::dispatcher::queries[0m[2m:[0m Face{2, 40305f7b3f5b541aa0ec8ecbc8027690}:1736 Route reply: Query not found!
[2m2026-08-24T06:36:50.964770Z[0m [33m WARN[0m  rx-0 ThreadId(06) [2mzenoh::net::routing::dispatcher::queries[0m[2m:[0m Face{2, 40305f7b3f5b541aa0ec8ecbc8027690}:1736 Route final reply: Query not found!
[2m2026-08-24T06:37:08.924678Z[0m [33m WARN[0m net-0 ThreadId(03) [2mzenoh::net::routing::dispatcher::queries[0m[2m:[0m Face{2, 40305f7b3f5b541aa0ec8ecbc8027690}:1740 Didn't receive final reply for query Face{3, 240f29ad66ee40e520487c227ac61e9a}:1740: Timeout(10s)!
[2m2026-08-24T06:37:08.924889Z[0m [33m WARN[0m  rx-0 ThreadId(06) [2mzenoh::net::routing::dispatcher::queries[0m[2m:[0m Face{2, 40305f7b3f5b541aa0ec8ecbc8027690}:1740 Route reply: Query not found!
[2m2026-08-24T06:37:08.924935Z[0m [33m WARN[0m  rx-0 ThreadId(06) [2mzenoh::net::routing::dispatcher::queries[0m[2m:[0m Face{2, 40305f7b3f5b541aa0ec8ecbc8027690}:1740 Route final reply: Query not found!
[2m2026-08-24T06:37:26.918005Z[0m [33m WARN[0m net-0 ThreadId(03) [2mzenoh::net::routing::dispatcher::queries[0m[2m:[0m Face{2, 40305f7b3f5b541aa0ec8ecbc8027690}:1744 Route reply: Query not found!
[2m2026-08-24T06:37:44.928662Z[0m [33m WARN[0m net-0 ThreadId(03) [2mzenoh::net::routing::dispatcher::queries[0m[2m:[0m Face{2, 40305f7b3f5b541aa0ec8ecbc8027690}:1748 Didn't receive final reply for query Face{3, 240f29ad66ee40e520487c227ac61e9a}:1748: Timeout(10s)!
[2m2026-08-24T06:37:44.930378Z[0m [33m WARN[0m  rx-1 ThreadId(07) [2mzenoh::net::routing::dispatcher::queries[0m[2m:[0m Face{2, 40305f7b3f5b541aa0ec8ecbc8027690}:1748 Route reply: Query not found!
[2m2026-08-24T06:37:44.930403Z[0m [33m WARN[0m  rx-1 ThreadId(07) [2mzenoh::net::routing::dispatcher::queries[0m[2m:[0m Face{2, 40305f7b3f5b541aa0ec8ecbc8027690}:1748 Route final reply: Query not found!
[2m2026-08-24T06:38:02.894808Z[0m [33m WARN[0m net-0 ThreadId(03) [2mzenoh::net::routing::dispatcher::queries[0m[2m:[0m Face{2, 40305f7b3f5b541aa0ec8ecbc8027690}:1752 Route reply: Query not found!
[2m2026-08-24T06:38:20.963693Z[0m [33m WARN[0m net-0 ThreadId(03) [2mzenoh::net::routing::dispatcher::queries[0m[2m:[0m Face{2, 40305f7b3f5b541aa0ec8ecbc8027690}:1756 Didn't receive final reply for query Face{3, 240f29ad66ee40e520487c227ac61e9a}:1756: Timeout(10s)!
[2m2026-08-24T06:38:20.964189Z[0m [33m WARN[0m  rx-0 ThreadId(06) [2mzenoh::net::routing::dispatcher::queries[0m[2m:[0m Face{2, 40305f7b3f5b541aa0ec8ecbc8027690}:1756 Route reply: Query not found!
[2m2026-08-24T06:38:20.964217Z[0m [33m WARN[0m  rx-0 ThreadId(06) [2mzenoh::net::routing::dispatcher::queries[0m[2m:[0m Face{2, 40305f7b3f5b541aa0ec8ecbc8027690}:1756 Route final reply: Query not found!
[2m2026-08-24T06:38:38.934670Z[0m [33m WARN[0m net-0 ThreadId(03) [2mzenoh::net::routing::dispatcher::queries[0m[2m:[0m Face{2, 40305f7b3f5b541aa0ec8ecbc8027690}:1760 Didn't receive final reply for query Face{3, 240f29ad66ee40e520487c227ac61e9a}:1760: Timeout(10s)!
[2m2026-08-24T06:38:38.934747Z[0m [33m WARN[0m  rx-0 ThreadId(06) [2mzenoh::net::routing::dispatcher::queries[0m[2m:[0m Face{2, 40305f7b3f5b541aa0ec8ecbc8027690}:1760 Route reply: Query not found!
[2m2026-08-24T06:38:38.934764Z[0m [33m WARN[0m  rx-0 ThreadId(06) [2mzenoh::net::routing::dispatcher::queries[0m[2m:[0m Face{2, 40305f7b3f5b541aa0ec8ecbc8027690}:1760 Route final reply: Query not found!
[2m2026-08-24T06:38:56.913991Z[0m [33m WARN[0m net-0 ThreadId(03) [2mzenoh::net::routing::dispatcher::queries[0m[2m:[0m Face{2, 40305f7b3f5b541aa0ec8ecbc8027690}:1764 Route reply: Query not found!
[2m2026-08-24T06:39:14.977702Z[0m [33m WARN[0m net-0 ThreadId(03) [2mzenoh::net::routing::dispatcher::queries[0m[2m:[0m Face{2, 40305f7b3f5b541aa0ec8ecbc8027690}:1768 Didn't receive final reply for query Face{3, 240f29ad66ee40e520487c227ac61e9a}:1768: Timeout(10s)!
[2m2026-08-24T06:39:14.977803Z[0m [33m WARN[0m  rx-0 ThreadId(06) [2mzenoh::net::routing::dispatcher::queries[0m[2m:[0m Face{2, 40305f7b3f5b541aa0ec8ecbc8027690}:1768 Route reply: Query not found!
[2m2026-08-24T06:39:14.977842Z[0m [33m WARN[0m  rx-0 ThreadId(06) [2mzenoh::net::routing::dispatcher::queries[0m[2m:[0m Face{2, 40305f7b3f5b541aa0ec8ecbc8027690}:1768 Route final reply: Query not found!
[2m2026-08-24T06:39:32.957792Z[0m [33m WARN[0m net-0 ThreadId(03) [2mzenoh::net::routing::dispatcher::queries[0m[2m:[0m Face{2, 40305f7b3f5b541aa0ec8ecbc8027690}:1772 Didn't receive final reply for query Face{3, 240f29ad66ee40e520487c227ac61e9a}:1772: Timeout(10s)!
[2m2026-08-24T06:39:32.961672Z[0m [33m WARN[0m  rx-0 ThreadId(06) [2mzenoh::net::routing::dispatcher::queries[0m[2m:[0m Face{2, 40305f7b3f5b541aa0ec8ecbc8027690}:1772 Route reply: Query not found!
[2m2026-08-24T06:39:32.961730Z[0m [33m WARN[0m  rx-0 ThreadId(06) [2mzenoh::net::routing::dispatcher::queries[0m[2m:[0m Face{2, 40305f7b3f5b541aa0ec8ecbc8027690}:1772 Route final reply: Query not found!
[2m2026-08-24T06:39:50.918751Z[0m [33m WARN[0m net-0 ThreadId(03) [2mzenoh::net::routing::dispatcher::queries[0m[2m:[0m Face{2, 40305f7b3f5b541aa0ec8ecbc8027690}:1776 Didn't receive final reply for query Face{3, 240f29ad66ee40e520487c227ac61e9a}:1776: Timeout(10s)!
[2m2026-08-24T06:39:50.919560Z[0m [33m WARN[0m  rx-0 ThreadId(06) [2mzenoh::net::routing::dispatcher::queries[0m[2m:[0m Face{2, 40305f7b3f5b541aa0ec8ecbc8027690}:1776 Route reply: Query not found!
[2m2026-08-24T06:39:50.919591Z[0m [33m WARN[0m  rx-0 ThreadId(06) [2mzenoh::net::routing::dispatcher::queries[0m[2m:[0m Face{2, 40305f7b3f5b541aa0ec8ecbc8027690}:1776 Route final reply: Query not found!
[2m2026-08-24T06:40:08.904721Z[0m [33m WARN[0m net-0 ThreadId(03) [2mzenoh::net::routing::dispatcher::queries[0m[2m:[0m Face{2, 40305f7b3f5b541aa0ec8ecbc8027690}:1780 Didn't receive final reply for query Face{3, 240f29ad66ee40e520487c227ac61e9a}:1780: Timeout(10s)!
[2m2026-08-24T06:40:08.904787Z[0m [33m WARN[0m  rx-1 ThreadId(07) [2mzenoh::net::routing::dispatcher::queries[0m[2m:[0m Face{2, 40305f7b3f5b541aa0ec8ecbc8027690}:1780 Route reply: Query not found!
[2m2026-08-24T06:40:08.904825Z[0m [33m WARN[0m  rx-1 ThreadId(07) [2mzenoh::net::routing::dispatcher::queries[0m[2m:[0m Face{2, 40305f7b3f5b541aa0ec8ecbc8027690}:1780 Route final reply: Query not found!
[2m2026-08-24T06:40:26.975621Z[0m [33m WARN[0m net-0 ThreadId(03) [2mzenoh::net::routing::dispatcher::queries[0m[2m:[0m Face{2, 40305f7b3f5b541aa0ec8ecbc8027690}:1784 Didn't receive final reply for query Face{3, 240f29ad66ee40e520487c227ac61e9a}:1784: Timeout(10s)!
[2m2026-08-24T06:40:26.985105Z[0m [33m WARN[0m  rx-0 ThreadId(06) [2mzenoh::net::routing::dispatcher::queries[0m[2m:[0m Face{2, 40305f7b3f5b541aa0ec8ecbc8027690}:1784 Route reply: Query not found!
[2m2026-08-24T06:40:26.985153Z[0m [33m WARN[0m  rx-0 ThreadId(06) [2mzenoh::net::routing::dispatcher::queries[0m[2m:[0m Face{2, 40305f7b3f5b541aa0ec8ecbc8027690}:1784 Route final reply: Query not found!
[2m2026-08-24T06:40:44.945121Z[0m [33m WARN[0m net-0 ThreadId(03) [2mzenoh::net::routing::dispatcher::queries[0m[2m:[0m Face{2, 40305f7b3f5b541aa0ec8ecbc8027690}:1788 Didn't receive final reply for query Face{3, 240f29ad66ee40e520487c227ac61e9a}:1788: Timeout(10s)!
[2m2026-08-24T06:40:44.945868Z[0m [33m WARN[0m  rx-1 ThreadId(07) [2mzenoh::net::routing::dispatcher::queries[0m[2m:[0m Face{2, 40305f7b3f5b541aa0ec8ecbc8027690}:1788 Route reply: Query not found!
[2m2026-08-24T06:40:44.945889Z[0m [33m WARN[0m  rx-1 ThreadId(07) [2mzenoh::net::routing::dispatcher::queries[0m[2m:[0m Face{2, 40305f7b3f5b541aa0ec8ecbc8027690}:1788 Route final reply: Query not found!
[2m2026-08-24T06:41:02.924715Z[0m [33m WARN[0m net-0 ThreadId(03) [2mzenoh::net::routing::dispatcher::queries[0m[2m:[0m Face{2, 40305f7b3f5b541aa0ec8ecbc8027690}:1792 Didn't receive final reply for query Face{3, 240f29ad66ee40e520487c227ac61e9a}:1792: Timeout(10s)!
[2m2026-08-24T06:41:02.924787Z[0m [33m WARN[0m  rx-0 ThreadId(06) [2mzenoh::net::routing::dispatcher::queries[0m[2m:[0m Face{2, 40305f7b3f5b541aa0ec8ecbc8027690}:1792 Route reply: Query not found!
[2m2026-08-24T06:41:02.924813Z[0m [33m WARN[0m  rx-0 ThreadId(06) [2mzenoh::net::routing::dispatcher::queries[0m[2m:[0m Face{2, 40305f7b3f5b541aa0ec8ecbc8027690}:1792 Route final reply: Query not found!
[2m2026-08-24T06:41:20.992717Z[0m [33m WARN[0m net-0 ThreadId(03) [2mzenoh::net::routing::dispatcher::queries[0m[2m:[0m Face{2, 40305f7b3f5b541aa0ec8ecbc8027690}:1796 Didn't receive final reply for query Face{3, 240f29ad66ee40e520487c227ac61e9a}:1796: Timeout(10s)!
[2m2026-08-24T06:41:20.992892Z[0m [33m WARN[0m  rx-1 ThreadId(07) [2mzenoh::net::routing::dispatcher::queries[0m[2m:[0m Face{2, 40305f7b3f5b541aa0ec8ecbc8027690}:1796 Route reply: Query not found!
[2m2026-08-24T06:41:20.992913Z[0m [33m WARN[0m  rx-1 ThreadId(07) [2mzenoh::net::routing::dispatcher::queries[0m[2m:[0m Face{2, 40305f7b3f5b541aa0ec8ecbc8027690}:1796 Route final reply: Query not found!
[2m2026-08-24T06:41:39.221869Z[0m [33m WARN[0m net-0 ThreadId(03) [2mzenoh::net::routing::dispatcher::queries[0m[2m:[0m Face{2, 40305f7b3f5b541aa0ec8ecbc8027690}:1800 Route reply: Query not found!
[2m2026-08-24T06:41:57.110247Z[0m [33m WARN[0m  rx-1 ThreadId(07) [2mzenoh::net::routing::dispatcher::queries[0m[2m:[0m Face{2, 40305f7b3f5b541aa0ec8ecbc8027690}:1804 Route reply: Query not found!
[2m2026-08-24T06:41:57.110248Z[0m [33m WARN[0m net-0 ThreadId(03) [2mzenoh::net::routing::dispatcher::queries[0m[2m:[0m Face{2, 40305f7b3f5b541aa0ec8ecbc8027690}:1804 Didn't receive final reply for query Face{3, 240f29ad66ee40e520487c227ac61e9a}:1804: Timeout(10s)!
[2m2026-08-24T06:41:57.113839Z[0m [33m WARN[0m  rx-1 ThreadId(07) [2mzenoh::net::routing::dispatcher::queries[0m[2m:[0m Face{2, 40305f7b3f5b541aa0ec8ecbc8027690}:1804 Route final reply: Query not found!
[2m2026-08-24T06:42:15.182962Z[0m [33m WARN[0m net-0 ThreadId(03) [2mzenoh::net::routing::dispatcher::queries[0m[2m:[0m Face{2, 40305f7b3f5b541aa0ec8ecbc8027690}:1808 Didn't receive final reply for query Face{3, 240f29ad66ee40e520487c227ac61e9a}:1808: Timeout(10s)!
[2m2026-08-24T06:42:15.183312Z[0m [33m WARN[0m  rx-0 ThreadId(06) [2mzenoh::net::routing::dispatcher::queries[0m[2m:[0m Face{2, 40305f7b3f5b541aa0ec8ecbc8027690}:1808 Route reply: Query not found!
[2m2026-08-24T06:42:15.183359Z[0m [33m WARN[0m  rx-0 ThreadId(06) [2mzenoh::net::routing::dispatcher::queries[0m[2m:[0m Face{2, 40305f7b3f5b541aa0ec8ecbc8027690}:1808 Route final reply: Query not found!
[2m2026-08-24T06:42:33.024751Z[0m [33m WARN[0m net-0 ThreadId(03) [2mzenoh::net::routing::dispatcher::queries[0m[2m:[0m Face{2, 40305f7b3f5b541aa0ec8ecbc8027690}:1812 Didn't receive final reply for query Face{3, 240f29ad66ee40e520487c227ac61e9a}:1812: Timeout(10s)!
[2m2026-08-24T06:42:33.026187Z[0m [33m WARN[0m  rx-1 ThreadId(07) [2mzenoh::net::routing::dispatcher::queries[0m[2m:[0m Face{2, 40305f7b3f5b541aa0ec8ecbc8027690}:1812 Route reply: Query not found!
[2m2026-08-24T06:42:33.026239Z[0m [33m WARN[0m  rx-1 ThreadId(07) [2mzenoh::net::routing::dispatcher::queries[0m[2m:[0m Face{2, 40305f7b3f5b541aa0ec8ecbc8027690}:1812 Route final reply: Query not found!
[2m2026-08-24T06:42:50.998733Z[0m [33m WARN[0m net-0 ThreadId(03) [2mzenoh::net::routing::dispatcher::queries[0m[2m:[0m Face{2, 40305f7b3f5b541aa0ec8ecbc8027690}:1816 Didn't receive final reply for query Face{3, 240f29ad66ee40e520487c227ac61e9a}:1816: Timeout(10s)!
[2m2026-08-24T06:42:50.999448Z[0m [33m WARN[0m  rx-0 ThreadId(06) [2mzenoh::net::routing::dispatcher::queries[0m[2m:[0m Face{2, 40305f7b3f5b541aa0ec8ecbc8027690}:1816 Route reply: Query not found!
[2m2026-08-24T06:42:50.999496Z[0m [33m WARN[0m  rx-0 ThreadId(06) [2mzenoh::net::routing::dispatcher::queries[0m[2m:[0m Face{2, 40305f7b3f5b541aa0ec8ecbc8027690}:1816 Route final reply: Query not found!
[2m2026-08-24T06:43:08.925828Z[0m [33m WARN[0m net-0 ThreadId(03) [2mzenoh::net::routing::dispatcher::queries[0m[2m:[0m Face{2, 40305f7b3f5b541aa0ec8ecbc8027690}:1820 Didn't receive final reply for query Face{3, 240f29ad66ee40e520487c227ac61e9a}:1820: Timeout(10s)!
[2m2026-08-24T06:43:08.926769Z[0m [33m WARN[0m  rx-1 ThreadId(07) [2mzenoh::net::routing::dispatcher::queries[0m[2m:[0m Face{2, 40305f7b3f5b541aa0ec8ecbc8027690}:1820 Route reply: Query not found!
[2m2026-08-24T06:43:08.926805Z[0m [33m WARN[0m  rx-1 ThreadId(07) [2mzenoh::net::routing::dispatcher::queries[0m[2m:[0m Face{2, 40305f7b3f5b541aa0ec8ecbc8027690}:1820 Route final reply: Query not found!
[2m2026-08-24T06:43:26.922787Z[0m [33m WARN[0m net-0 ThreadId(03) [2mzenoh::net::routing::dispatcher::queries[0m[2m:[0m Face{2, 40305f7b3f5b541aa0ec8ecbc8027690}:1824 Route reply: Query not found!
[2m2026-08-24T06:43:44.904751Z[0m [33m WARN[0m net-0 ThreadId(03) [2mzenoh::net::routing::dispatcher::queries[0m[2m:[0m Face{2, 40305f7b3f5b541aa0ec8ecbc8027690}:1828 Didn't receive final reply for query Face{3, 240f29ad66ee40e520487c227ac61e9a}:1828: Timeout(10s)!
[2m2026-08-24T06:43:44.905012Z[0m [33m WARN[0m  rx-1 ThreadId(07) [2mzenoh::net::routing::dispatcher::queries[0m[2m:[0m Face{2, 40305f7b3f5b541aa0ec8ecbc8027690}:1828 Route reply: Query not found!
[2m2026-08-24T06:43:44.905024Z[0m [33m WARN[0m  rx-1 ThreadId(07) [2mzenoh::net::routing::dispatcher::queries[0m[2m:[0m Face{2, 40305f7b3f5b541aa0ec8ecbc8027690}:1828 Route final reply: Query not found!
[2m2026-08-24T06:44:02.982680Z[0m [33m WARN[0m net-0 ThreadId(03) [2mzenoh::net::routing::dispatcher::queries[0m[2m:[0m Face{2, 40305f7b3f5b541aa0ec8ecbc8027690}:1832 Didn't receive final reply for query Face{3, 240f29ad66ee40e520487c227ac61e9a}:1832: Timeout(10s)!
[2m2026-08-24T06:44:02.982763Z[0m [33m WARN[0m  rx-1 ThreadId(07) [2mzenoh::net::routing::dispatcher::queries[0m[2m:[0m Face{2, 40305f7b3f5b541aa0ec8ecbc8027690}:1832 Route reply: Query not found!
[2m2026-08-24T06:44:02.982783Z[0m [33m WARN[0m  rx-1 ThreadId(07) [2mzenoh::net::routing::dispatcher::queries[0m[2m:[0m Face{2, 40305f7b3f5b541aa0ec8ecbc8027690}:1832 Route final reply: Query not found!
[2m2026-08-24T06:44:20.988691Z[0m [33m WARN[0m net-0 ThreadId(03) [2mzenoh::net::routing::dispatcher::queries[0m[2m:[0m Face{2, 40305f7b3f5b541aa0ec8ecbc8027690}:1836 Didn't receive final reply for query Face{3, 240f29ad66ee40e520487c227ac61e9a}:1836: Timeout(10s)!
[2m2026-08-24T06:44:20.988766Z[0m [33m WARN[0m  rx-1 ThreadId(07) [2mzenoh::net::routing::dispatcher::queries[0m[2m:[0m Face{2, 40305f7b3f5b541aa0ec8ecbc8027690}:1836 Route reply: Query not found!
[2m2026-08-24T06:44:20.988806Z[0m [33m WARN[0m  rx-1 ThreadId(07) [2mzenoh::net::routing::dispatcher::queries[0m[2m:[0m Face{2, 40305f7b3f5b541aa0ec8ecbc8027690}:1836 Route final reply: Query not found!
[2m2026-08-24T06:44:38.970704Z[0m [33m WARN[0m net-0 ThreadId(03) [2mzenoh::net::routing::dispatcher::queries[0m[2m:[0m Face{2, 40305f7b3f5b541aa0ec8ecbc8027690}:1840 Didn't receive final reply for query Face{3, 240f29ad66ee40e520487c227ac61e9a}:1840: Timeout(10s)!
[2m2026-08-24T06:44:38.971355Z[0m [33m WARN[0m  rx-1 ThreadId(07) [2mzenoh::net::routing::dispatcher::queries[0m[2m:[0m Face{2, 40305f7b3f5b541aa0ec8ecbc8027690}:1840 Route reply: Query not found!
[2m2026-08-24T06:44:38.971377Z[0m [33m WARN[0m  rx-1 ThreadId(07) [2mzenoh::net::routing::dispatcher::queries[0m[2m:[0m Face{2, 40305f7b3f5b541aa0ec8ecbc8027690}:1840 Route final reply: Query not found!
[2m2026-08-24T06:44:56.967234Z[0m [33m WARN[0m net-0 ThreadId(03) [2mzenoh::net::routing::dispatcher::queries[0m[2m:[0m Face{2, 40305f7b3f5b541aa0ec8ecbc8027690}:1844 Didn't receive final reply for query Face{3, 240f29ad66ee40e520487c227ac61e9a}:1844: Timeout(10s)!
[2m2026-08-24T06:44:56.967735Z[0m [33m WARN[0m  rx-0 ThreadId(06) [2mzenoh::net::routing::dispatcher::queries[0m[2m:[0m Face{2, 40305f7b3f5b541aa0ec8ecbc8027690}:1844 Route reply: Query not found!
[2m2026-08-24T06:44:56.967778Z[0m [33m WARN[0m  rx-0 ThreadId(06) [2mzenoh::net::routing::dispatcher::queries[0m[2m:[0m Face{2, 40305f7b3f5b541aa0ec8ecbc8027690}:1844 Route final reply: Query not found!
[2m2026-08-24T06:45:15.003669Z[0m [33m WARN[0m net-0 ThreadId(03) [2mzenoh::net::routing::dispatcher::queries[0m[2m:[0m Face{2, 40305f7b3f5b541aa0ec8ecbc8027690}:1848 Didn't receive final reply for query Face{3, 240f29ad66ee40e520487c227ac61e9a}:1848: Timeout(10s)!
[2m2026-08-24T06:45:15.003844Z[0m [33m WARN[0m  rx-0 ThreadId(06) [2mzenoh::net::routing::dispatcher::queries[0m[2m:[0m Face{2, 40305f7b3f5b541aa0ec8ecbc8027690}:1848 Route reply: Query not found!
[2m2026-08-24T06:45:15.003870Z[0m [33m WARN[0m  rx-0 ThreadId(06) [2mzenoh::net::routing::dispatcher::queries[0m[2m:[0m Face{2, 40305f7b3f5b541aa0ec8ecbc8027690}:1848 Route final reply: Query not found!
[2m2026-08-24T06:45:32.954695Z[0m [33m WARN[0m net-0 ThreadId(03) [2mzenoh::net::routing::dispatcher::queries[0m[2m:[0m Face{2, 40305f7b3f5b541aa0ec8ecbc8027690}:1852 Didn't receive final reply for query Face{3, 240f29ad66ee40e520487c227ac61e9a}:1852: Timeout(10s)!
[2m2026-08-24T06:45:32.954756Z[0m [33m WARN[0m  rx-1 ThreadId(07) [2mzenoh::net::routing::dispatcher::queries[0m[2m:[0m Face{2, 40305f7b3f5b541aa0ec8ecbc8027690}:1852 Route reply: Query not found!
[2m2026-08-24T06:45:32.954782Z[0m [33m WARN[0m  rx-1 ThreadId(07) [2mzenoh::net::routing::dispatcher::queries[0m[2m:[0m Face{2, 40305f7b3f5b541aa0ec8ecbc8027690}:1852 Route final reply: Query not found!
[2m2026-08-24T06:45:50.937705Z[0m [33m WARN[0m net-0 ThreadId(03) [2mzenoh::net::routing::dispatcher::queries[0m[2m:[0m Face{2, 40305f7b3f5b541aa0ec8ecbc8027690}:1856 Didn't receive final reply for query Face{3, 240f29ad66ee40e520487c227ac61e9a}:1856: Timeout(10s)!
[2m2026-08-24T06:45:50.938108Z[0m [33m WARN[0m  rx-0 ThreadId(06) [2mzenoh::net::routing::dispatcher::queries[0m[2m:[0m Face{2, 40305f7b3f5b541aa0ec8ecbc8027690}:1856 Route reply: Query not found!
[2m2026-08-24T06:45:50.938132Z[0m [33m WARN[0m  rx-0 ThreadId(06) [2mzenoh::net::routing::dispatcher::queries[0m[2m:[0m Face{2, 40305f7b3f5b541aa0ec8ecbc8027690}:1856 Route final reply: Query not found!
[2m2026-08-24T06:46:08.902705Z[0m [33m WARN[0m net-0 ThreadId(03) [2mzenoh::net::routing::dispatcher::queries[0m[2m:[0m Face{2, 40305f7b3f5b541aa0ec8ecbc8027690}:1860 Didn't receive final reply for query Face{3, 240f29ad66ee40e520487c227ac61e9a}:1860: Timeout(10s)!
[2m2026-08-24T06:46:08.903564Z[0m [33m WARN[0m  rx-0 ThreadId(06) [2mzenoh::net::routing::dispatcher::queries[0m[2m:[0m Face{2, 40305f7b3f5b541aa0ec8ecbc8027690}:1860 Route reply: Query not found!
[2m2026-08-24T06:46:08.903594Z[0m [33m WARN[0m  rx-0 ThreadId(06) [2mzenoh::net::routing::dispatcher::queries[0m[2m:[0m Face{2, 40305f7b3f5b541aa0ec8ecbc8027690}:1860 Route final reply: Query not found!
[2m2026-08-24T06:46:26.906963Z[0m [33m WARN[0m net-0 ThreadId(03) [2mzenoh::net::routing::dispatcher::queries[0m[2m:[0m Face{2, 40305f7b3f5b541aa0ec8ecbc8027690}:1864 Route reply: Query not found!
[2m2026-08-24T06:46:45.006690Z[0m [33m WARN[0m net-0 ThreadId(03) [2mzenoh::net::routing::dispatcher::queries[0m[2m:[0m Face{2, 40305f7b3f5b541aa0ec8ecbc8027690}:1868 Didn't receive final reply for query Face{3, 240f29ad66ee40e520487c227ac61e9a}:1868: Timeout(10s)!
[2m2026-08-24T06:46:45.006741Z[0m [33m WARN[0m  rx-0 ThreadId(06) [2mzenoh::net::routing::dispatcher::queries[0m[2m:[0m Face{2, 40305f7b3f5b541aa0ec8ecbc8027690}:1868 Route reply: Query not found!
[2m2026-08-24T06:46:45.006764Z[0m [33m WARN[0m  rx-0 ThreadId(06) [2mzenoh::net::routing::dispatcher::queries[0m[2m:[0m Face{2, 40305f7b3f5b541aa0ec8ecbc8027690}:1868 Route final reply: Query not found!
[2m2026-08-24T06:47:02.911706Z[0m [33m WARN[0m net-0 ThreadId(03) [2mzenoh::net::routing::dispatcher::queries[0m[2m:[0m Face{2, 40305f7b3f5b541aa0ec8ecbc8027690}:1872 Didn't receive final reply for query Face{3, 240f29ad66ee40e520487c227ac61e9a}:1872: Timeout(10s)!
[2m2026-08-24T06:47:02.911724Z[0m [33m WARN[0m  rx-0 ThreadId(06) [2mzenoh::net::routing::dispatcher::queries[0m[2m:[0m Face{2, 40305f7b3f5b541aa0ec8ecbc8027690}:1872 Route reply: Query not found!
[2m2026-08-24T06:47:02.911758Z[0m [33m WARN[0m  rx-0 ThreadId(06) [2mzenoh::net::routing::dispatcher::queries[0m[2m:[0m Face{2, 40305f7b3f5b541aa0ec8ecbc8027690}:1872 Route final reply: Query not found!
[2m2026-08-24T06:47:20.996678Z[0m [33m WARN[0m net-0 ThreadId(03) [2mzenoh::net::routing::dispatcher::queries[0m[2m:[0m Face{2, 40305f7b3f5b541aa0ec8ecbc8027690}:1876 Didn't receive final reply for query Face{3, 240f29ad66ee40e520487c227ac61e9a}:1876: Timeout(10s)!
[2m2026-08-24T06:47:20.997195Z[0m [33m WARN[0m  rx-1 ThreadId(07) [2mzenoh::net::routing::dispatcher::queries[0m[2m:[0m Face{2, 40305f7b3f5b541aa0ec8ecbc8027690}:1876 Route reply: Query not found!
[2m2026-08-24T06:47:20.997236Z[0m [33m WARN[0m  rx-1 ThreadId(07) [2mzenoh::net::routing::dispatcher::queries[0m[2m:[0m Face{2, 40305f7b3f5b541aa0ec8ecbc8027690}:1876 Route final reply: Query not found!
[2m2026-08-24T06:47:38.989722Z[0m [33m WARN[0m net-0 ThreadId(03) [2mzenoh::net::routing::dispatcher::queries[0m[2m:[0m Face{2, 40305f7b3f5b541aa0ec8ecbc8027690}:1880 Didn't receive final reply for query Face{3, 240f29ad66ee40e520487c227ac61e9a}:1880: Timeout(10s)!
[2m2026-08-24T06:47:38.989939Z[0m [33m WARN[0m  rx-0 ThreadId(06) [2mzenoh::net::routing::dispatcher::queries[0m[2m:[0m Face{2, 40305f7b3f5b541aa0ec8ecbc8027690}:1880 Route reply: Query not found!
[2m2026-08-24T06:47:38.989958Z[0m [33m WARN[0m  rx-0 ThreadId(06) [2mzenoh::net::routing::dispatcher::queries[0m[2m:[0m Face{2, 40305f7b3f5b541aa0ec8ecbc8027690}:1880 Route final reply: Query not found!
[2m2026-08-24T06:48:14.962667Z[0m [33m WARN[0m net-0 ThreadId(03) [2mzenoh::net::routing::dispatcher::queries[0m[2m:[0m Face{2, 40305f7b3f5b541aa0ec8ecbc8027690}:1888 Didn't receive final reply for query Face{3, 240f29ad66ee40e520487c227ac61e9a}:1888: Timeout(10s)!
[2m2026-08-24T06:48:14.962750Z[0m [33m WARN[0m  rx-1 ThreadId(07) [2mzenoh::net::routing::dispatcher::queries[0m[2m:[0m Face{2, 40305f7b3f5b541aa0ec8ecbc8027690}:1888 Route reply: Query not found!
[2m2026-08-24T06:48:14.962776Z[0m [33m WARN[0m  rx-1 ThreadId(07) [2mzenoh::net::routing::dispatcher::queries[0m[2m:[0m Face{2, 40305f7b3f5b541aa0ec8ecbc8027690}:1888 Route final reply: Query not found!
[2m2026-08-24T06:48:32.919754Z[0m [33m WARN[0m net-0 ThreadId(03) [2mzenoh::net::routing::dispatcher::queries[0m[2m:[0m Face{2, 40305f7b3f5b541aa0ec8ecbc8027690}:1892 Didn't receive final reply for query Face{3, 240f29ad66ee40e520487c227ac61e9a}:1892: Timeout(10s)!
[2m2026-08-24T06:48:32.919817Z[0m [33m WARN[0m  rx-0 ThreadId(06) [2mzenoh::net::routing::dispatcher::queries[0m[2m:[0m Face{2, 40305f7b3f5b541aa0ec8ecbc8027690}:1892 Route reply: Query not found!
[2m2026-08-24T06:48:32.919855Z[0m [33m WARN[0m  rx-0 ThreadId(06) [2mzenoh::net::routing::dispatcher::queries[0m[2m:[0m Face{2, 40305f7b3f5b541aa0ec8ecbc8027690}:1892 Route final reply: Query not found!
[2m2026-08-24T06:48:50.892671Z[0m [33m WARN[0m net-0 ThreadId(03) [2mzenoh::net::routing::dispatcher::queries[0m[2m:[0m Face{2, 40305f7b3f5b541aa0ec8ecbc8027690}:1896 Didn't receive final reply for query Face{3, 240f29ad66ee40e520487c227ac61e9a}:1896: Timeout(10s)!
[2m2026-08-24T06:48:50.892850Z[0m [33m WARN[0m  rx-0 ThreadId(06) [2mzenoh::net::routing::dispatcher::queries[0m[2m:[0m Face{2, 40305f7b3f5b541aa0ec8ecbc8027690}:1896 Route reply: Query not found!
[2m2026-08-24T06:48:50.892881Z[0m [33m WARN[0m  rx-0 ThreadId(06) [2mzenoh::net::routing::dispatcher::queries[0m[2m:[0m Face{2, 40305f7b3f5b541aa0ec8ecbc8027690}:1896 Route final reply: Query not found!
[2m2026-08-24T06:49:08.954721Z[0m [33m WARN[0m net-0 ThreadId(03) [2mzenoh::net::routing::dispatcher::queries[0m[2m:[0m Face{2, 40305f7b3f5b541aa0ec8ecbc8027690}:1900 Didn't receive final reply for query Face{3, 240f29ad66ee40e520487c227ac61e9a}:1900: Timeout(10s)!
[2m2026-08-24T06:49:08.956387Z[0m [33m WARN[0m  rx-1 ThreadId(07) [2mzenoh::net::routing::dispatcher::queries[0m[2m:[0m Face{2, 40305f7b3f5b541aa0ec8ecbc8027690}:1900 Route reply: Query not found!
[2m2026-08-24T06:49:08.956420Z[0m [33m WARN[0m  rx-1 ThreadId(07) [2mzenoh::net::routing::dispatcher::queries[0m[2m:[0m Face{2, 40305f7b3f5b541aa0ec8ecbc8027690}:1900 Route final reply: Query not found!
[2m2026-08-24T06:49:26.934896Z[0m [33m WARN[0m net-0 ThreadId(03) [2mzenoh::net::routing::dispatcher::queries[0m[2m:[0m Face{2, 40305f7b3f5b541aa0ec8ecbc8027690}:1904 Didn't receive final reply for query Face{3, 240f29ad66ee40e520487c227ac61e9a}:1904: Timeout(10s)!
[2m2026-08-24T06:49:26.934951Z[0m [33m WARN[0m  rx-0 ThreadId(06) [2mzenoh::net::routing::dispatcher::queries[0m[2m:[0m Face{2, 40305f7b3f5b541aa0ec8ecbc8027690}:1904 Route reply: Query not found!
[2m2026-08-24T06:49:26.934979Z[0m [33m WARN[0m  rx-0 ThreadId(06) [2mzenoh::net::routing::dispatcher::queries[0m[2m:[0m Face{2, 40305f7b3f5b541aa0ec8ecbc8027690}:1904 Route final reply: Query not found!
[2m2026-08-24T06:49:44.929766Z[0m [33m WARN[0m net-0 ThreadId(03) [2mzenoh::net::routing::dispatcher::queries[0m[2m:[0m Face{2, 40305f7b3f5b541aa0ec8ecbc8027690}:1908 Didn't receive final reply for query Face{3, 240f29ad66ee40e520487c227ac61e9a}:1908: Timeout(10s)!
[2m2026-08-24T06:49:44.930799Z[0m [33m WARN[0m  rx-0 ThreadId(06) [2mzenoh::net::routing::dispatcher::queries[0m[2m:[0m Face{2, 40305f7b3f5b541aa0ec8ecbc8027690}:1908 Route reply: Query not found!
[2m2026-08-24T06:49:44.930921Z[0m [33m WARN[0m  rx-1 ThreadId(07) [2mzenoh::net::routing::dispatcher::queries[0m[2m:[0m Face{2, 40305f7b3f5b541aa0ec8ecbc8027690}:1908 Route final reply: Query not found!
[2m2026-08-24T06:50:20.966669Z[0m [33m WARN[0m net-0 ThreadId(03) [2mzenoh::net::routing::dispatcher::queries[0m[2m:[0m Face{2, 40305f7b3f5b541aa0ec8ecbc8027690}:1916 Didn't receive final reply for query Face{3, 240f29ad66ee40e520487c227ac61e9a}:1916: Timeout(10s)!
[2m2026-08-24T06:50:20.966781Z[0m [33m WARN[0m  rx-1 ThreadId(07) [2mzenoh::net::routing::dispatcher::queries[0m[2m:[0m Face{2, 40305f7b3f5b541aa0ec8ecbc8027690}:1916 Route reply: Query not found!
[2m2026-08-24T06:50:20.966808Z[0m [33m WARN[0m  rx-1 ThreadId(07) [2mzenoh::net::routing::dispatcher::queries[0m[2m:[0m Face{2, 40305f7b3f5b541aa0ec8ecbc8027690}:1916 Route final reply: Query not found!
[2m2026-08-24T06:50:56.898680Z[0m [33m WARN[0m net-0 ThreadId(03) [2mzenoh::net::routing::dispatcher::queries[0m[2m:[0m Face{2, 40305f7b3f5b541aa0ec8ecbc8027690}:1924 Didn't receive final reply for query Face{3, 240f29ad66ee40e520487c227ac61e9a}:1924: Timeout(10s)!
[2m2026-08-24T06:50:56.898747Z[0m [33m WARN[0m  rx-1 ThreadId(07) [2mzenoh::net::routing::dispatcher::queries[0m[2m:[0m Face{2, 40305f7b3f5b541aa0ec8ecbc8027690}:1924 Route reply: Query not found!
[2m2026-08-24T06:50:56.898775Z[0m [33m WARN[0m  rx-1 ThreadId(07) [2mzenoh::net::routing::dispatcher::queries[0m[2m:[0m Face{2, 40305f7b3f5b541aa0ec8ecbc8027690}:1924 Route final reply: Query not found!
[2m2026-08-24T06:51:14.964633Z[0m [33m WARN[0m net-0 ThreadId(03) [2mzenoh::net::routing::dispatcher::queries[0m[2m:[0m Face{2, 40305f7b3f5b541aa0ec8ecbc8027690}:1928 Didn't receive final reply for query Face{3, 240f29ad66ee40e520487c227ac61e9a}:1928: Timeout(10s)!
[2m2026-08-24T06:51:14.965522Z[0m [33m WARN[0m  rx-0 ThreadId(06) [2mzenoh::net::routing::dispatcher::queries[0m[2m:[0m Face{2, 40305f7b3f5b541aa0ec8ecbc8027690}:1928 Route reply: Query not found!
[2m2026-08-24T06:51:14.965551Z[0m [33m WARN[0m  rx-0 ThreadId(06) [2mzenoh::net::routing::dispatcher::queries[0m[2m:[0m Face{2, 40305f7b3f5b541aa0ec8ecbc8027690}:1928 Route final reply: Query not found!
[2m2026-08-24T06:51:32.943697Z[0m [33m WARN[0m net-0 ThreadId(03) [2mzenoh::net::routing::dispatcher::queries[0m[2m:[0m Face{2, 40305f7b3f5b541aa0ec8ecbc8027690}:1932 Didn't receive final reply for query Face{3, 240f29ad66ee40e520487c227ac61e9a}:1932: Timeout(10s)!
[2m2026-08-24T06:51:32.944054Z[0m [33m WARN[0m  rx-1 ThreadId(07) [2mzenoh::net::routing::dispatcher::queries[0m[2m:[0m Face{2, 40305f7b3f5b541aa0ec8ecbc8027690}:1932 Route reply: Query not found!
[2m2026-08-24T06:51:32.944077Z[0m [33m WARN[0m  rx-1 ThreadId(07) [2mzenoh::net::routing::dispatcher::queries[0m[2m:[0m Face{2, 40305f7b3f5b541aa0ec8ecbc8027690}:1932 Route final reply: Query not found!
[2m2026-08-24T06:51:50.934515Z[0m [33m WARN[0m net-0 ThreadId(03) [2mzenoh::net::routing::dispatcher::queries[0m[2m:[0m Face{2, 40305f7b3f5b541aa0ec8ecbc8027690}:1936 Didn't receive final reply for query Face{3, 240f29ad66ee40e520487c227ac61e9a}:1936: Timeout(10s)!
[2m2026-08-24T06:51:50.934728Z[0m [33m WARN[0m  rx-0 ThreadId(06) [2mzenoh::net::routing::dispatcher::queries[0m[2m:[0m Face{2, 40305f7b3f5b541aa0ec8ecbc8027690}:1936 Route reply: Query not found!
[2m2026-08-24T06:51:50.934752Z[0m [33m WARN[0m  rx-0 ThreadId(06) [2mzenoh::net::routing::dispatcher::queries[0m[2m:[0m Face{2, 40305f7b3f5b541aa0ec8ecbc8027690}:1936 Route final reply: Query not found!
[2m2026-08-24T06:52:08.991662Z[0m [33m WARN[0m net-0 ThreadId(03) [2mzenoh::net::routing::dispatcher::queries[0m[2m:[0m Face{2, 40305f7b3f5b541aa0ec8ecbc8027690}:1940 Didn't receive final reply for query Face{3, 240f29ad66ee40e520487c227ac61e9a}:1940: Timeout(10s)!
[2m2026-08-24T06:52:08.991699Z[0m [33m WARN[0m  rx-0 ThreadId(06) [2mzenoh::net::routing::dispatcher::queries[0m[2m:[0m Face{2, 40305f7b3f5b541aa0ec8ecbc8027690}:1940 Route final reply: Query not found!
[2m2026-08-24T06:52:26.922700Z[0m [33m WARN[0m net-0 ThreadId(03) [2mzenoh::net::routing::dispatcher::queries[0m[2m:[0m Face{2, 40305f7b3f5b541aa0ec8ecbc8027690}:1944 Didn't receive final reply for query Face{3, 240f29ad66ee40e520487c227ac61e9a}:1944: Timeout(10s)!
[2m2026-08-24T06:52:26.922799Z[0m [33m WARN[0m  rx-0 ThreadId(06) [2mzenoh::net::routing::dispatcher::queries[0m[2m:[0m Face{2, 40305f7b3f5b541aa0ec8ecbc8027690}:1944 Route reply: Query not found!
[2m2026-08-24T06:52:26.922838Z[0m [33m WARN[0m  rx-0 ThreadId(06) [2mzenoh::net::routing::dispatcher::queries[0m[2m:[0m Face{2, 40305f7b3f5b541aa0ec8ecbc8027690}:1944 Route final reply: Query not found!
[2m2026-08-24T06:52:44.913875Z[0m [33m WARN[0m net-0 ThreadId(03) [2mzenoh::net::routing::dispatcher::queries[0m[2m:[0m Face{2, 40305f7b3f5b541aa0ec8ecbc8027690}:1948 Didn't receive final reply for query Face{3, 240f29ad66ee40e520487c227ac61e9a}:1948: Timeout(10s)!
[2m2026-08-24T06:52:44.914608Z[0m [33m WARN[0m  rx-0 ThreadId(06) [2mzenoh::net::routing::dispatcher::queries[0m[2m:[0m Face{2, 40305f7b3f5b541aa0ec8ecbc8027690}:1948 Route reply: Query not found!
[2m2026-08-24T06:52:44.914923Z[0m [33m WARN[0m  rx-1 ThreadId(07) [2mzenoh::net::routing::dispatcher::queries[0m[2m:[0m Face{2, 40305f7b3f5b541aa0ec8ecbc8027690}:1948 Route final reply: Query not found!
[2m2026-08-24T06:53:02.947658Z[0m [33m WARN[0m net-0 ThreadId(03) [2mzenoh::net::routing::dispatcher::queries[0m[2m:[0m Face{2, 40305f7b3f5b541aa0ec8ecbc8027690}:1952 Didn't receive final reply for query Face{3, 240f29ad66ee40e520487c227ac61e9a}:1952: Timeout(10s)!
[2m2026-08-24T06:53:02.947708Z[0m [33m WARN[0m  rx-1 ThreadId(07) [2mzenoh::net::routing::dispatcher::queries[0m[2m:[0m Face{2, 40305f7b3f5b541aa0ec8ecbc8027690}:1952 Route reply: Query not found!
[2m2026-08-24T06:53:02.947722Z[0m [33m WARN[0m  rx-1 ThreadId(07) [2mzenoh::net::routing::dispatcher::queries[0m[2m:[0m Face{2, 40305f7b3f5b541aa0ec8ecbc8027690}:1952 Route final reply: Query not found!
[2m2026-08-24T06:53:20.958076Z[0m [33m WARN[0m net-0 ThreadId(03) [2mzenoh::net::routing::dispatcher::queries[0m[2m:[0m Face{2, 40305f7b3f5b541aa0ec8ecbc8027690}:1956 Didn't receive final reply for query Face{3, 240f29ad66ee40e520487c227ac61e9a}:1956: Timeout(10s)!
[2m2026-08-24T06:53:20.958722Z[0m [33m WARN[0m  rx-0 ThreadId(06) [2mzenoh::net::routing::dispatcher::queries[0m[2m:[0m Face{2, 40305f7b3f5b541aa0ec8ecbc8027690}:1956 Route reply: Query not found!
[2m2026-08-24T06:53:20.958750Z[0m [33m WARN[0m  rx-0 ThreadId(06) [2mzenoh::net::routing::dispatcher::queries[0m[2m:[0m Face{2, 40305f7b3f5b541aa0ec8ecbc8027690}:1956 Route final reply: Query not found!
[2m2026-08-24T06:53:38.920813Z[0m [33m WARN[0m net-0 ThreadId(03) [2mzenoh::net::routing::dispatcher::queries[0m[2m:[0m Face{2, 40305f7b3f5b541aa0ec8ecbc8027690}:1960 Didn't receive final reply for query Face{3, 240f29ad66ee40e520487c227ac61e9a}:1960: Timeout(10s)!
[2m2026-08-24T06:53:38.920984Z[0m [33m WARN[0m  rx-0 ThreadId(06) [2mzenoh::net::routing::dispatcher::queries[0m[2m:[0m Face{2, 40305f7b3f5b541aa0ec8ecbc8027690}:1960 Route reply: Query not found!
[2m2026-08-24T06:53:38.921312Z[0m [33m WARN[0m  rx-0 ThreadId(06) [2mzenoh::net::routing::dispatcher::queries[0m[2m:[0m Face{2, 40305f7b3f5b541aa0ec8ecbc8027690}:1960 Route final reply: Query not found!
[2m2026-08-24T06:53:56.992758Z[0m [33m WARN[0m net-0 ThreadId(03) [2mzenoh::net::routing::dispatcher::queries[0m[2m:[0m Face{2, 40305f7b3f5b541aa0ec8ecbc8027690}:1964 Didn't receive final reply for query Face{3, 240f29ad66ee40e520487c227ac61e9a}:1964: Timeout(10s)!
[2m2026-08-24T06:53:56.992863Z[0m [33m WARN[0m  rx-1 ThreadId(07) [2mzenoh::net::routing::dispatcher::queries[0m[2m:[0m Face{2, 40305f7b3f5b541aa0ec8ecbc8027690}:1964 Route reply: Query not found!
[2m2026-08-24T06:53:56.992955Z[0m [33m WARN[0m  rx-1 ThreadId(07) [2mzenoh::net::routing::dispatcher::queries[0m[2m:[0m Face{2, 40305f7b3f5b541aa0ec8ecbc8027690}:1964 Route final reply: Query not found!
[2m2026-08-24T06:54:14.963710Z[0m [33m WARN[0m net-0 ThreadId(03) [2mzenoh::net::routing::dispatcher::queries[0m[2m:[0m Face{2, 40305f7b3f5b541aa0ec8ecbc8027690}:1968 Didn't receive final reply for query Face{3, 240f29ad66ee40e520487c227ac61e9a}:1968: Timeout(10s)!
[2m2026-08-24T06:54:14.964391Z[0m [33m WARN[0m  rx-0 ThreadId(06) [2mzenoh::net::routing::dispatcher::queries[0m[2m:[0m Face{2, 40305f7b3f5b541aa0ec8ecbc8027690}:1968 Route reply: Query not found!
[2m2026-08-24T06:54:14.964417Z[0m [33m WARN[0m  rx-0 ThreadId(06) [2mzenoh::net::routing::dispatcher::queries[0m[2m:[0m Face{2, 40305f7b3f5b541aa0ec8ecbc8027690}:1968 Route final reply: Query not found!
[2m2026-08-24T06:54:32.940922Z[0m [33m WARN[0m net-0 ThreadId(03) [2mzenoh::net::routing::dispatcher::queries[0m[2m:[0m Face{2, 40305f7b3f5b541aa0ec8ecbc8027690}:1972 Didn't receive final reply for query Face{3, 240f29ad66ee40e520487c227ac61e9a}:1972: Timeout(10s)!
[2m2026-08-24T06:54:32.940990Z[0m [33m WARN[0m  rx-1 ThreadId(07) [2mzenoh::net::routing::dispatcher::queries[0m[2m:[0m Face{2, 40305f7b3f5b541aa0ec8ecbc8027690}:1972 Route reply: Query not found!
[2m2026-08-24T06:54:32.941011Z[0m [33m WARN[0m  rx-1 ThreadId(07) [2mzenoh::net::routing::dispatcher::queries[0m[2m:[0m Face{2, 40305f7b3f5b541aa0ec8ecbc8027690}:1972 Route final reply: Query not found!
[2m2026-08-24T06:54:50.913717Z[0m [33m WARN[0m net-0 ThreadId(03) [2mzenoh::net::routing::dispatcher::queries[0m[2m:[0m Face{2, 40305f7b3f5b541aa0ec8ecbc8027690}:1976 Route reply: Query not found!
[2m2026-08-24T06:55:27.010719Z[0m [33m WARN[0m net-0 ThreadId(03) [2mzenoh::net::routing::dispatcher::queries[0m[2m:[0m Face{2, 40305f7b3f5b541aa0ec8ecbc8027690}:1984 Didn't receive final reply for query Face{3, 240f29ad66ee40e520487c227ac61e9a}:1984: Timeout(10s)!
[2m2026-08-24T06:55:27.010890Z[0m [33m WARN[0m  rx-1 ThreadId(07) [2mzenoh::net::routing::dispatcher::queries[0m[2m:[0m Face{2, 40305f7b3f5b541aa0ec8ecbc8027690}:1984 Route reply: Query not found!
[2m2026-08-24T06:55:27.010911Z[0m [33m WARN[0m  rx-1 ThreadId(07) [2mzenoh::net::routing::dispatcher::queries[0m[2m:[0m Face{2, 40305f7b3f5b541aa0ec8ecbc8027690}:1984 Route final reply: Query not found!
[2m2026-08-24T06:55:44.984690Z[0m [33m WARN[0m net-0 ThreadId(03) [2mzenoh::net::routing::dispatcher::queries[0m[2m:[0m Face{2, 40305f7b3f5b541aa0ec8ecbc8027690}:1988 Didn't receive final reply for query Face{3, 240f29ad66ee40e520487c227ac61e9a}:1988: Timeout(10s)!
[2m2026-08-24T06:55:44.986061Z[0m [33m WARN[0m  rx-1 ThreadId(07) [2mzenoh::net::routing::dispatcher::queries[0m[2m:[0m Face{2, 40305f7b3f5b541aa0ec8ecbc8027690}:1988 Route reply: Query not found!
[2m2026-08-24T06:55:44.986102Z[0m [33m WARN[0m  rx-1 ThreadId(07) [2mzenoh::net::routing::dispatcher::queries[0m[2m:[0m Face{2, 40305f7b3f5b541aa0ec8ecbc8027690}:1988 Route final reply: Query not found!
[2m2026-08-24T06:56:02.976786Z[0m [33m WARN[0m net-0 ThreadId(03) [2mzenoh::net::routing::dispatcher::queries[0m[2m:[0m Face{2, 40305f7b3f5b541aa0ec8ecbc8027690}:1992 Didn't receive final reply for query Face{3, 240f29ad66ee40e520487c227ac61e9a}:1992: Timeout(10s)!
[2m2026-08-24T06:56:02.977125Z[0m [33m WARN[0m  rx-0 ThreadId(06) [2mzenoh::net::routing::dispatcher::queries[0m[2m:[0m Face{2, 40305f7b3f5b541aa0ec8ecbc8027690}:1992 Route reply: Query not found!
[2m2026-08-24T06:56:02.977173Z[0m [33m WARN[0m  rx-0 ThreadId(06) [2mzenoh::net::routing::dispatcher::queries[0m[2m:[0m Face{2, 40305f7b3f5b541aa0ec8ecbc8027690}:1992 Route final reply: Query not found!
[2m2026-08-24T06:56:21.005229Z[0m [33m WARN[0m net-0 ThreadId(03) [2mzenoh::net::routing::dispatcher::queries[0m[2m:[0m Face{2, 40305f7b3f5b541aa0ec8ecbc8027690}:1996 Didn't receive final reply for query Face{3, 240f29ad66ee40e520487c227ac61e9a}:1996: Timeout(10s)!
[2m2026-08-24T06:56:21.007688Z[0m [33m WARN[0m  rx-0 ThreadId(06) [2mzenoh::net::routing::dispatcher::queries[0m[2m:[0m Face{2, 40305f7b3f5b541aa0ec8ecbc8027690}:1996 Route reply: Query not found!
[2m2026-08-24T06:56:21.007717Z[0m [33m WARN[0m  rx-0 ThreadId(06) [2mzenoh::net::routing::dispatcher::queries[0m[2m:[0m Face{2, 40305f7b3f5b541aa0ec8ecbc8027690}:1996 Route final reply: Query not found!
[2m2026-08-24T06:56:38.920716Z[0m [33m WARN[0m net-0 ThreadId(03) [2mzenoh::net::routing::dispatcher::queries[0m[2m:[0m Face{2, 40305f7b3f5b541aa0ec8ecbc8027690}:2000 Didn't receive final reply for query Face{3, 240f29ad66ee40e520487c227ac61e9a}:2000: Timeout(10s)!
[2m2026-08-24T06:56:38.920817Z[0m [33m WARN[0m  rx-1 ThreadId(07) [2mzenoh::net::routing::dispatcher::queries[0m[2m:[0m Face{2, 40305f7b3f5b541aa0ec8ecbc8027690}:2000 Route reply: Query not found!
[2m2026-08-24T06:56:38.920842Z[0m [33m WARN[0m  rx-1 ThreadId(07) [2mzenoh::net::routing::dispatcher::queries[0m[2m:[0m Face{2, 40305f7b3f5b541aa0ec8ecbc8027690}:2000 Route final reply: Query not found!
[2m2026-08-24T06:56:56.977698Z[0m [33m WARN[0m net-0 ThreadId(03) [2mzenoh::net::routing::dispatcher::queries[0m[2m:[0m Face{2, 40305f7b3f5b541aa0ec8ecbc8027690}:2004 Didn't receive final reply for query Face{3, 240f29ad66ee40e520487c227ac61e9a}:2004: Timeout(10s)!
[2m2026-08-24T06:56:56.977733Z[0m [33m WARN[0m  rx-0 ThreadId(06) [2mzenoh::net::routing::dispatcher::queries[0m[2m:[0m Face{2, 40305f7b3f5b541aa0ec8ecbc8027690}:2004 Route reply: Query not found!
[2m2026-08-24T06:56:56.977765Z[0m [33m WARN[0m  rx-0 ThreadId(06) [2mzenoh::net::routing::dispatcher::queries[0m[2m:[0m Face{2, 40305f7b3f5b541aa0ec8ecbc8027690}:2004 Route final reply: Query not found!
[2m2026-08-24T06:57:14.951705Z[0m [33m WARN[0m net-0 ThreadId(03) [2mzenoh::net::routing::dispatcher::queries[0m[2m:[0m Face{2, 40305f7b3f5b541aa0ec8ecbc8027690}:2008 Didn't receive final reply for query Face{3, 240f29ad66ee40e520487c227ac61e9a}:2008: Timeout(10s)!
[2m2026-08-24T06:57:14.952055Z[0m [33m WARN[0m  rx-0 ThreadId(06) [2mzenoh::net::routing::dispatcher::queries[0m[2m:[0m Face{2, 40305f7b3f5b541aa0ec8ecbc8027690}:2008 Route reply: Query not found!
[2m2026-08-24T06:57:14.952089Z[0m [33m WARN[0m  rx-0 ThreadId(06) [2mzenoh::net::routing::dispatcher::queries[0m[2m:[0m Face{2, 40305f7b3f5b541aa0ec8ecbc8027690}:2008 Route final reply: Query not found!
[2m2026-08-24T06:57:32.933704Z[0m [33m WARN[0m net-0 ThreadId(03) [2mzenoh::net::routing::dispatcher::queries[0m[2m:[0m Face{2, 40305f7b3f5b541aa0ec8ecbc8027690}:2012 Didn't receive final reply for query Face{3, 240f29ad66ee40e520487c227ac61e9a}:2012: Timeout(10s)!
[2m2026-08-24T06:57:32.933725Z[0m [33m WARN[0m  rx-0 ThreadId(06) [2mzenoh::net::routing::dispatcher::queries[0m[2m:[0m Face{2, 40305f7b3f5b541aa0ec8ecbc8027690}:2012 Route reply: Query not found!
[2m2026-08-24T06:57:32.933752Z[0m [33m WARN[0m  rx-0 ThreadId(06) [2mzenoh::net::routing::dispatcher::queries[0m[2m:[0m Face{2, 40305f7b3f5b541aa0ec8ecbc8027690}:2012 Route final reply: Query not found!
[2m2026-08-24T06:57:50.950152Z[0m [33m WARN[0m net-0 ThreadId(03) [2mzenoh::net::routing::dispatcher::queries[0m[2m:[0m Face{2, 40305f7b3f5b541aa0ec8ecbc8027690}:2016 Didn't receive final reply for query Face{3, 240f29ad66ee40e520487c227ac61e9a}:2016: Timeout(10s)!
[2m2026-08-24T06:57:50.950512Z[0m [33m WARN[0m  rx-0 ThreadId(06) [2mzenoh::net::routing::dispatcher::queries[0m[2m:[0m Face{2, 40305f7b3f5b541aa0ec8ecbc8027690}:2016 Route reply: Query not found!
[2m2026-08-24T06:57:50.950535Z[0m [33m WARN[0m  rx-0 ThreadId(06) [2mzenoh::net::routing::dispatcher::queries[0m[2m:[0m Face{2, 40305f7b3f5b541aa0ec8ecbc8027690}:2016 Route final reply: Query not found!
[2m2026-08-24T06:58:08.951875Z[0m [33m WARN[0m net-0 ThreadId(03) [2mzenoh::net::routing::dispatcher::queries[0m[2m:[0m Face{2, 40305f7b3f5b541aa0ec8ecbc8027690}:2020 Didn't receive final reply for query Face{3, 240f29ad66ee40e520487c227ac61e9a}:2020: Timeout(10s)!
[2m2026-08-24T06:58:08.952716Z[0m [33m WARN[0m  rx-0 ThreadId(06) [2mzenoh::net::routing::dispatcher::queries[0m[2m:[0m Face{2, 40305f7b3f5b541aa0ec8ecbc8027690}:2020 Route reply: Query not found!
[2m2026-08-24T06:58:08.952736Z[0m [33m WARN[0m  rx-0 ThreadId(06) [2mzenoh::net::routing::dispatcher::queries[0m[2m:[0m Face{2, 40305f7b3f5b541aa0ec8ecbc8027690}:2020 Route final reply: Query not found!
[2m2026-08-24T06:58:26.925667Z[0m [33m WARN[0m net-0 ThreadId(03) [2mzenoh::net::routing::dispatcher::queries[0m[2m:[0m Face{2, 40305f7b3f5b541aa0ec8ecbc8027690}:2024 Didn't receive final reply for query Face{3, 240f29ad66ee40e520487c227ac61e9a}:2024: Timeout(10s)!
[2m2026-08-24T06:58:26.925729Z[0m [33m WARN[0m  rx-0 ThreadId(06) [2mzenoh::net::routing::dispatcher::queries[0m[2m:[0m Face{2, 40305f7b3f5b541aa0ec8ecbc8027690}:2024 Route reply: Query not found!
[2m2026-08-24T06:58:26.925757Z[0m [33m WARN[0m  rx-0 ThreadId(06) [2mzenoh::net::routing::dispatcher::queries[0m[2m:[0m Face{2, 40305f7b3f5b541aa0ec8ecbc8027690}:2024 Route final reply: Query not found!
[2m2026-08-24T06:58:44.962766Z[0m [33m WARN[0m net-0 ThreadId(03) [2mzenoh::net::routing::dispatcher::queries[0m[2m:[0m Face{2, 40305f7b3f5b541aa0ec8ecbc8027690}:2028 Didn't receive final reply for query Face{3, 240f29ad66ee40e520487c227ac61e9a}:2028: Timeout(10s)!
[2m2026-08-24T06:58:44.962975Z[0m [33m WARN[0m  rx-0 ThreadId(06) [2mzenoh::net::routing::dispatcher::queries[0m[2m:[0m Face{2, 40305f7b3f5b541aa0ec8ecbc8027690}:2028 Route reply: Query not found!
[2m2026-08-24T06:58:44.963103Z[0m [33m WARN[0m  rx-0 ThreadId(06) [2mzenoh::net::routing::dispatcher::queries[0m[2m:[0m Face{2, 40305f7b3f5b541aa0ec8ecbc8027690}:2028 Route final reply: Query not found!
[2m2026-08-24T06:59:38.955689Z[0m [33m WARN[0m net-0 ThreadId(03) [2mzenoh::net::routing::dispatcher::queries[0m[2m:[0m Face{2, 40305f7b3f5b541aa0ec8ecbc8027690}:2040 Didn't receive final reply for query Face{3, 240f29ad66ee40e520487c227ac61e9a}:2040: Timeout(10s)!
[2m2026-08-24T06:59:38.955728Z[0m [33m WARN[0m  rx-1 ThreadId(07) [2mzenoh::net::routing::dispatcher::queries[0m[2m:[0m Face{2, 40305f7b3f5b541aa0ec8ecbc8027690}:2040 Route reply: Query not found!
[2m2026-08-24T06:59:38.955754Z[0m [33m WARN[0m  rx-1 ThreadId(07) [2mzenoh::net::routing::dispatcher::queries[0m[2m:[0m Face{2, 40305f7b3f5b541aa0ec8ecbc8027690}:2040 Route final reply: Query not found!
[2m2026-08-24T06:59:56.988703Z[0m [33m WARN[0m net-0 ThreadId(03) [2mzenoh::net::routing::dispatcher::queries[0m[2m:[0m Face{2, 40305f7b3f5b541aa0ec8ecbc8027690}:2044 Didn't receive final reply for query Face{3, 240f29ad66ee40e520487c227ac61e9a}:2044: Timeout(10s)!
[2m2026-08-24T06:59:56.988740Z[0m [33m WARN[0m  rx-0 ThreadId(06) [2mzenoh::net::routing::dispatcher::queries[0m[2m:[0m Face{2, 40305f7b3f5b541aa0ec8ecbc8027690}:2044 Route reply: Query not found!
[2m2026-08-24T06:59:56.988767Z[0m [33m WARN[0m  rx-0 ThreadId(06) [2mzenoh::net::routing::dispatcher::queries[0m[2m:[0m Face{2, 40305f7b3f5b541aa0ec8ecbc8027690}:2044 Route final reply: Query not found!
[2m2026-08-24T07:00:14.937674Z[0m [33m WARN[0m net-0 ThreadId(03) [2mzenoh::net::routing::dispatcher::queries[0m[2m:[0m Face{2, 40305f7b3f5b541aa0ec8ecbc8027690}:2048 Didn't receive final reply for query Face{3, 240f29ad66ee40e520487c227ac61e9a}:2048: Timeout(10s)!
[2m2026-08-24T07:00:14.937881Z[0m [33m WARN[0m  rx-0 ThreadId(06) [2mzenoh::net::routing::dispatcher::queries[0m[2m:[0m Face{2, 40305f7b3f5b541aa0ec8ecbc8027690}:2048 Route reply: Query not found!
[2m2026-08-24T07:00:14.937898Z[0m [33m WARN[0m  rx-0 ThreadId(06) [2mzenoh::net::routing::dispatcher::queries[0m[2m:[0m Face{2, 40305f7b3f5b541aa0ec8ecbc8027690}:2048 Route final reply: Query not found!
[2m2026-08-24T07:00:32.947673Z[0m [33m WARN[0m net-0 ThreadId(03) [2mzenoh::net::routing::dispatcher::queries[0m[2m:[0m Face{2, 40305f7b3f5b541aa0ec8ecbc8027690}:2052 Didn't receive final reply for query Face{3, 240f29ad66ee40e520487c227ac61e9a}:2052: Timeout(10s)!
[2m2026-08-24T07:00:32.947744Z[0m [33m WARN[0m  rx-1 ThreadId(07) [2mzenoh::net::routing::dispatcher::queries[0m[2m:[0m Face{2, 40305f7b3f5b541aa0ec8ecbc8027690}:2052 Route reply: Query not found!
[2m2026-08-24T07:00:32.947769Z[0m [33m WARN[0m  rx-1 ThreadId(07) [2mzenoh::net::routing::dispatcher::queries[0m[2m:[0m Face{2, 40305f7b3f5b541aa0ec8ecbc8027690}:2052 Route final reply: Query not found!
[2m2026-08-24T07:00:50.998823Z[0m [33m WARN[0m net-0 ThreadId(03) [2mzenoh::net::routing::dispatcher::queries[0m[2m:[0m Face{2, 40305f7b3f5b541aa0ec8ecbc8027690}:2056 Route reply: Query not found!
[2m2026-08-24T07:01:09.053866Z[0m [33m WARN[0m net-0 ThreadId(03) [2mzenoh::net::routing::dispatcher::queries[0m[2m:[0m Face{2, 40305f7b3f5b541aa0ec8ecbc8027690}:2060 Didn't receive final reply for query Face{3, 240f29ad66ee40e520487c227ac61e9a}:2060: Timeout(10s)!
[2m2026-08-24T07:01:09.054485Z[0m [33m WARN[0m  rx-0 ThreadId(06) [2mzenoh::net::routing::dispatcher::queries[0m[2m:[0m Face{2, 40305f7b3f5b541aa0ec8ecbc8027690}:2060 Route reply: Query not found!
[2m2026-08-24T07:01:09.054513Z[0m [33m WARN[0m  rx-0 ThreadId(06) [2mzenoh::net::routing::dispatcher::queries[0m[2m:[0m Face{2, 40305f7b3f5b541aa0ec8ecbc8027690}:2060 Route final reply: Query not found!
[2m2026-08-24T07:01:26.938709Z[0m [33m WARN[0m net-0 ThreadId(03) [2mzenoh::net::routing::dispatcher::queries[0m[2m:[0m Face{2, 40305f7b3f5b541aa0ec8ecbc8027690}:2064 Didn't receive final reply for query Face{3, 240f29ad66ee40e520487c227ac61e9a}:2064: Timeout(10s)!
[2m2026-08-24T07:01:26.938808Z[0m [33m WARN[0m  rx-0 ThreadId(06) [2mzenoh::net::routing::dispatcher::queries[0m[2m:[0m Face{2, 40305f7b3f5b541aa0ec8ecbc8027690}:2064 Route reply: Query not found!
[2m2026-08-24T07:01:26.938835Z[0m [33m WARN[0m  rx-0 ThreadId(06) [2mzenoh::net::routing::dispatcher::queries[0m[2m:[0m Face{2, 40305f7b3f5b541aa0ec8ecbc8027690}:2064 Route final reply: Query not found!
[2m2026-08-24T07:01:44.999609Z[0m [33m WARN[0m net-0 ThreadId(03) [2mzenoh::net::routing::dispatcher::queries[0m[2m:[0m Face{2, 40305f7b3f5b541aa0ec8ecbc8027690}:2068 Didn't receive final reply for query Face{3, 240f29ad66ee40e520487c227ac61e9a}:2068: Timeout(10s)!
[2m2026-08-24T07:01:45.000176Z[0m [33m WARN[0m  rx-1 ThreadId(07) [2mzenoh::net::routing::dispatcher::queries[0m[2m:[0m Face{2, 40305f7b3f5b541aa0ec8ecbc8027690}:2068 Route reply: Query not found!
[2m2026-08-24T07:01:45.000200Z[0m [33m WARN[0m  rx-1 ThreadId(07) [2mzenoh::net::routing::dispatcher::queries[0m[2m:[0m Face{2, 40305f7b3f5b541aa0ec8ecbc8027690}:2068 Route final reply: Query not found!
[2m2026-08-24T07:02:02.967669Z[0m [33m WARN[0m net-0 ThreadId(03) [2mzenoh::net::routing::dispatcher::queries[0m[2m:[0m Face{2, 40305f7b3f5b541aa0ec8ecbc8027690}:2072 Didn't receive final reply for query Face{3, 240f29ad66ee40e520487c227ac61e9a}:2072: Timeout(10s)!
[2m2026-08-24T07:02:02.967719Z[0m [33m WARN[0m  rx-1 ThreadId(07) [2mzenoh::net::routing::dispatcher::queries[0m[2m:[0m Face{2, 40305f7b3f5b541aa0ec8ecbc8027690}:2072 Route reply: Query not found!
[2m2026-08-24T07:02:02.967743Z[0m [33m WARN[0m  rx-1 ThreadId(07) [2mzenoh::net::routing::dispatcher::queries[0m[2m:[0m Face{2, 40305f7b3f5b541aa0ec8ecbc8027690}:2072 Route final reply: Query not found!
[2m2026-08-24T07:02:20.939664Z[0m [33m WARN[0m net-0 ThreadId(03) [2mzenoh::net::routing::dispatcher::queries[0m[2m:[0m Face{2, 40305f7b3f5b541aa0ec8ecbc8027690}:2076 Didn't receive final reply for query Face{3, 240f29ad66ee40e520487c227ac61e9a}:2076: Timeout(10s)!
[2m2026-08-24T07:02:20.939713Z[0m [33m WARN[0m  rx-1 ThreadId(07) [2mzenoh::net::routing::dispatcher::queries[0m[2m:[0m Face{2, 40305f7b3f5b541aa0ec8ecbc8027690}:2076 Route reply: Query not found!
[2m2026-08-24T07:02:20.939728Z[0m [33m WARN[0m  rx-1 ThreadId(07) [2mzenoh::net::routing::dispatcher::queries[0m[2m:[0m Face{2, 40305f7b3f5b541aa0ec8ecbc8027690}:2076 Route final reply: Query not found!
[2m2026-08-24T07:02:38.913676Z[0m [33m WARN[0m net-0 ThreadId(03) [2mzenoh::net::routing::dispatcher::queries[0m[2m:[0m Face{2, 40305f7b3f5b541aa0ec8ecbc8027690}:2080 Didn't receive final reply for query Face{3, 240f29ad66ee40e520487c227ac61e9a}:2080: Timeout(10s)!
[2m2026-08-24T07:02:38.914462Z[0m [33m WARN[0m  rx-1 ThreadId(07) [2mzenoh::net::routing::dispatcher::queries[0m[2m:[0m Face{2, 40305f7b3f5b541aa0ec8ecbc8027690}:2080 Route reply: Query not found!
[2m2026-08-24T07:02:38.914493Z[0m [33m WARN[0m  rx-1 ThreadId(07) [2mzenoh::net::routing::dispatcher::queries[0m[2m:[0m Face{2, 40305f7b3f5b541aa0ec8ecbc8027690}:2080 Route final reply: Query not found!
[2m2026-08-24T07:02:56.902700Z[0m [33m WARN[0m net-0 ThreadId(03) [2mzenoh::net::routing::dispatcher::queries[0m[2m:[0m Face{2, 40305f7b3f5b541aa0ec8ecbc8027690}:2084 Didn't receive final reply for query Face{3, 240f29ad66ee40e520487c227ac61e9a}:2084: Timeout(10s)!
[2m2026-08-24T07:02:56.902741Z[0m [33m WARN[0m  rx-1 ThreadId(07) [2mzenoh::net::routing::dispatcher::queries[0m[2m:[0m Face{2, 40305f7b3f5b541aa0ec8ecbc8027690}:2084 Route reply: Query not found!
[2m2026-08-24T07:02:56.902776Z[0m [33m WARN[0m  rx-1 ThreadId(07) [2mzenoh::net::routing::dispatcher::queries[0m[2m:[0m Face{2, 40305f7b3f5b541aa0ec8ecbc8027690}:2084 Route final reply: Query not found!
[2m2026-08-24T07:03:14.972546Z[0m [33m WARN[0m net-0 ThreadId(03) [2mzenoh::net::routing::dispatcher::queries[0m[2m:[0m Face{2, 40305f7b3f5b541aa0ec8ecbc8027690}:2088 Didn't receive final reply for query Face{3, 240f29ad66ee40e520487c227ac61e9a}:2088: Timeout(10s)!
[2m2026-08-24T07:03:14.972735Z[0m [33m WARN[0m  rx-1 ThreadId(07) [2mzenoh::net::routing::dispatcher::queries[0m[2m:[0m Face{2, 40305f7b3f5b541aa0ec8ecbc8027690}:2088 Route reply: Query not found!
[2m2026-08-24T07:03:14.972766Z[0m [33m WARN[0m  rx-1 ThreadId(07) [2mzenoh::net::routing::dispatcher::queries[0m[2m:[0m Face{2, 40305f7b3f5b541aa0ec8ecbc8027690}:2088 Route final reply: Query not found!
[2m2026-08-24T07:03:32.964739Z[0m [33m WARN[0m net-0 ThreadId(03) [2mzenoh::net::routing::dispatcher::queries[0m[2m:[0m Face{2, 40305f7b3f5b541aa0ec8ecbc8027690}:2092 Didn't receive final reply for query Face{3, 240f29ad66ee40e520487c227ac61e9a}:2092: Timeout(10s)!
[2m2026-08-24T07:03:32.965159Z[0m [33m WARN[0m  rx-0 ThreadId(06) [2mzenoh::net::routing::dispatcher::queries[0m[2m:[0m Face{2, 40305f7b3f5b541aa0ec8ecbc8027690}:2092 Route reply: Query not found!
[2m2026-08-24T07:03:32.965389Z[0m [33m WARN[0m  rx-0 ThreadId(06) [2mzenoh::net::routing::dispatcher::queries[0m[2m:[0m Face{2, 40305f7b3f5b541aa0ec8ecbc8027690}:2092 Route final reply: Query not found!
[2m2026-08-24T07:03:50.951893Z[0m [33m WARN[0m net-0 ThreadId(03) [2mzenoh::net::routing::dispatcher::queries[0m[2m:[0m Face{2, 40305f7b3f5b541aa0ec8ecbc8027690}:2096 Didn't receive final reply for query Face{3, 240f29ad66ee40e520487c227ac61e9a}:2096: Timeout(10s)!
[2m2026-08-24T07:03:50.951939Z[0m [33m WARN[0m  rx-0 ThreadId(06) [2mzenoh::net::routing::dispatcher::queries[0m[2m:[0m Face{2, 40305f7b3f5b541aa0ec8ecbc8027690}:2096 Route reply: Query not found!
[2m2026-08-24T07:03:50.951979Z[0m [33m WARN[0m  rx-0 ThreadId(06) [2mzenoh::net::routing::dispatcher::queries[0m[2m:[0m Face{2, 40305f7b3f5b541aa0ec8ecbc8027690}:2096 Route final reply: Query not found!
[2m2026-08-24T07:04:08.896690Z[0m [33m WARN[0m net-0 ThreadId(03) [2mzenoh::net::routing::dispatcher::queries[0m[2m:[0m Face{2, 40305f7b3f5b541aa0ec8ecbc8027690}:2100 Didn't receive final reply for query Face{3, 240f29ad66ee40e520487c227ac61e9a}:2100: Timeout(10s)!
[2m2026-08-24T07:04:08.897942Z[0m [33m WARN[0m  rx-0 ThreadId(06) [2mzenoh::net::routing::dispatcher::queries[0m[2m:[0m Face{2, 40305f7b3f5b541aa0ec8ecbc8027690}:2100 Route reply: Query not found!
[2m2026-08-24T07:04:08.897984Z[0m [33m WARN[0m  rx-0 ThreadId(06) [2mzenoh::net::routing::dispatcher::queries[0m[2m:[0m Face{2, 40305f7b3f5b541aa0ec8ecbc8027690}:2100 Route final reply: Query not found!
[2m2026-08-24T07:04:26.972674Z[0m [33m WARN[0m net-0 ThreadId(03) [2mzenoh::net::routing::dispatcher::queries[0m[2m:[0m Face{2, 40305f7b3f5b541aa0ec8ecbc8027690}:2104 Didn't receive final reply for query Face{3, 240f29ad66ee40e520487c227ac61e9a}:2104: Timeout(10s)!
[2m2026-08-24T07:04:26.972753Z[0m [33m WARN[0m  rx-1 ThreadId(07) [2mzenoh::net::routing::dispatcher::queries[0m[2m:[0m Face{2, 40305f7b3f5b541aa0ec8ecbc8027690}:2104 Route reply: Query not found!
[2m2026-08-24T07:04:26.972773Z[0m [33m WARN[0m  rx-1 ThreadId(07) [2mzenoh::net::routing::dispatcher::queries[0m[2m:[0m Face{2, 40305f7b3f5b541aa0ec8ecbc8027690}:2104 Route final reply: Query not found!
[2m2026-08-24T07:04:44.948983Z[0m [33m WARN[0m net-0 ThreadId(03) [2mzenoh::net::routing::dispatcher::queries[0m[2m:[0m Face{2, 40305f7b3f5b541aa0ec8ecbc8027690}:2108 Route reply: Query not found!
[2m2026-08-24T07:05:02.937672Z[0m [33m WARN[0m net-0 ThreadId(03) [2mzenoh::net::routing::dispatcher::queries[0m[2m:[0m Face{2, 40305f7b3f5b541aa0ec8ecbc8027690}:2112 Didn't receive final reply for query Face{3, 240f29ad66ee40e520487c227ac61e9a}:2112: Timeout(10s)!
[2m2026-08-24T07:05:02.938816Z[0m [33m WARN[0m  rx-1 ThreadId(07) [2mzenoh::net::routing::dispatcher::queries[0m[2m:[0m Face{2, 40305f7b3f5b541aa0ec8ecbc8027690}:2112 Route reply: Query not found!
[2m2026-08-24T07:05:02.938850Z[0m [33m WARN[0m  rx-1 ThreadId(07) [2mzenoh::net::routing::dispatcher::queries[0m[2m:[0m Face{2, 40305f7b3f5b541aa0ec8ecbc8027690}:2112 Route final reply: Query not found!
[2m2026-08-24T07:05:20.911133Z[0m [33m WARN[0m net-0 ThreadId(03) [2mzenoh::net::routing::dispatcher::queries[0m[2m:[0m Face{2, 40305f7b3f5b541aa0ec8ecbc8027690}:2116 Route reply: Query not found!
[2m2026-08-24T07:05:38.991689Z[0m [33m WARN[0m net-0 ThreadId(03) [2mzenoh::net::routing::dispatcher::queries[0m[2m:[0m Face{2, 40305f7b3f5b541aa0ec8ecbc8027690}:2120 Didn't receive final reply for query Face{3, 240f29ad66ee40e520487c227ac61e9a}:2120: Timeout(10s)!
[2m2026-08-24T07:05:38.992318Z[0m [33m WARN[0m  rx-0 ThreadId(06) [2mzenoh::net::routing::dispatcher::queries[0m[2m:[0m Face{2, 40305f7b3f5b541aa0ec8ecbc8027690}:2120 Route reply: Query not found!
[2m2026-08-24T07:05:38.992359Z[0m [33m WARN[0m  rx-0 ThreadId(06) [2mzenoh::net::routing::dispatcher::queries[0m[2m:[0m Face{2, 40305f7b3f5b541aa0ec8ecbc8027690}:2120 Route final reply: Query not found!
[2m2026-08-24T07:05:56.993683Z[0m [33m WARN[0m net-0 ThreadId(03) [2mzenoh::net::routing::dispatcher::queries[0m[2m:[0m Face{2, 40305f7b3f5b541aa0ec8ecbc8027690}:2124 Didn't receive final reply for query Face{3, 240f29ad66ee40e520487c227ac61e9a}:2124: Timeout(10s)!
[2m2026-08-24T07:05:56.993845Z[0m [33m WARN[0m  rx-1 ThreadId(07) [2mzenoh::net::routing::dispatcher::queries[0m[2m:[0m Face{2, 40305f7b3f5b541aa0ec8ecbc8027690}:2124 Route reply: Query not found!
[2m2026-08-24T07:05:56.993877Z[0m [33m WARN[0m  rx-1 ThreadId(07) [2mzenoh::net::routing::dispatcher::queries[0m[2m:[0m Face{2, 40305f7b3f5b541aa0ec8ecbc8027690}:2124 Route final reply: Query not found!
[2m2026-08-24T07:06:14.993090Z[0m [33m WARN[0m net-0 ThreadId(03) [2mzenoh::net::routing::dispatcher::queries[0m[2m:[0m Face{2, 40305f7b3f5b541aa0ec8ecbc8027690}:2128 Route reply: Query not found!
[2m2026-08-24T07:06:32.963671Z[0m [33m WARN[0m net-0 ThreadId(03) [2mzenoh::net::routing::dispatcher::queries[0m[2m:[0m Face{2, 40305f7b3f5b541aa0ec8ecbc8027690}:2132 Didn't receive final reply for query Face{3, 240f29ad66ee40e520487c227ac61e9a}:2132: Timeout(10s)!
[2m2026-08-24T07:06:32.963716Z[0m [33m WARN[0m  rx-1 ThreadId(07) [2mzenoh::net::routing::dispatcher::queries[0m[2m:[0m Face{2, 40305f7b3f5b541aa0ec8ecbc8027690}:2132 Route reply: Query not found!
[2m2026-08-24T07:06:32.963736Z[0m [33m WARN[0m  rx-1 ThreadId(07) [2mzenoh::net::routing::dispatcher::queries[0m[2m:[0m Face{2, 40305f7b3f5b541aa0ec8ecbc8027690}:2132 Route final reply: Query not found!
[2m2026-08-24T07:06:50.952915Z[0m [33m WARN[0m net-0 ThreadId(03) [2mzenoh::net::routing::dispatcher::queries[0m[2m:[0m Face{2, 40305f7b3f5b541aa0ec8ecbc8027690}:2136 Didn't receive final reply for query Face{3, 240f29ad66ee40e520487c227ac61e9a}:2136: Timeout(10s)!
[2m2026-08-24T07:06:50.953079Z[0m [33m WARN[0m  rx-0 ThreadId(06) [2mzenoh::net::routing::dispatcher::queries[0m[2m:[0m Face{2, 40305f7b3f5b541aa0ec8ecbc8027690}:2136 Route reply: Query not found!
[2m2026-08-24T07:06:50.953873Z[0m [33m WARN[0m  rx-1 ThreadId(07) [2mzenoh::net::routing::dispatcher::queries[0m[2m:[0m Face{2, 40305f7b3f5b541aa0ec8ecbc8027690}:2136 Route final reply: Query not found!
[2m2026-08-24T07:07:08.930727Z[0m [33m WARN[0m net-0 ThreadId(03) [2mzenoh::net::routing::dispatcher::queries[0m[2m:[0m Face{2, 40305f7b3f5b541aa0ec8ecbc8027690}:2140 Didn't receive final reply for query Face{3, 240f29ad66ee40e520487c227ac61e9a}:2140: Timeout(10s)!
[2m2026-08-24T07:07:08.930775Z[0m [33m WARN[0m  rx-1 ThreadId(07) [2mzenoh::net::routing::dispatcher::queries[0m[2m:[0m Face{2, 40305f7b3f5b541aa0ec8ecbc8027690}:2140 Route reply: Query not found!
[2m2026-08-24T07:07:08.930807Z[0m [33m WARN[0m  rx-1 ThreadId(07) [2mzenoh::net::routing::dispatcher::queries[0m[2m:[0m Face{2, 40305f7b3f5b541aa0ec8ecbc8027690}:2140 Route final reply: Query not found!
[2m2026-08-24T07:07:26.933006Z[0m [33m WARN[0m net-0 ThreadId(03) [2mzenoh::net::routing::dispatcher::queries[0m[2m:[0m Face{2, 40305f7b3f5b541aa0ec8ecbc8027690}:2144 Route reply: Query not found!
[2m2026-08-24T07:08:02.931687Z[0m [33m WARN[0m net-0 ThreadId(03) [2mzenoh::net::routing::dispatcher::queries[0m[2m:[0m Face{2, 40305f7b3f5b541aa0ec8ecbc8027690}:2152 Didn't receive final reply for query Face{3, 240f29ad66ee40e520487c227ac61e9a}:2152: Timeout(10s)!
[2m2026-08-24T07:08:02.932750Z[0m [33m WARN[0m  rx-1 ThreadId(07) [2mzenoh::net::routing::dispatcher::queries[0m[2m:[0m Face{2, 40305f7b3f5b541aa0ec8ecbc8027690}:2152 Route reply: Query not found!
[2m2026-08-24T07:08:02.932795Z[0m [33m WARN[0m  rx-1 ThreadId(07) [2mzenoh::net::routing::dispatcher::queries[0m[2m:[0m Face{2, 40305f7b3f5b541aa0ec8ecbc8027690}:2152 Route final reply: Query not found!
[2m2026-08-24T07:08:20.921715Z[0m [33m WARN[0m net-0 ThreadId(03) [2mzenoh::net::routing::dispatcher::queries[0m[2m:[0m Face{2, 40305f7b3f5b541aa0ec8ecbc8027690}:2156 Didn't receive final reply for query Face{3, 240f29ad66ee40e520487c227ac61e9a}:2156: Timeout(10s)!
[2m2026-08-24T07:08:20.921849Z[0m [33m WARN[0m  rx-0 ThreadId(06) [2mzenoh::net::routing::dispatcher::queries[0m[2m:[0m Face{2, 40305f7b3f5b541aa0ec8ecbc8027690}:2156 Route reply: Query not found!
[2m2026-08-24T07:08:20.921886Z[0m [33m WARN[0m  rx-0 ThreadId(06) [2mzenoh::net::routing::dispatcher::queries[0m[2m:[0m Face{2, 40305f7b3f5b541aa0ec8ecbc8027690}:2156 Route final reply: Query not found!
[2m2026-08-24T07:08:38.932096Z[0m [33m WARN[0m net-0 ThreadId(03) [2mzenoh::net::routing::dispatcher::queries[0m[2m:[0m Face{2, 40305f7b3f5b541aa0ec8ecbc8027690}:2160 Route reply: Query not found!
[2m2026-08-24T07:08:56.947664Z[0m [33m WARN[0m net-0 ThreadId(03) [2mzenoh::net::routing::dispatcher::queries[0m[2m:[0m Face{2, 40305f7b3f5b541aa0ec8ecbc8027690}:2164 Didn't receive final reply for query Face{3, 240f29ad66ee40e520487c227ac61e9a}:2164: Timeout(10s)!
[2m2026-08-24T07:08:56.948332Z[0m [33m WARN[0m  rx-0 ThreadId(06) [2mzenoh::net::routing::dispatcher::queries[0m[2m:[0m Face{2, 40305f7b3f5b541aa0ec8ecbc8027690}:2164 Route reply: Query not found!
[2m2026-08-24T07:08:56.948359Z[0m [33m WARN[0m  rx-0 ThreadId(06) [2mzenoh::net::routing::dispatcher::queries[0m[2m:[0m Face{2, 40305f7b3f5b541aa0ec8ecbc8027690}:2164 Route final reply: Query not found!
[2m2026-08-24T07:09:14.921812Z[0m [33m WARN[0m net-0 ThreadId(03) [2mzenoh::net::routing::dispatcher::queries[0m[2m:[0m Face{2, 40305f7b3f5b541aa0ec8ecbc8027690}:2168 Route reply: Query not found!
[2m2026-08-24T07:09:32.903889Z[0m [33m WARN[0m net-0 ThreadId(03) [2mzenoh::net::routing::dispatcher::queries[0m[2m:[0m Face{2, 40305f7b3f5b541aa0ec8ecbc8027690}:2172 Didn't receive final reply for query Face{3, 240f29ad66ee40e520487c227ac61e9a}:2172: Timeout(10s)!
[2m2026-08-24T07:09:32.904302Z[0m [33m WARN[0m  rx-0 ThreadId(06) [2mzenoh::net::routing::dispatcher::queries[0m[2m:[0m Face{2, 40305f7b3f5b541aa0ec8ecbc8027690}:2172 Route reply: Query not found!
[2m2026-08-24T07:09:32.904326Z[0m [33m WARN[0m  rx-0 ThreadId(06) [2mzenoh::net::routing::dispatcher::queries[0m[2m:[0m Face{2, 40305f7b3f5b541aa0ec8ecbc8027690}:2172 Route final reply: Query not found!
[2m2026-08-24T07:09:50.983735Z[0m [33m WARN[0m net-0 ThreadId(03) [2mzenoh::net::routing::dispatcher::queries[0m[2m:[0m Face{2, 40305f7b3f5b541aa0ec8ecbc8027690}:2176 Didn't receive final reply for query Face{3, 240f29ad66ee40e520487c227ac61e9a}:2176: Timeout(10s)!
[2m2026-08-24T07:09:50.984599Z[0m [33m WARN[0m  rx-0 ThreadId(06) [2mzenoh::net::routing::dispatcher::queries[0m[2m:[0m Face{2, 40305f7b3f5b541aa0ec8ecbc8027690}:2176 Route reply: Query not found!
[2m2026-08-24T07:09:50.984660Z[0m [33m WARN[0m  rx-0 ThreadId(06) [2mzenoh::net::routing::dispatcher::queries[0m[2m:[0m Face{2, 40305f7b3f5b541aa0ec8ecbc8027690}:2176 Route final reply: Query not found!
[2m2026-08-24T07:10:08.951681Z[0m [33m WARN[0m net-0 ThreadId(03) [2mzenoh::net::routing::dispatcher::queries[0m[2m:[0m Face{2, 40305f7b3f5b541aa0ec8ecbc8027690}:2180 Didn't receive final reply for query Face{3, 240f29ad66ee40e520487c227ac61e9a}:2180: Timeout(10s)!
[2m2026-08-24T07:10:08.952055Z[0m [33m WARN[0m  rx-1 ThreadId(07) [2mzenoh::net::routing::dispatcher::queries[0m[2m:[0m Face{2, 40305f7b3f5b541aa0ec8ecbc8027690}:2180 Route reply: Query not found!
[2m2026-08-24T07:10:08.952102Z[0m [33m WARN[0m  rx-1 ThreadId(07) [2mzenoh::net::routing::dispatcher::queries[0m[2m:[0m Face{2, 40305f7b3f5b541aa0ec8ecbc8027690}:2180 Route final reply: Query not found!
[2m2026-08-24T07:10:27.010694Z[0m [33m WARN[0m net-0 ThreadId(03) [2mzenoh::net::routing::dispatcher::queries[0m[2m:[0m Face{2, 40305f7b3f5b541aa0ec8ecbc8027690}:2184 Didn't receive final reply for query Face{3, 240f29ad66ee40e520487c227ac61e9a}:2184: Timeout(10s)!
[2m2026-08-24T07:10:27.010850Z[0m [33m WARN[0m  rx-0 ThreadId(06) [2mzenoh::net::routing::dispatcher::queries[0m[2m:[0m Face{2, 40305f7b3f5b541aa0ec8ecbc8027690}:2184 Route reply: Query not found!
[2m2026-08-24T07:10:27.010889Z[0m [33m WARN[0m  rx-0 ThreadId(06) [2mzenoh::net::routing::dispatcher::queries[0m[2m:[0m Face{2, 40305f7b3f5b541aa0ec8ecbc8027690}:2184 Route final reply: Query not found!
[2m2026-08-24T07:11:02.962672Z[0m [33m WARN[0m net-0 ThreadId(03) [2mzenoh::net::routing::dispatcher::queries[0m[2m:[0m Face{2, 40305f7b3f5b541aa0ec8ecbc8027690}:2192 Didn't receive final reply for query Face{3, 240f29ad66ee40e520487c227ac61e9a}:2192: Timeout(10s)!
[2m2026-08-24T07:11:02.963121Z[0m [33m WARN[0m  rx-1 ThreadId(07) [2mzenoh::net::routing::dispatcher::queries[0m[2m:[0m Face{2, 40305f7b3f5b541aa0ec8ecbc8027690}:2192 Route reply: Query not found!
[2m2026-08-24T07:11:02.963156Z[0m [33m WARN[0m  rx-1 ThreadId(07) [2mzenoh::net::routing::dispatcher::queries[0m[2m:[0m Face{2, 40305f7b3f5b541aa0ec8ecbc8027690}:2192 Route final reply: Query not found!
[2m2026-08-24T07:11:38.978688Z[0m [33m WARN[0m net-0 ThreadId(03) [2mzenoh::net::routing::dispatcher::queries[0m[2m:[0m Face{2, 40305f7b3f5b541aa0ec8ecbc8027690}:2200 Didn't receive final reply for query Face{3, 240f29ad66ee40e520487c227ac61e9a}:2200: Timeout(10s)!
[2m2026-08-24T07:11:38.978841Z[0m [33m WARN[0m  rx-1 ThreadId(07) [2mzenoh::net::routing::dispatcher::queries[0m[2m:[0m Face{2, 40305f7b3f5b541aa0ec8ecbc8027690}:2200 Route reply: Query not found!
[2m2026-08-24T07:11:38.978861Z[0m [33m WARN[0m  rx-1 ThreadId(07) [2mzenoh::net::routing::dispatcher::queries[0m[2m:[0m Face{2, 40305f7b3f5b541aa0ec8ecbc8027690}:2200 Route final reply: Query not found!
[2m2026-08-24T07:11:56.946765Z[0m [33m WARN[0m net-0 ThreadId(03) [2mzenoh::net::routing::dispatcher::queries[0m[2m:[0m Face{2, 40305f7b3f5b541aa0ec8ecbc8027690}:2204 Didn't receive final reply for query Face{3, 240f29ad66ee40e520487c227ac61e9a}:2204: Timeout(10s)!
[2m2026-08-24T07:11:56.946925Z[0m [33m WARN[0m  rx-1 ThreadId(07) [2mzenoh::net::routing::dispatcher::queries[0m[2m:[0m Face{2, 40305f7b3f5b541aa0ec8ecbc8027690}:2204 Route reply: Query not found!
[2m2026-08-24T07:11:56.946960Z[0m [33m WARN[0m  rx-1 ThreadId(07) [2mzenoh::net::routing::dispatcher::queries[0m[2m:[0m Face{2, 40305f7b3f5b541aa0ec8ecbc8027690}:2204 Route final reply: Query not found!
[2m2026-08-24T07:12:14.902761Z[0m [33m WARN[0m  rx-0 ThreadId(06) [2mzenoh::net::routing::dispatcher::queries[0m[2m:[0m Face{2, 40305f7b3f5b541aa0ec8ecbc8027690}:2208 Route reply: Query not found!
[2m2026-08-24T07:12:14.902751Z[0m [33m WARN[0m net-0 ThreadId(03) [2mzenoh::net::routing::dispatcher::queries[0m[2m:[0m Face{2, 40305f7b3f5b541aa0ec8ecbc8027690}:2208 Didn't receive final reply for query Face{3, 240f29ad66ee40e520487c227ac61e9a}:2208: Timeout(10s)!
[2m2026-08-24T07:12:14.902802Z[0m [33m WARN[0m  rx-0 ThreadId(06) [2mzenoh::net::routing::dispatcher::queries[0m[2m:[0m Face{2, 40305f7b3f5b541aa0ec8ecbc8027690}:2208 Route final reply: Query not found!
[2m2026-08-24T07:12:32.963848Z[0m [33m WARN[0m net-0 ThreadId(03) [2mzenoh::net::routing::dispatcher::queries[0m[2m:[0m Face{2, 40305f7b3f5b541aa0ec8ecbc8027690}:2212 Didn't receive final reply for query Face{3, 240f29ad66ee40e520487c227ac61e9a}:2212: Timeout(10s)!
[2m2026-08-24T07:12:32.964627Z[0m [33m WARN[0m  rx-0 ThreadId(06) [2mzenoh::net::routing::dispatcher::queries[0m[2m:[0m Face{2, 40305f7b3f5b541aa0ec8ecbc8027690}:2212 Route reply: Query not found!
[2m2026-08-24T07:12:32.964662Z[0m [33m WARN[0m  rx-0 ThreadId(06) [2mzenoh::net::routing::dispatcher::queries[0m[2m:[0m Face{2, 40305f7b3f5b541aa0ec8ecbc8027690}:2212 Route final reply: Query not found!
[2m2026-08-24T07:12:50.929677Z[0m [33m WARN[0m net-0 ThreadId(03) [2mzenoh::net::routing::dispatcher::queries[0m[2m:[0m Face{2, 40305f7b3f5b541aa0ec8ecbc8027690}:2216 Didn't receive final reply for query Face{3, 240f29ad66ee40e520487c227ac61e9a}:2216: Timeout(10s)!
[2m2026-08-24T07:12:50.929701Z[0m [33m WARN[0m  rx-1 ThreadId(07) [2mzenoh::net::routing::dispatcher::queries[0m[2m:[0m Face{2, 40305f7b3f5b541aa0ec8ecbc8027690}:2216 Route reply: Query not found!
[2m2026-08-24T07:12:50.929752Z[0m [33m WARN[0m  rx-1 ThreadId(07) [2mzenoh::net::routing::dispatcher::queries[0m[2m:[0m Face{2, 40305f7b3f5b541aa0ec8ecbc8027690}:2216 Route final reply: Query not found!
[2m2026-08-24T07:13:08.998650Z[0m [33m WARN[0m net-0 ThreadId(03) [2mzenoh::net::routing::dispatcher::queries[0m[2m:[0m Face{2, 40305f7b3f5b541aa0ec8ecbc8027690}:2220 Didn't receive final reply for query Face{3, 240f29ad66ee40e520487c227ac61e9a}:2220: Timeout(10s)!
[2m2026-08-24T07:13:08.998781Z[0m [33m WARN[0m  rx-1 ThreadId(07) [2mzenoh::net::routing::dispatcher::queries[0m[2m:[0m Face{2, 40305f7b3f5b541aa0ec8ecbc8027690}:2220 Route reply: Query not found!
[2m2026-08-24T07:13:08.998818Z[0m [33m WARN[0m  rx-1 ThreadId(07) [2mzenoh::net::routing::dispatcher::queries[0m[2m:[0m Face{2, 40305f7b3f5b541aa0ec8ecbc8027690}:2220 Route final reply: Query not found!
[2m2026-08-24T07:13:44.928720Z[0m [33m WARN[0m net-0 ThreadId(03) [2mzenoh::net::routing::dispatcher::queries[0m[2m:[0m Face{2, 40305f7b3f5b541aa0ec8ecbc8027690}:2228 Didn't receive final reply for query Face{3, 240f29ad66ee40e520487c227ac61e9a}:2228: Timeout(10s)!
[2m2026-08-24T07:13:44.929711Z[0m [33m WARN[0m  rx-1 ThreadId(07) [2mzenoh::net::routing::dispatcher::queries[0m[2m:[0m Face{2, 40305f7b3f5b541aa0ec8ecbc8027690}:2228 Route reply: Query not found!
[2m2026-08-24T07:13:44.929749Z[0m [33m WARN[0m  rx-1 ThreadId(07) [2mzenoh::net::routing::dispatcher::queries[0m[2m:[0m Face{2, 40305f7b3f5b541aa0ec8ecbc8027690}:2228 Route final reply: Query not found!
[2m2026-08-24T07:14:02.894692Z[0m [33m WARN[0m net-0 ThreadId(03) [2mzenoh::net::routing::dispatcher::queries[0m[2m:[0m Face{2, 40305f7b3f5b541aa0ec8ecbc8027690}:2232 Didn't receive final reply for query Face{3, 240f29ad66ee40e520487c227ac61e9a}:2232: Timeout(10s)!
[2m2026-08-24T07:14:02.895760Z[0m [33m WARN[0m  rx-0 ThreadId(06) [2mzenoh::net::routing::dispatcher::queries[0m[2m:[0m Face{2, 40305f7b3f5b541aa0ec8ecbc8027690}:2232 Route reply: Query not found!
[2m2026-08-24T07:14:02.895803Z[0m [33m WARN[0m  rx-0 ThreadId(06) [2mzenoh::net::routing::dispatcher::queries[0m[2m:[0m Face{2, 40305f7b3f5b541aa0ec8ecbc8027690}:2232 Route final reply: Query not found!
[2m2026-08-24T07:14:20.961660Z[0m [33m WARN[0m net-0 ThreadId(03) [2mzenoh::net::routing::dispatcher::queries[0m[2m:[0m Face{2, 40305f7b3f5b541aa0ec8ecbc8027690}:2236 Didn't receive final reply for query Face{3, 240f29ad66ee40e520487c227ac61e9a}:2236: Timeout(10s)!
[2m2026-08-24T07:14:20.961736Z[0m [33m WARN[0m  rx-1 ThreadId(07) [2mzenoh::net::routing::dispatcher::queries[0m[2m:[0m Face{2, 40305f7b3f5b541aa0ec8ecbc8027690}:2236 Route reply: Query not found!
[2m2026-08-24T07:14:20.961758Z[0m [33m WARN[0m  rx-1 ThreadId(07) [2mzenoh::net::routing::dispatcher::queries[0m[2m:[0m Face{2, 40305f7b3f5b541aa0ec8ecbc8027690}:2236 Route final reply: Query not found!
[2m2026-08-24T07:14:56.987684Z[0m [33m WARN[0m net-0 ThreadId(03) [2mzenoh::net::routing::dispatcher::queries[0m[2m:[0m Face{2, 40305f7b3f5b541aa0ec8ecbc8027690}:2244 Didn't receive final reply for query Face{3, 240f29ad66ee40e520487c227ac61e9a}:2244: Timeout(10s)!
[2m2026-08-24T07:14:56.988257Z[0m [33m WARN[0m  rx-0 ThreadId(06) [2mzenoh::net::routing::dispatcher::queries[0m[2m:[0m Face{2, 40305f7b3f5b541aa0ec8ecbc8027690}:2244 Route reply: Query not found!
[2m2026-08-24T07:14:56.988281Z[0m [33m WARN[0m  rx-0 ThreadId(06) [2mzenoh::net::routing::dispatcher::queries[0m[2m:[0m Face{2, 40305f7b3f5b541aa0ec8ecbc8027690}:2244 Route final reply: Query not found!
[2m2026-08-24T07:15:32.929676Z[0m [33m WARN[0m net-0 ThreadId(03) [2mzenoh::net::routing::dispatcher::queries[0m[2m:[0m Face{2, 40305f7b3f5b541aa0ec8ecbc8027690}:2252 Didn't receive final reply for query Face{3, 240f29ad66ee40e520487c227ac61e9a}:2252: Timeout(10s)!
[2m2026-08-24T07:15:32.930413Z[0m [33m WARN[0m  rx-0 ThreadId(06) [2mzenoh::net::routing::dispatcher::queries[0m[2m:[0m Face{2, 40305f7b3f5b541aa0ec8ecbc8027690}:2252 Route reply: Query not found!
[2m2026-08-24T07:15:32.930443Z[0m [33m WARN[0m  rx-0 ThreadId(06) [2mzenoh::net::routing::dispatcher::queries[0m[2m:[0m Face{2, 40305f7b3f5b541aa0ec8ecbc8027690}:2252 Route final reply: Query not found!
[2m2026-08-24T07:15:50.998052Z[0m [33m WARN[0m net-0 ThreadId(03) [2mzenoh::net::routing::dispatcher::queries[0m[2m:[0m Face{2, 40305f7b3f5b541aa0ec8ecbc8027690}:2256 Route reply: Query not found!
[2m2026-08-24T07:16:26.942679Z[0m [33m WARN[0m net-0 ThreadId(03) [2mzenoh::net::routing::dispatcher::queries[0m[2m:[0m Face{2, 40305f7b3f5b541aa0ec8ecbc8027690}:2264 Didn't receive final reply for query Face{3, 240f29ad66ee40e520487c227ac61e9a}:2264: Timeout(10s)!
[2m2026-08-24T07:16:26.942703Z[0m [33m WARN[0m  rx-0 ThreadId(06) [2mzenoh::net::routing::dispatcher::queries[0m[2m:[0m Face{2, 40305f7b3f5b541aa0ec8ecbc8027690}:2264 Route reply: Query not found!
[2m2026-08-24T07:16:26.942743Z[0m [33m WARN[0m  rx-0 ThreadId(06) [2mzenoh::net::routing::dispatcher::queries[0m[2m:[0m Face{2, 40305f7b3f5b541aa0ec8ecbc8027690}:2264 Route final reply: Query not found!
[2m2026-08-24T07:16:44.904681Z[0m [33m WARN[0m net-0 ThreadId(03) [2mzenoh::net::routing::dispatcher::queries[0m[2m:[0m Face{2, 40305f7b3f5b541aa0ec8ecbc8027690}:2268 Didn't receive final reply for query Face{3, 240f29ad66ee40e520487c227ac61e9a}:2268: Timeout(10s)!
[2m2026-08-24T07:16:44.904746Z[0m [33m WARN[0m  rx-1 ThreadId(07) [2mzenoh::net::routing::dispatcher::queries[0m[2m:[0m Face{2, 40305f7b3f5b541aa0ec8ecbc8027690}:2268 Route reply: Query not found!
[2m2026-08-24T07:16:44.904775Z[0m [33m WARN[0m  rx-1 ThreadId(07) [2mzenoh::net::routing::dispatcher::queries[0m[2m:[0m Face{2, 40305f7b3f5b541aa0ec8ecbc8027690}:2268 Route final reply: Query not found!
[2m2026-08-24T07:17:02.998662Z[0m [33m WARN[0m net-0 ThreadId(03) [2mzenoh::net::routing::dispatcher::queries[0m[2m:[0m Face{2, 40305f7b3f5b541aa0ec8ecbc8027690}:2272 Didn't receive final reply for query Face{3, 240f29ad66ee40e520487c227ac61e9a}:2272: Timeout(10s)!
[2m2026-08-24T07:17:02.998788Z[0m [33m WARN[0m  rx-1 ThreadId(07) [2mzenoh::net::routing::dispatcher::queries[0m[2m:[0m Face{2, 40305f7b3f5b541aa0ec8ecbc8027690}:2272 Route reply: Query not found!
[2m2026-08-24T07:17:02.998815Z[0m [33m WARN[0m  rx-1 ThreadId(07) [2mzenoh::net::routing::dispatcher::queries[0m[2m:[0m Face{2, 40305f7b3f5b541aa0ec8ecbc8027690}:2272 Route final reply: Query not found!
[2m2026-08-24T07:17:20.958697Z[0m [33m WARN[0m net-0 ThreadId(03) [2mzenoh::net::routing::dispatcher::queries[0m[2m:[0m Face{2, 40305f7b3f5b541aa0ec8ecbc8027690}:2276 Didn't receive final reply for query Face{3, 240f29ad66ee40e520487c227ac61e9a}:2276: Timeout(10s)!
[2m2026-08-24T07:17:20.959726Z[0m [33m WARN[0m  rx-0 ThreadId(06) [2mzenoh::net::routing::dispatcher::queries[0m[2m:[0m Face{2, 40305f7b3f5b541aa0ec8ecbc8027690}:2276 Route reply: Query not found!
[2m2026-08-24T07:17:20.959754Z[0m [33m WARN[0m  rx-0 ThreadId(06) [2mzenoh::net::routing::dispatcher::queries[0m[2m:[0m Face{2, 40305f7b3f5b541aa0ec8ecbc8027690}:2276 Route final reply: Query not found!
[2m2026-08-24T07:17:38.932833Z[0m [33m WARN[0m net-0 ThreadId(03) [2mzenoh::net::routing::dispatcher::queries[0m[2m:[0m Face{2, 40305f7b3f5b541aa0ec8ecbc8027690}:2280 Didn't receive final reply for query Face{3, 240f29ad66ee40e520487c227ac61e9a}:2280: Timeout(10s)!
[2m2026-08-24T07:17:38.933851Z[0m [33m WARN[0m  rx-0 ThreadId(06) [2mzenoh::net::routing::dispatcher::queries[0m[2m:[0m Face{2, 40305f7b3f5b541aa0ec8ecbc8027690}:2280 Route reply: Query not found!
[2m2026-08-24T07:17:38.933920Z[0m [33m WARN[0m  rx-0 ThreadId(06) [2mzenoh::net::routing::dispatcher::queries[0m[2m:[0m Face{2, 40305f7b3f5b541aa0ec8ecbc8027690}:2280 Route final reply: Query not found!
[2m2026-08-24T07:17:57.017749Z[0m [33m WARN[0m net-0 ThreadId(03) [2mzenoh::net::routing::dispatcher::queries[0m[2m:[0m Face{2, 40305f7b3f5b541aa0ec8ecbc8027690}:2284 Didn't receive final reply for query Face{3, 240f29ad66ee40e520487c227ac61e9a}:2284: Timeout(10s)!
[2m2026-08-24T07:17:57.020304Z[0m [33m WARN[0m  rx-1 ThreadId(07) [2mzenoh::net::routing::dispatcher::queries[0m[2m:[0m Face{2, 40305f7b3f5b541aa0ec8ecbc8027690}:2284 Route reply: Query not found!
[2m2026-08-24T07:17:57.020359Z[0m [33m WARN[0m  rx-1 ThreadId(07) [2mzenoh::net::routing::dispatcher::queries[0m[2m:[0m Face{2, 40305f7b3f5b541aa0ec8ecbc8027690}:2284 Route final reply: Query not found!
[2m2026-08-24T07:18:15.926567Z[0m [33m WARN[0m net-0 ThreadId(03) [2mzenoh::net::routing::dispatcher::queries[0m[2m:[0m Face{2, 40305f7b3f5b541aa0ec8ecbc8027690}:2288 Didn't receive final reply for query Face{3, 240f29ad66ee40e520487c227ac61e9a}:2288: Timeout(10s)!
[2m2026-08-24T07:18:15.927147Z[0m [33m WARN[0m  rx-0 ThreadId(06) [2mzenoh::net::routing::dispatcher::queries[0m[2m:[0m Face{2, 40305f7b3f5b541aa0ec8ecbc8027690}:2288 Route reply: Query not found!
[2m2026-08-24T07:18:15.931227Z[0m [33m WARN[0m  rx-0 ThreadId(06) [2mzenoh::net::routing::dispatcher::queries[0m[2m:[0m Face{2, 40305f7b3f5b541aa0ec8ecbc8027690}:2288 Route final reply: Query not found!
[2m2026-08-24T07:18:33.981769Z[0m [33m WARN[0m net-0 ThreadId(03) [2mzenoh::net::routing::dispatcher::queries[0m[2m:[0m Face{2, 40305f7b3f5b541aa0ec8ecbc8027690}:2292 Didn't receive final reply for query Face{3, 240f29ad66ee40e520487c227ac61e9a}:2292: Timeout(10s)!
[2m2026-08-24T07:18:33.982768Z[0m [33m WARN[0m  rx-1 ThreadId(07) [2mzenoh::net::routing::dispatcher::queries[0m[2m:[0m Face{2, 40305f7b3f5b541aa0ec8ecbc8027690}:2292 Route reply: Query not found!
[2m2026-08-24T07:18:33.982820Z[0m [33m WARN[0m  rx-1 ThreadId(07) [2mzenoh::net::routing::dispatcher::queries[0m[2m:[0m Face{2, 40305f7b3f5b541aa0ec8ecbc8027690}:2292 Route final reply: Query not found!
[2m2026-08-24T07:18:51.919684Z[0m [33m WARN[0m net-0 ThreadId(03) [2mzenoh::net::routing::dispatcher::queries[0m[2m:[0m Face{2, 40305f7b3f5b541aa0ec8ecbc8027690}:2296 Didn't receive final reply for query Face{3, 240f29ad66ee40e520487c227ac61e9a}:2296: Timeout(10s)!
[2m2026-08-24T07:18:51.919741Z[0m [33m WARN[0m  rx-0 ThreadId(06) [2mzenoh::net::routing::dispatcher::queries[0m[2m:[0m Face{2, 40305f7b3f5b541aa0ec8ecbc8027690}:2296 Route reply: Query not found!
[2m2026-08-24T07:18:51.919792Z[0m [33m WARN[0m  rx-0 ThreadId(06) [2mzenoh::net::routing::dispatcher::queries[0m[2m:[0m Face{2, 40305f7b3f5b541aa0ec8ecbc8027690}:2296 Route final reply: Query not found!
[2m2026-08-24T07:19:09.942679Z[0m [33m WARN[0m net-0 ThreadId(03) [2mzenoh::net::routing::dispatcher::queries[0m[2m:[0m Face{2, 40305f7b3f5b541aa0ec8ecbc8027690}:2300 Didn't receive final reply for query Face{3, 240f29ad66ee40e520487c227ac61e9a}:2300: Timeout(10s)!
[2m2026-08-24T07:19:09.943353Z[0m [33m WARN[0m  rx-1 ThreadId(07) [2mzenoh::net::routing::dispatcher::queries[0m[2m:[0m Face{2, 40305f7b3f5b541aa0ec8ecbc8027690}:2300 Route reply: Query not found!
[2m2026-08-24T07:19:09.943393Z[0m [33m WARN[0m  rx-1 ThreadId(07) [2mzenoh::net::routing::dispatcher::queries[0m[2m:[0m Face{2, 40305f7b3f5b541aa0ec8ecbc8027690}:2300 Route final reply: Query not found!
[2m2026-08-24T07:19:27.922690Z[0m [33m WARN[0m net-0 ThreadId(03) [2mzenoh::net::routing::dispatcher::queries[0m[2m:[0m Face{2, 40305f7b3f5b541aa0ec8ecbc8027690}:2304 Didn't receive final reply for query Face{3, 240f29ad66ee40e520487c227ac61e9a}:2304: Timeout(10s)!
[2m2026-08-24T07:19:27.922767Z[0m [33m WARN[0m  rx-0 ThreadId(06) [2mzenoh::net::routing::dispatcher::queries[0m[2m:[0m Face{2, 40305f7b3f5b541aa0ec8ecbc8027690}:2304 Route reply: Query not found!
[2m2026-08-24T07:19:27.922788Z[0m [33m WARN[0m  rx-0 ThreadId(06) [2mzenoh::net::routing::dispatcher::queries[0m[2m:[0m Face{2, 40305f7b3f5b541aa0ec8ecbc8027690}:2304 Route final reply: Query not found!
[2m2026-08-24T07:20:03.922701Z[0m [33m WARN[0m net-0 ThreadId(03) [2mzenoh::net::routing::dispatcher::queries[0m[2m:[0m Face{2, 40305f7b3f5b541aa0ec8ecbc8027690}:2312 Didn't receive final reply for query Face{3, 240f29ad66ee40e520487c227ac61e9a}:2312: Timeout(10s)!
[2m2026-08-24T07:20:03.922747Z[0m [33m WARN[0m  rx-1 ThreadId(07) [2mzenoh::net::routing::dispatcher::queries[0m[2m:[0m Face{2, 40305f7b3f5b541aa0ec8ecbc8027690}:2312 Route reply: Query not found!
[2m2026-08-24T07:20:03.922776Z[0m [33m WARN[0m  rx-1 ThreadId(07) [2mzenoh::net::routing::dispatcher::queries[0m[2m:[0m Face{2, 40305f7b3f5b541aa0ec8ecbc8027690}:2312 Route final reply: Query not found!
[2m2026-08-24T07:20:21.992731Z[0m [33m WARN[0m net-0 ThreadId(03) [2mzenoh::net::routing::dispatcher::queries[0m[2m:[0m Face{2, 40305f7b3f5b541aa0ec8ecbc8027690}:2316 Didn't receive final reply for query Face{3, 240f29ad66ee40e520487c227ac61e9a}:2316: Timeout(10s)!
[2m2026-08-24T07:20:21.992824Z[0m [33m WARN[0m  rx-0 ThreadId(06) [2mzenoh::net::routing::dispatcher::queries[0m[2m:[0m Face{2, 40305f7b3f5b541aa0ec8ecbc8027690}:2316 Route reply: Query not found!
[2m2026-08-24T07:20:21.993032Z[0m [33m WARN[0m  rx-0 ThreadId(06) [2mzenoh::net::routing::dispatcher::queries[0m[2m:[0m Face{2, 40305f7b3f5b541aa0ec8ecbc8027690}:2316 Route final reply: Query not found!
[2m2026-08-24T07:20:39.978680Z[0m [33m WARN[0m net-0 ThreadId(03) [2mzenoh::net::routing::dispatcher::queries[0m[2m:[0m Face{2, 40305f7b3f5b541aa0ec8ecbc8027690}:2320 Didn't receive final reply for query Face{3, 240f29ad66ee40e520487c227ac61e9a}:2320: Timeout(10s)!
[2m2026-08-24T07:20:39.979248Z[0m [33m WARN[0m  rx-0 ThreadId(06) [2mzenoh::net::routing::dispatcher::queries[0m[2m:[0m Face{2, 40305f7b3f5b541aa0ec8ecbc8027690}:2320 Route reply: Query not found!
[2m2026-08-24T07:20:39.979278Z[0m [33m WARN[0m  rx-0 ThreadId(06) [2mzenoh::net::routing::dispatcher::queries[0m[2m:[0m Face{2, 40305f7b3f5b541aa0ec8ecbc8027690}:2320 Route final reply: Query not found!
[2m2026-08-24T07:20:57.931704Z[0m [33m WARN[0m net-0 ThreadId(03) [2mzenoh::net::routing::dispatcher::queries[0m[2m:[0m Face{2, 40305f7b3f5b541aa0ec8ecbc8027690}:2324 Didn't receive final reply for query Face{3, 240f29ad66ee40e520487c227ac61e9a}:2324: Timeout(10s)!
[2m2026-08-24T07:20:57.931772Z[0m [33m WARN[0m  rx-0 ThreadId(06) [2mzenoh::net::routing::dispatcher::queries[0m[2m:[0m Face{2, 40305f7b3f5b541aa0ec8ecbc8027690}:2324 Route reply: Query not found!
[2m2026-08-24T07:20:57.931797Z[0m [33m WARN[0m  rx-0 ThreadId(06) [2mzenoh::net::routing::dispatcher::queries[0m[2m:[0m Face{2, 40305f7b3f5b541aa0ec8ecbc8027690}:2324 Route final reply: Query not found!
[2m2026-08-24T07:21:33.959655Z[0m [33m WARN[0m net-0 ThreadId(03) [2mzenoh::net::routing::dispatcher::queries[0m[2m:[0m Face{2, 40305f7b3f5b541aa0ec8ecbc8027690}:2332 Didn't receive final reply for query Face{3, 240f29ad66ee40e520487c227ac61e9a}:2332: Timeout(10s)!
[2m2026-08-24T07:21:33.959724Z[0m [33m WARN[0m  rx-0 ThreadId(06) [2mzenoh::net::routing::dispatcher::queries[0m[2m:[0m Face{2, 40305f7b3f5b541aa0ec8ecbc8027690}:2332 Route reply: Query not found!
[2m2026-08-24T07:21:33.959751Z[0m [33m WARN[0m  rx-0 ThreadId(06) [2mzenoh::net::routing::dispatcher::queries[0m[2m:[0m Face{2, 40305f7b3f5b541aa0ec8ecbc8027690}:2332 Route final reply: Query not found!
[2m2026-08-24T07:21:51.932663Z[0m [33m WARN[0m net-0 ThreadId(03) [2mzenoh::net::routing::dispatcher::queries[0m[2m:[0m Face{2, 40305f7b3f5b541aa0ec8ecbc8027690}:2336 Didn't receive final reply for query Face{3, 240f29ad66ee40e520487c227ac61e9a}:2336: Timeout(10s)!
[2m2026-08-24T07:21:51.932733Z[0m [33m WARN[0m  rx-0 ThreadId(06) [2mzenoh::net::routing::dispatcher::queries[0m[2m:[0m Face{2, 40305f7b3f5b541aa0ec8ecbc8027690}:2336 Route reply: Query not found!
[2m2026-08-24T07:21:51.932776Z[0m [33m WARN[0m  rx-0 ThreadId(06) [2mzenoh::net::routing::dispatcher::queries[0m[2m:[0m Face{2, 40305f7b3f5b541aa0ec8ecbc8027690}:2336 Route final reply: Query not found!
[2m2026-08-24T07:22:09.907658Z[0m [33m WARN[0m net-0 ThreadId(03) [2mzenoh::net::routing::dispatcher::queries[0m[2m:[0m Face{2, 40305f7b3f5b541aa0ec8ecbc8027690}:2340 Didn't receive final reply for query Face{3, 240f29ad66ee40e520487c227ac61e9a}:2340: Timeout(10s)!
[2m2026-08-24T07:22:09.908072Z[0m [33m WARN[0m  rx-0 ThreadId(06) [2mzenoh::net::routing::dispatcher::queries[0m[2m:[0m Face{2, 40305f7b3f5b541aa0ec8ecbc8027690}:2340 Route reply: Query not found!
[2m2026-08-24T07:22:09.908441Z[0m [33m WARN[0m  rx-1 ThreadId(07) [2mzenoh::net::routing::dispatcher::queries[0m[2m:[0m Face{2, 40305f7b3f5b541aa0ec8ecbc8027690}:2340 Route final reply: Query not found!
[2m2026-08-24T07:22:27.969879Z[0m [33m WARN[0m net-0 ThreadId(03) [2mzenoh::net::routing::dispatcher::queries[0m[2m:[0m Face{2, 40305f7b3f5b541aa0ec8ecbc8027690}:2344 Route reply: Query not found!
[2m2026-08-24T07:23:03.896693Z[0m [33m WARN[0m net-0 ThreadId(03) [2mzenoh::net::routing::dispatcher::queries[0m[2m:[0m Face{2, 40305f7b3f5b541aa0ec8ecbc8027690}:2352 Didn't receive final reply for query Face{3, 240f29ad66ee40e520487c227ac61e9a}:2352: Timeout(10s)!
[2m2026-08-24T07:23:03.896714Z[0m [33m WARN[0m  rx-1 ThreadId(07) [2mzenoh::net::routing::dispatcher::queries[0m[2m:[0m Face{2, 40305f7b3f5b541aa0ec8ecbc8027690}:2352 Route final reply: Query not found!
[2m2026-08-24T07:23:21.982690Z[0m [33m WARN[0m net-0 ThreadId(03) [2mzenoh::net::routing::dispatcher::queries[0m[2m:[0m Face{2, 40305f7b3f5b541aa0ec8ecbc8027690}:2356 Didn't receive final reply for query Face{3, 240f29ad66ee40e520487c227ac61e9a}:2356: Timeout(10s)!
[2m2026-08-24T07:23:21.982739Z[0m [33m WARN[0m  rx-0 ThreadId(06) [2mzenoh::net::routing::dispatcher::queries[0m[2m:[0m Face{2, 40305f7b3f5b541aa0ec8ecbc8027690}:2356 Route reply: Query not found!
[2m2026-08-24T07:23:21.982761Z[0m [33m WARN[0m  rx-0 ThreadId(06) [2mzenoh::net::routing::dispatcher::queries[0m[2m:[0m Face{2, 40305f7b3f5b541aa0ec8ecbc8027690}:2356 Route final reply: Query not found!
[2m2026-08-24T07:23:39.951837Z[0m [33m WARN[0m net-0 ThreadId(03) [2mzenoh::net::routing::dispatcher::queries[0m[2m:[0m Face{2, 40305f7b3f5b541aa0ec8ecbc8027690}:2360 Didn't receive final reply for query Face{3, 240f29ad66ee40e520487c227ac61e9a}:2360: Timeout(10s)!
[2m2026-08-24T07:23:39.951943Z[0m [33m WARN[0m  rx-1 ThreadId(07) [2mzenoh::net::routing::dispatcher::queries[0m[2m:[0m Face{2, 40305f7b3f5b541aa0ec8ecbc8027690}:2360 Route reply: Query not found!
[2m2026-08-24T07:23:39.951969Z[0m [33m WARN[0m  rx-1 ThreadId(07) [2mzenoh::net::routing::dispatcher::queries[0m[2m:[0m Face{2, 40305f7b3f5b541aa0ec8ecbc8027690}:2360 Route final reply: Query not found!
[2m2026-08-24T07:23:57.918689Z[0m [33m WARN[0m net-0 ThreadId(03) [2mzenoh::net::routing::dispatcher::queries[0m[2m:[0m Face{2, 40305f7b3f5b541aa0ec8ecbc8027690}:2364 Didn't receive final reply for query Face{3, 240f29ad66ee40e520487c227ac61e9a}:2364: Timeout(10s)!
[2m2026-08-24T07:23:57.920696Z[0m [33m WARN[0m  rx-1 ThreadId(07) [2mzenoh::net::routing::dispatcher::queries[0m[2m:[0m Face{2, 40305f7b3f5b541aa0ec8ecbc8027690}:2364 Route reply: Query not found!
[2m2026-08-24T07:23:57.920729Z[0m [33m WARN[0m  rx-1 ThreadId(07) [2mzenoh::net::routing::dispatcher::queries[0m[2m:[0m Face{2, 40305f7b3f5b541aa0ec8ecbc8027690}:2364 Route final reply: Query not found!
[2m2026-08-24T07:24:15.997848Z[0m [33m WARN[0m net-0 ThreadId(03) [2mzenoh::net::routing::dispatcher::queries[0m[2m:[0m Face{2, 40305f7b3f5b541aa0ec8ecbc8027690}:2368 Route reply: Query not found!
[2m2026-08-24T07:24:33.965715Z[0m [33m WARN[0m net-0 ThreadId(03) [2mzenoh::net::routing::dispatcher::queries[0m[2m:[0m Face{2, 40305f7b3f5b541aa0ec8ecbc8027690}:2372 Didn't receive final reply for query Face{3, 240f29ad66ee40e520487c227ac61e9a}:2372: Timeout(10s)!
[2m2026-08-24T07:24:33.966697Z[0m [33m WARN[0m  rx-1 ThreadId(07) [2mzenoh::net::routing::dispatcher::queries[0m[2m:[0m Face{2, 40305f7b3f5b541aa0ec8ecbc8027690}:2372 Route reply: Query not found!
[2m2026-08-24T07:24:33.966720Z[0m [33m WARN[0m  rx-1 ThreadId(07) [2mzenoh::net::routing::dispatcher::queries[0m[2m:[0m Face{2, 40305f7b3f5b541aa0ec8ecbc8027690}:2372 Route final reply: Query not found!
[2m2026-08-24T07:24:51.936704Z[0m [33m WARN[0m net-0 ThreadId(03) [2mzenoh::net::routing::dispatcher::queries[0m[2m:[0m Face{2, 40305f7b3f5b541aa0ec8ecbc8027690}:2376 Didn't receive final reply for query Face{3, 240f29ad66ee40e520487c227ac61e9a}:2376: Timeout(10s)!
[2m2026-08-24T07:24:51.936836Z[0m [33m WARN[0m  rx-0 ThreadId(06) [2mzenoh::net::routing::dispatcher::queries[0m[2m:[0m Face{2, 40305f7b3f5b541aa0ec8ecbc8027690}:2376 Route final reply: Query not found!
[2m2026-08-24T07:25:09.914736Z[0m [33m WARN[0m net-0 ThreadId(03) [2mzenoh::net::routing::dispatcher::queries[0m[2m:[0m Face{2, 40305f7b3f5b541aa0ec8ecbc8027690}:2380 Didn't receive final reply for query Face{3, 240f29ad66ee40e520487c227ac61e9a}:2380: Timeout(10s)!
[2m2026-08-24T07:25:09.914890Z[0m [33m WARN[0m  rx-0 ThreadId(06) [2mzenoh::net::routing::dispatcher::queries[0m[2m:[0m Face{2, 40305f7b3f5b541aa0ec8ecbc8027690}:2380 Route reply: Query not found!
[2m2026-08-24T07:25:09.915305Z[0m [33m WARN[0m  rx-0 ThreadId(06) [2mzenoh::net::routing::dispatcher::queries[0m[2m:[0m Face{2, 40305f7b3f5b541aa0ec8ecbc8027690}:2380 Route final reply: Query not found!
[2m2026-08-24T07:25:27.981663Z[0m [33m WARN[0m net-0 ThreadId(03) [2mzenoh::net::routing::dispatcher::queries[0m[2m:[0m Face{2, 40305f7b3f5b541aa0ec8ecbc8027690}:2384 Didn't receive final reply for query Face{3, 240f29ad66ee40e520487c227ac61e9a}:2384: Timeout(10s)!
[2m2026-08-24T07:25:27.981730Z[0m [33m WARN[0m  rx-0 ThreadId(06) [2mzenoh::net::routing::dispatcher::queries[0m[2m:[0m Face{2, 40305f7b3f5b541aa0ec8ecbc8027690}:2384 Route reply: Query not found!
[2m2026-08-24T07:25:27.981762Z[0m [33m WARN[0m  rx-0 ThreadId(06) [2mzenoh::net::routing::dispatcher::queries[0m[2m:[0m Face{2, 40305f7b3f5b541aa0ec8ecbc8027690}:2384 Route final reply: Query not found!
[2m2026-08-24T07:25:45.954815Z[0m [33m WARN[0m net-0 ThreadId(03) [2mzenoh::net::routing::dispatcher::queries[0m[2m:[0m Face{2, 40305f7b3f5b541aa0ec8ecbc8027690}:2388 Didn't receive final reply for query Face{3, 240f29ad66ee40e520487c227ac61e9a}:2388: Timeout(10s)!
[2m2026-08-24T07:25:45.955224Z[0m [33m WARN[0m  rx-1 ThreadId(07) [2mzenoh::net::routing::dispatcher::queries[0m[2m:[0m Face{2, 40305f7b3f5b541aa0ec8ecbc8027690}:2388 Route final reply: Query not found!
[2m2026-08-24T07:26:03.915693Z[0m [33m WARN[0m net-0 ThreadId(03) [2mzenoh::net::routing::dispatcher::queries[0m[2m:[0m Face{2, 40305f7b3f5b541aa0ec8ecbc8027690}:2392 Didn't receive final reply for query Face{3, 240f29ad66ee40e520487c227ac61e9a}:2392: Timeout(10s)!
[2m2026-08-24T07:26:03.917538Z[0m [33m WARN[0m  rx-0 ThreadId(06) [2mzenoh::net::routing::dispatcher::queries[0m[2m:[0m Face{2, 40305f7b3f5b541aa0ec8ecbc8027690}:2392 Route reply: Query not found!
[2m2026-08-24T07:26:03.917584Z[0m [33m WARN[0m  rx-0 ThreadId(06) [2mzenoh::net::routing::dispatcher::queries[0m[2m:[0m Face{2, 40305f7b3f5b541aa0ec8ecbc8027690}:2392 Route final reply: Query not found!
[2m2026-08-24T07:26:21.979715Z[0m [33m WARN[0m net-0 ThreadId(03) [2mzenoh::net::routing::dispatcher::queries[0m[2m:[0m Face{2, 40305f7b3f5b541aa0ec8ecbc8027690}:2396 Didn't receive final reply for query Face{3, 240f29ad66ee40e520487c227ac61e9a}:2396: Timeout(10s)!
[2m2026-08-24T07:26:21.979731Z[0m [33m WARN[0m  rx-1 ThreadId(07) [2mzenoh::net::routing::dispatcher::queries[0m[2m:[0m Face{2, 40305f7b3f5b541aa0ec8ecbc8027690}:2396 Route reply: Query not found!
[2m2026-08-24T07:26:21.979767Z[0m [33m WARN[0m  rx-1 ThreadId(07) [2mzenoh::net::routing::dispatcher::queries[0m[2m:[0m Face{2, 40305f7b3f5b541aa0ec8ecbc8027690}:2396 Route final reply: Query not found!
[2m2026-08-24T07:26:57.893664Z[0m [33m WARN[0m net-0 ThreadId(03) [2mzenoh::net::routing::dispatcher::queries[0m[2m:[0m Face{2, 40305f7b3f5b541aa0ec8ecbc8027690}:2404 Didn't receive final reply for query Face{3, 240f29ad66ee40e520487c227ac61e9a}:2404: Timeout(10s)!
[2m2026-08-24T07:26:57.893722Z[0m [33m WARN[0m  rx-0 ThreadId(06) [2mzenoh::net::routing::dispatcher::queries[0m[2m:[0m Face{2, 40305f7b3f5b541aa0ec8ecbc8027690}:2404 Route reply: Query not found!
[2m2026-08-24T07:26:57.893750Z[0m [33m WARN[0m  rx-0 ThreadId(06) [2mzenoh::net::routing::dispatcher::queries[0m[2m:[0m Face{2, 40305f7b3f5b541aa0ec8ecbc8027690}:2404 Route final reply: Query not found!
[2m2026-08-24T07:27:15.954769Z[0m [33m WARN[0m net-0 ThreadId(03) [2mzenoh::net::routing::dispatcher::queries[0m[2m:[0m Face{2, 40305f7b3f5b541aa0ec8ecbc8027690}:2408 Didn't receive final reply for query Face{3, 240f29ad66ee40e520487c227ac61e9a}:2408: Timeout(10s)!
[2m2026-08-24T07:27:15.955302Z[0m [33m WARN[0m  rx-1 ThreadId(07) [2mzenoh::net::routing::dispatcher::queries[0m[2m:[0m Face{2, 40305f7b3f5b541aa0ec8ecbc8027690}:2408 Route reply: Query not found!
[2m2026-08-24T07:27:15.955350Z[0m [33m WARN[0m  rx-1 ThreadId(07) [2mzenoh::net::routing::dispatcher::queries[0m[2m:[0m Face{2, 40305f7b3f5b541aa0ec8ecbc8027690}:2408 Route final reply: Query not found!
[2m2026-08-24T07:27:33.926748Z[0m [33m WARN[0m net-0 ThreadId(03) [2mzenoh::net::routing::dispatcher::queries[0m[2m:[0m Face{2, 40305f7b3f5b541aa0ec8ecbc8027690}:2412 Didn't receive final reply for query Face{3, 240f29ad66ee40e520487c227ac61e9a}:2412: Timeout(10s)!
[2m2026-08-24T07:27:33.927642Z[0m [33m WARN[0m  rx-1 ThreadId(07) [2mzenoh::net::routing::dispatcher::queries[0m[2m:[0m Face{2, 40305f7b3f5b541aa0ec8ecbc8027690}:2412 Route reply: Query not found!
[2m2026-08-24T07:27:33.927670Z[0m [33m WARN[0m  rx-1 ThreadId(07) [2mzenoh::net::routing::dispatcher::queries[0m[2m:[0m Face{2, 40305f7b3f5b541aa0ec8ecbc8027690}:2412 Route final reply: Query not found!
[2m2026-08-24T07:27:51.904892Z[0m [33m WARN[0m net-0 ThreadId(03) [2mzenoh::net::routing::dispatcher::queries[0m[2m:[0m Face{2, 40305f7b3f5b541aa0ec8ecbc8027690}:2416 Didn't receive final reply for query Face{3, 240f29ad66ee40e520487c227ac61e9a}:2416: Timeout(10s)!
[2m2026-08-24T07:27:51.906038Z[0m [33m WARN[0m  rx-0 ThreadId(06) [2mzenoh::net::routing::dispatcher::queries[0m[2m:[0m Face{2, 40305f7b3f5b541aa0ec8ecbc8027690}:2416 Route reply: Query not found!
[2m2026-08-24T07:27:51.906071Z[0m [33m WARN[0m  rx-0 ThreadId(06) [2mzenoh::net::routing::dispatcher::queries[0m[2m:[0m Face{2, 40305f7b3f5b541aa0ec8ecbc8027690}:2416 Route final reply: Query not found!
[2m2026-08-24T07:28:09.975131Z[0m [33m WARN[0m net-0 ThreadId(03) [2mzenoh::net::routing::dispatcher::queries[0m[2m:[0m Face{2, 40305f7b3f5b541aa0ec8ecbc8027690}:2420 Route reply: Query not found!
[2m2026-08-24T07:28:27.942693Z[0m [33m WARN[0m net-0 ThreadId(03) [2mzenoh::net::routing::dispatcher::queries[0m[2m:[0m Face{2, 40305f7b3f5b541aa0ec8ecbc8027690}:2424 Didn't receive final reply for query Face{3, 240f29ad66ee40e520487c227ac61e9a}:2424: Timeout(10s)!
[2m2026-08-24T07:28:27.942930Z[0m [33m WARN[0m  rx-1 ThreadId(07) [2mzenoh::net::routing::dispatcher::queries[0m[2m:[0m Face{2, 40305f7b3f5b541aa0ec8ecbc8027690}:2424 Route reply: Query not found!
[2m2026-08-24T07:28:27.942959Z[0m [33m WARN[0m  rx-1 ThreadId(07) [2mzenoh::net::routing::dispatcher::queries[0m[2m:[0m Face{2, 40305f7b3f5b541aa0ec8ecbc8027690}:2424 Route final reply: Query not found!
[2m2026-08-24T07:28:45.897668Z[0m [33m WARN[0m net-0 ThreadId(03) [2mzenoh::net::routing::dispatcher::queries[0m[2m:[0m Face{2, 40305f7b3f5b541aa0ec8ecbc8027690}:2428 Didn't receive final reply for query Face{3, 240f29ad66ee40e520487c227ac61e9a}:2428: Timeout(10s)!
[2m2026-08-24T07:28:45.897696Z[0m [33m WARN[0m  rx-1 ThreadId(07) [2mzenoh::net::routing::dispatcher::queries[0m[2m:[0m Face{2, 40305f7b3f5b541aa0ec8ecbc8027690}:2428 Route reply: Query not found!
[2m2026-08-24T07:28:45.897821Z[0m [33m WARN[0m  rx-0 ThreadId(06) [2mzenoh::net::routing::dispatcher::queries[0m[2m:[0m Face{2, 40305f7b3f5b541aa0ec8ecbc8027690}:2428 Route final reply: Query not found!
[2m2026-08-24T07:29:03.965663Z[0m [33m WARN[0m net-0 ThreadId(03) [2mzenoh::net::routing::dispatcher::queries[0m[2m:[0m Face{2, 40305f7b3f5b541aa0ec8ecbc8027690}:2432 Didn't receive final reply for query Face{3, 240f29ad66ee40e520487c227ac61e9a}:2432: Timeout(10s)!
[2m2026-08-24T07:29:03.966413Z[0m [33m WARN[0m  rx-1 ThreadId(07) [2mzenoh::net::routing::dispatcher::queries[0m[2m:[0m Face{2, 40305f7b3f5b541aa0ec8ecbc8027690}:2432 Route reply: Query not found!
[2m2026-08-24T07:29:03.966470Z[0m [33m WARN[0m  rx-1 ThreadId(07) [2mzenoh::net::routing::dispatcher::queries[0m[2m:[0m Face{2, 40305f7b3f5b541aa0ec8ecbc8027690}:2432 Route final reply: Query not found!
[2m2026-08-24T07:29:21.945087Z[0m [33m WARN[0m  rx-1 ThreadId(07) [2mzenoh::net::routing::dispatcher::queries[0m[2m:[0m Face{2, 40305f7b3f5b541aa0ec8ecbc8027690}:2436 Route reply: Query not found!
[2m2026-08-24T07:29:21.945087Z[0m [33m WARN[0m net-0 ThreadId(03) [2mzenoh::net::routing::dispatcher::queries[0m[2m:[0m Face{2, 40305f7b3f5b541aa0ec8ecbc8027690}:2436 Didn't receive final reply for query Face{3, 240f29ad66ee40e520487c227ac61e9a}:2436: Timeout(10s)!
[2m2026-08-24T07:29:21.945160Z[0m [33m WARN[0m  rx-1 ThreadId(07) [2mzenoh::net::routing::dispatcher::queries[0m[2m:[0m Face{2, 40305f7b3f5b541aa0ec8ecbc8027690}:2436 Route final reply: Query not found!
[2m2026-08-24T07:29:39.908772Z[0m [33m WARN[0m net-0 ThreadId(03) [2mzenoh::net::routing::dispatcher::queries[0m[2m:[0m Face{2, 40305f7b3f5b541aa0ec8ecbc8027690}:2440 Route reply: Query not found!
[2m2026-08-24T07:29:57.979744Z[0m [33m WARN[0m net-0 ThreadId(03) [2mzenoh::net::routing::dispatcher::queries[0m[2m:[0m Face{2, 40305f7b3f5b541aa0ec8ecbc8027690}:2444 Didn't receive final reply for query Face{3, 240f29ad66ee40e520487c227ac61e9a}:2444: Timeout(10s)!
[2m2026-08-24T07:29:57.979845Z[0m [33m WARN[0m  rx-1 ThreadId(07) [2mzenoh::net::routing::dispatcher::queries[0m[2m:[0m Face{2, 40305f7b3f5b541aa0ec8ecbc8027690}:2444 Route reply: Query not found!
[2m2026-08-24T07:29:57.979880Z[0m [33m WARN[0m  rx-1 ThreadId(07) [2mzenoh::net::routing::dispatcher::queries[0m[2m:[0m Face{2, 40305f7b3f5b541aa0ec8ecbc8027690}:2444 Route final reply: Query not found!
[2m2026-08-24T07:30:15.952692Z[0m [33m WARN[0m net-0 ThreadId(03) [2mzenoh::net::routing::dispatcher::queries[0m[2m:[0m Face{2, 40305f7b3f5b541aa0ec8ecbc8027690}:2448 Didn't receive final reply for query Face{3, 240f29ad66ee40e520487c227ac61e9a}:2448: Timeout(10s)!
[2m2026-08-24T07:30:15.952744Z[0m [33m WARN[0m  rx-0 ThreadId(06) [2mzenoh::net::routing::dispatcher::queries[0m[2m:[0m Face{2, 40305f7b3f5b541aa0ec8ecbc8027690}:2448 Route reply: Query not found!
[2m2026-08-24T07:30:15.952784Z[0m [33m WARN[0m  rx-0 ThreadId(06) [2mzenoh::net::routing::dispatcher::queries[0m[2m:[0m Face{2, 40305f7b3f5b541aa0ec8ecbc8027690}:2448 Route final reply: Query not found!
[2m2026-08-24T07:30:33.918768Z[0m [33m WARN[0m net-0 ThreadId(03) [2mzenoh::net::routing::dispatcher::queries[0m[2m:[0m Face{2, 40305f7b3f5b541aa0ec8ecbc8027690}:2452 Didn't receive final reply for query Face{3, 240f29ad66ee40e520487c227ac61e9a}:2452: Timeout(10s)!
[2m2026-08-24T07:30:33.919166Z[0m [33m WARN[0m  rx-0 ThreadId(06) [2mzenoh::net::routing::dispatcher::queries[0m[2m:[0m Face{2, 40305f7b3f5b541aa0ec8ecbc8027690}:2452 Route reply: Query not found!
[2m2026-08-24T07:30:33.919187Z[0m [33m WARN[0m  rx-0 ThreadId(06) [2mzenoh::net::routing::dispatcher::queries[0m[2m:[0m Face{2, 40305f7b3f5b541aa0ec8ecbc8027690}:2452 Route final reply: Query not found!
[2m2026-08-24T07:30:52.019661Z[0m [33m WARN[0m net-0 ThreadId(03) [2mzenoh::net::routing::dispatcher::queries[0m[2m:[0m Face{2, 40305f7b3f5b541aa0ec8ecbc8027690}:2456 Didn't receive final reply for query Face{3, 240f29ad66ee40e520487c227ac61e9a}:2456: Timeout(10s)!
[2m2026-08-24T07:30:52.021043Z[0m [33m WARN[0m  rx-0 ThreadId(06) [2mzenoh::net::routing::dispatcher::queries[0m[2m:[0m Face{2, 40305f7b3f5b541aa0ec8ecbc8027690}:2456 Route reply: Query not found!
[2m2026-08-24T07:30:52.021071Z[0m [33m WARN[0m  rx-0 ThreadId(06) [2mzenoh::net::routing::dispatcher::queries[0m[2m:[0m Face{2, 40305f7b3f5b541aa0ec8ecbc8027690}:2456 Route final reply: Query not found!
[2m2026-08-24T07:31:27.927659Z[0m [33m WARN[0m net-0 ThreadId(03) [2mzenoh::net::routing::dispatcher::queries[0m[2m:[0m Face{2, 40305f7b3f5b541aa0ec8ecbc8027690}:2464 Didn't receive final reply for query Face{3, 240f29ad66ee40e520487c227ac61e9a}:2464: Timeout(10s)!
[2m2026-08-24T07:31:27.927694Z[0m [33m WARN[0m  rx-0 ThreadId(06) [2mzenoh::net::routing::dispatcher::queries[0m[2m:[0m Face{2, 40305f7b3f5b541aa0ec8ecbc8027690}:2464 Route reply: Query not found!
[2m2026-08-24T07:31:27.927731Z[0m [33m WARN[0m  rx-0 ThreadId(06) [2mzenoh::net::routing::dispatcher::queries[0m[2m:[0m Face{2, 40305f7b3f5b541aa0ec8ecbc8027690}:2464 Route final reply: Query not found!
[2m2026-08-24T07:31:45.978675Z[0m [33m WARN[0m net-0 ThreadId(03) [2mzenoh::net::routing::dispatcher::queries[0m[2m:[0m Face{2, 40305f7b3f5b541aa0ec8ecbc8027690}:2468 Didn't receive final reply for query Face{3, 240f29ad66ee40e520487c227ac61e9a}:2468: Timeout(10s)!
[2m2026-08-24T07:31:45.978716Z[0m [33m WARN[0m  rx-0 ThreadId(06) [2mzenoh::net::routing::dispatcher::queries[0m[2m:[0m Face{2, 40305f7b3f5b541aa0ec8ecbc8027690}:2468 Route reply: Query not found!
[2m2026-08-24T07:31:45.978742Z[0m [33m WARN[0m  rx-0 ThreadId(06) [2mzenoh::net::routing::dispatcher::queries[0m[2m:[0m Face{2, 40305f7b3f5b541aa0ec8ecbc8027690}:2468 Route final reply: Query not found!
[2m2026-08-24T07:32:21.996685Z[0m [33m WARN[0m net-0 ThreadId(03) [2mzenoh::net::routing::dispatcher::queries[0m[2m:[0m Face{2, 40305f7b3f5b541aa0ec8ecbc8027690}:2476 Didn't receive final reply for query Face{3, 240f29ad66ee40e520487c227ac61e9a}:2476: Timeout(10s)!
[2m2026-08-24T07:32:21.996754Z[0m [33m WARN[0m  rx-1 ThreadId(07) [2mzenoh::net::routing::dispatcher::queries[0m[2m:[0m Face{2, 40305f7b3f5b541aa0ec8ecbc8027690}:2476 Route reply: Query not found!
[2m2026-08-24T07:32:21.996790Z[0m [33m WARN[0m  rx-1 ThreadId(07) [2mzenoh::net::routing::dispatcher::queries[0m[2m:[0m Face{2, 40305f7b3f5b541aa0ec8ecbc8027690}:2476 Route final reply: Query not found!
[2m2026-08-24T07:32:39.972312Z[0m [33m WARN[0m net-0 ThreadId(03) [2mzenoh::net::routing::dispatcher::queries[0m[2m:[0m Face{2, 40305f7b3f5b541aa0ec8ecbc8027690}:2480 Didn't receive final reply for query Face{3, 240f29ad66ee40e520487c227ac61e9a}:2480: Timeout(10s)!
[2m2026-08-24T07:32:39.972718Z[0m [33m WARN[0m  rx-1 ThreadId(07) [2mzenoh::net::routing::dispatcher::queries[0m[2m:[0m Face{2, 40305f7b3f5b541aa0ec8ecbc8027690}:2480 Route reply: Query not found!
[2m2026-08-24T07:32:39.972758Z[0m [33m WARN[0m  rx-1 ThreadId(07) [2mzenoh::net::routing::dispatcher::queries[0m[2m:[0m Face{2, 40305f7b3f5b541aa0ec8ecbc8027690}:2480 Route final reply: Query not found!
[2m2026-08-24T07:32:57.948679Z[0m [33m WARN[0m net-0 ThreadId(03) [2mzenoh::net::routing::dispatcher::queries[0m[2m:[0m Face{2, 40305f7b3f5b541aa0ec8ecbc8027690}:2484 Didn't receive final reply for query Face{3, 240f29ad66ee40e520487c227ac61e9a}:2484: Timeout(10s)!
[2m2026-08-24T07:32:57.948707Z[0m [33m WARN[0m  rx-1 ThreadId(07) [2mzenoh::net::routing::dispatcher::queries[0m[2m:[0m Face{2, 40305f7b3f5b541aa0ec8ecbc8027690}:2484 Route reply: Query not found!
[2m2026-08-24T07:32:57.948738Z[0m [33m WARN[0m  rx-1 ThreadId(07) [2mzenoh::net::routing::dispatcher::queries[0m[2m:[0m Face{2, 40305f7b3f5b541aa0ec8ecbc8027690}:2484 Route final reply: Query not found!
[2m2026-08-24T07:33:15.939906Z[0m [33m WARN[0m net-0 ThreadId(03) [2mzenoh::net::routing::dispatcher::queries[0m[2m:[0m Face{2, 40305f7b3f5b541aa0ec8ecbc8027690}:2488 Didn't receive final reply for query Face{3, 240f29ad66ee40e520487c227ac61e9a}:2488: Timeout(10s)!
[2m2026-08-24T07:33:15.940827Z[0m [33m WARN[0m  rx-0 ThreadId(06) [2mzenoh::net::routing::dispatcher::queries[0m[2m:[0m Face{2, 40305f7b3f5b541aa0ec8ecbc8027690}:2488 Route reply: Query not found!
[2m2026-08-24T07:33:15.940862Z[0m [33m WARN[0m  rx-0 ThreadId(06) [2mzenoh::net::routing::dispatcher::queries[0m[2m:[0m Face{2, 40305f7b3f5b541aa0ec8ecbc8027690}:2488 Route final reply: Query not found!
[2m2026-08-24T07:33:33.909664Z[0m [33m WARN[0m net-0 ThreadId(03) [2mzenoh::net::routing::dispatcher::queries[0m[2m:[0m Face{2, 40305f7b3f5b541aa0ec8ecbc8027690}:2492 Didn't receive final reply for query Face{3, 240f29ad66ee40e520487c227ac61e9a}:2492: Timeout(10s)!
[2m2026-08-24T07:33:33.911052Z[0m [33m WARN[0m  rx-1 ThreadId(07) [2mzenoh::net::routing::dispatcher::queries[0m[2m:[0m Face{2, 40305f7b3f5b541aa0ec8ecbc8027690}:2492 Route reply: Query not found!
[2m2026-08-24T07:33:33.911090Z[0m [33m WARN[0m  rx-1 ThreadId(07) [2mzenoh::net::routing::dispatcher::queries[0m[2m:[0m Face{2, 40305f7b3f5b541aa0ec8ecbc8027690}:2492 Route final reply: Query not found!
[2m2026-08-24T07:33:51.979750Z[0m [33m WARN[0m net-0 ThreadId(03) [2mzenoh::net::routing::dispatcher::queries[0m[2m:[0m Face{2, 40305f7b3f5b541aa0ec8ecbc8027690}:2496 Route reply: Query not found!
[2m2026-08-24T07:34:09.954727Z[0m [33m WARN[0m net-0 ThreadId(03) [2mzenoh::net::routing::dispatcher::queries[0m[2m:[0m Face{2, 40305f7b3f5b541aa0ec8ecbc8027690}:2500 Route reply: Query not found!
[2m2026-08-24T07:34:27.917699Z[0m [33m WARN[0m net-0 ThreadId(03) [2mzenoh::net::routing::dispatcher::queries[0m[2m:[0m Face{2, 40305f7b3f5b541aa0ec8ecbc8027690}:2504 Didn't receive final reply for query Face{3, 240f29ad66ee40e520487c227ac61e9a}:2504: Timeout(10s)!
[2m2026-08-24T07:34:27.917775Z[0m [33m WARN[0m  rx-1 ThreadId(07) [2mzenoh::net::routing::dispatcher::queries[0m[2m:[0m Face{2, 40305f7b3f5b541aa0ec8ecbc8027690}:2504 Route reply: Query not found!
[2m2026-08-24T07:34:27.917812Z[0m [33m WARN[0m  rx-1 ThreadId(07) [2mzenoh::net::routing::dispatcher::queries[0m[2m:[0m Face{2, 40305f7b3f5b541aa0ec8ecbc8027690}:2504 Route final reply: Query not found!
[2m2026-08-24T07:35:03.951686Z[0m [33m WARN[0m net-0 ThreadId(03) [2mzenoh::net::routing::dispatcher::queries[0m[2m:[0m Face{2, 40305f7b3f5b541aa0ec8ecbc8027690}:2512 Didn't receive final reply for query Face{3, 240f29ad66ee40e520487c227ac61e9a}:2512: Timeout(10s)!
[2m2026-08-24T07:35:03.951997Z[0m [33m WARN[0m  rx-0 ThreadId(06) [2mzenoh::net::routing::dispatcher::queries[0m[2m:[0m Face{2, 40305f7b3f5b541aa0ec8ecbc8027690}:2512 Route reply: Query not found!
[2m2026-08-24T07:35:03.952017Z[0m [33m WARN[0m  rx-0 ThreadId(06) [2mzenoh::net::routing::dispatcher::queries[0m[2m:[0m Face{2, 40305f7b3f5b541aa0ec8ecbc8027690}:2512 Route final reply: Query not found!
[2m2026-08-24T07:35:21.911026Z[0m [33m WARN[0m net-0 ThreadId(03) [2mzenoh::net::routing::dispatcher::queries[0m[2m:[0m Face{2, 40305f7b3f5b541aa0ec8ecbc8027690}:2516 Didn't receive final reply for query Face{3, 240f29ad66ee40e520487c227ac61e9a}:2516: Timeout(10s)!
[2m2026-08-24T07:35:21.911350Z[0m [33m WARN[0m  rx-0 ThreadId(06) [2mzenoh::net::routing::dispatcher::queries[0m[2m:[0m Face{2, 40305f7b3f5b541aa0ec8ecbc8027690}:2516 Route reply: Query not found!
[2m2026-08-24T07:35:21.911376Z[0m [33m WARN[0m  rx-0 ThreadId(06) [2mzenoh::net::routing::dispatcher::queries[0m[2m:[0m Face{2, 40305f7b3f5b541aa0ec8ecbc8027690}:2516 Route final reply: Query not found!
[2m2026-08-24T07:35:39.987883Z[0m [33m WARN[0m net-0 ThreadId(03) [2mzenoh::net::routing::dispatcher::queries[0m[2m:[0m Face{2, 40305f7b3f5b541aa0ec8ecbc8027690}:2520 Didn't receive final reply for query Face{3, 240f29ad66ee40e520487c227ac61e9a}:2520: Timeout(10s)!
[2m2026-08-24T07:35:39.988694Z[0m [33m WARN[0m  rx-0 ThreadId(06) [2mzenoh::net::routing::dispatcher::queries[0m[2m:[0m Face{2, 40305f7b3f5b541aa0ec8ecbc8027690}:2520 Route reply: Query not found!
[2m2026-08-24T07:35:39.988719Z[0m [33m WARN[0m  rx-0 ThreadId(06) [2mzenoh::net::routing::dispatcher::queries[0m[2m:[0m Face{2, 40305f7b3f5b541aa0ec8ecbc8027690}:2520 Route final reply: Query not found!
[2m2026-08-24T07:36:15.919686Z[0m [33m WARN[0m net-0 ThreadId(03) [2mzenoh::net::routing::dispatcher::queries[0m[2m:[0m Face{2, 40305f7b3f5b541aa0ec8ecbc8027690}:2528 Didn't receive final reply for query Face{3, 240f29ad66ee40e520487c227ac61e9a}:2528: Timeout(10s)!
[2m2026-08-24T07:36:15.920308Z[0m [33m WARN[0m  rx-0 ThreadId(06) [2mzenoh::net::routing::dispatcher::queries[0m[2m:[0m Face{2, 40305f7b3f5b541aa0ec8ecbc8027690}:2528 Route reply: Query not found!
[2m2026-08-24T07:36:15.920337Z[0m [33m WARN[0m  rx-0 ThreadId(06) [2mzenoh::net::routing::dispatcher::queries[0m[2m:[0m Face{2, 40305f7b3f5b541aa0ec8ecbc8027690}:2528 Route final reply: Query not found!
[2m2026-08-24T07:36:33.983627Z[0m [33m WARN[0m net-0 ThreadId(03) [2mzenoh::net::routing::dispatcher::queries[0m[2m:[0m Face{2, 40305f7b3f5b541aa0ec8ecbc8027690}:2532 Didn't receive final reply for query Face{3, 240f29ad66ee40e520487c227ac61e9a}:2532: Timeout(10s)!
[2m2026-08-24T07:36:33.983801Z[0m [33m WARN[0m  rx-1 ThreadId(07) [2mzenoh::net::routing::dispatcher::queries[0m[2m:[0m Face{2, 40305f7b3f5b541aa0ec8ecbc8027690}:2532 Route reply: Query not found!
[2m2026-08-24T07:36:33.983832Z[0m [33m WARN[0m  rx-1 ThreadId(07) [2mzenoh::net::routing::dispatcher::queries[0m[2m:[0m Face{2, 40305f7b3f5b541aa0ec8ecbc8027690}:2532 Route final reply: Query not found!
[2m2026-08-24T07:36:51.940694Z[0m [33m WARN[0m net-0 ThreadId(03) [2mzenoh::net::routing::dispatcher::queries[0m[2m:[0m Face{2, 40305f7b3f5b541aa0ec8ecbc8027690}:2536 Didn't receive final reply for query Face{3, 240f29ad66ee40e520487c227ac61e9a}:2536: Timeout(10s)!
[2m2026-08-24T07:36:51.941726Z[0m [33m WARN[0m  rx-0 ThreadId(06) [2mzenoh::net::routing::dispatcher::queries[0m[2m:[0m Face{2, 40305f7b3f5b541aa0ec8ecbc8027690}:2536 Route reply: Query not found!
[2m2026-08-24T07:36:51.941750Z[0m [33m WARN[0m  rx-0 ThreadId(06) [2mzenoh::net::routing::dispatcher::queries[0m[2m:[0m Face{2, 40305f7b3f5b541aa0ec8ecbc8027690}:2536 Route final reply: Query not found!
[2m2026-08-24T07:37:09.901687Z[0m [33m WARN[0m net-0 ThreadId(03) [2mzenoh::net::routing::dispatcher::queries[0m[2m:[0m Face{2, 40305f7b3f5b541aa0ec8ecbc8027690}:2540 Didn't receive final reply for query Face{3, 240f29ad66ee40e520487c227ac61e9a}:2540: Timeout(10s)!
[2m2026-08-24T07:37:09.901731Z[0m [33m WARN[0m  rx-0 ThreadId(06) [2mzenoh::net::routing::dispatcher::queries[0m[2m:[0m Face{2, 40305f7b3f5b541aa0ec8ecbc8027690}:2540 Route reply: Query not found!
[2m2026-08-24T07:37:09.901755Z[0m [33m WARN[0m  rx-0 ThreadId(06) [2mzenoh::net::routing::dispatcher::queries[0m[2m:[0m Face{2, 40305f7b3f5b541aa0ec8ecbc8027690}:2540 Route final reply: Query not found!
[2m2026-08-24T07:37:27.953703Z[0m [33m WARN[0m net-0 ThreadId(03) [2mzenoh::net::routing::dispatcher::queries[0m[2m:[0m Face{2, 40305f7b3f5b541aa0ec8ecbc8027690}:2544 Didn't receive final reply for query Face{3, 240f29ad66ee40e520487c227ac61e9a}:2544: Timeout(10s)!
[2m2026-08-24T07:37:27.955602Z[0m [33m WARN[0m  rx-1 ThreadId(07) [2mzenoh::net::routing::dispatcher::queries[0m[2m:[0m Face{2, 40305f7b3f5b541aa0ec8ecbc8027690}:2544 Route reply: Query not found!
[2m2026-08-24T07:37:27.955634Z[0m [33m WARN[0m  rx-1 ThreadId(07) [2mzenoh::net::routing::dispatcher::queries[0m[2m:[0m Face{2, 40305f7b3f5b541aa0ec8ecbc8027690}:2544 Route final reply: Query not found!
[2m2026-08-24T07:37:45.914693Z[0m [33m WARN[0m net-0 ThreadId(03) [2mzenoh::net::routing::dispatcher::queries[0m[2m:[0m Face{2, 40305f7b3f5b541aa0ec8ecbc8027690}:2548 Didn't receive final reply for query Face{3, 240f29ad66ee40e520487c227ac61e9a}:2548: Timeout(10s)!
[2m2026-08-24T07:37:45.914775Z[0m [33m WARN[0m  rx-1 ThreadId(07) [2mzenoh::net::routing::dispatcher::queries[0m[2m:[0m Face{2, 40305f7b3f5b541aa0ec8ecbc8027690}:2548 Route reply: Query not found!
[2m2026-08-24T07:37:45.914809Z[0m [33m WARN[0m  rx-1 ThreadId(07) [2mzenoh::net::routing::dispatcher::queries[0m[2m:[0m Face{2, 40305f7b3f5b541aa0ec8ecbc8027690}:2548 Route final reply: Query not found!
[2m2026-08-24T07:38:04.001581Z[0m [33m WARN[0m net-0 ThreadId(03) [2mzenoh::net::routing::dispatcher::queries[0m[2m:[0m Face{2, 40305f7b3f5b541aa0ec8ecbc8027690}:2552 Didn't receive final reply for query Face{3, 240f29ad66ee40e520487c227ac61e9a}:2552: Timeout(10s)!
[2m2026-08-24T07:38:04.008927Z[0m [33m WARN[0m  rx-0 ThreadId(06) [2mzenoh::net::routing::dispatcher::queries[0m[2m:[0m Face{2, 40305f7b3f5b541aa0ec8ecbc8027690}:2552 Route reply: Query not found!
[2m2026-08-24T07:38:04.008973Z[0m [33m WARN[0m  rx-0 ThreadId(06) [2mzenoh::net::routing::dispatcher::queries[0m[2m:[0m Face{2, 40305f7b3f5b541aa0ec8ecbc8027690}:2552 Route final reply: Query not found!
[2m2026-08-24T07:38:21.953666Z[0m [33m WARN[0m net-0 ThreadId(03) [2mzenoh::net::routing::dispatcher::queries[0m[2m:[0m Face{2, 40305f7b3f5b541aa0ec8ecbc8027690}:2556 Didn't receive final reply for query Face{3, 240f29ad66ee40e520487c227ac61e9a}:2556: Timeout(10s)!
[2m2026-08-24T07:38:21.953738Z[0m [33m WARN[0m  rx-1 ThreadId(07) [2mzenoh::net::routing::dispatcher::queries[0m[2m:[0m Face{2, 40305f7b3f5b541aa0ec8ecbc8027690}:2556 Route reply: Query not found!
[2m2026-08-24T07:38:21.953768Z[0m [33m WARN[0m  rx-1 ThreadId(07) [2mzenoh::net::routing::dispatcher::queries[0m[2m:[0m Face{2, 40305f7b3f5b541aa0ec8ecbc8027690}:2556 Route final reply: Query not found!
[2m2026-08-24T07:38:57.918660Z[0m [33m WARN[0m net-0 ThreadId(03) [2mzenoh::net::routing::dispatcher::queries[0m[2m:[0m Face{2, 40305f7b3f5b541aa0ec8ecbc8027690}:2564 Didn't receive final reply for query Face{3, 240f29ad66ee40e520487c227ac61e9a}:2564: Timeout(10s)!
[2m2026-08-24T07:38:57.919399Z[0m [33m WARN[0m  rx-0 ThreadId(06) [2mzenoh::net::routing::dispatcher::queries[0m[2m:[0m Face{2, 40305f7b3f5b541aa0ec8ecbc8027690}:2564 Route reply: Query not found!
[2m2026-08-24T07:38:57.919432Z[0m [33m WARN[0m  rx-0 ThreadId(06) [2mzenoh::net::routing::dispatcher::queries[0m[2m:[0m Face{2, 40305f7b3f5b541aa0ec8ecbc8027690}:2564 Route final reply: Query not found!
[2m2026-08-24T07:39:51.934681Z[0m [33m WARN[0m net-0 ThreadId(03) [2mzenoh::net::routing::dispatcher::queries[0m[2m:[0m Face{2, 40305f7b3f5b541aa0ec8ecbc8027690}:2576 Didn't receive final reply for query Face{3, 240f29ad66ee40e520487c227ac61e9a}:2576: Timeout(10s)!
[2m2026-08-24T07:39:51.934715Z[0m [33m WARN[0m  rx-1 ThreadId(07) [2mzenoh::net::routing::dispatcher::queries[0m[2m:[0m Face{2, 40305f7b3f5b541aa0ec8ecbc8027690}:2576 Route reply: Query not found!
[2m2026-08-24T07:39:51.934738Z[0m [33m WARN[0m  rx-1 ThreadId(07) [2mzenoh::net::routing::dispatcher::queries[0m[2m:[0m Face{2, 40305f7b3f5b541aa0ec8ecbc8027690}:2576 Route final reply: Query not found!
[2m2026-08-24T07:40:09.903693Z[0m [33m WARN[0m net-0 ThreadId(03) [2mzenoh::net::routing::dispatcher::queries[0m[2m:[0m Face{2, 40305f7b3f5b541aa0ec8ecbc8027690}:2580 Didn't receive final reply for query Face{3, 240f29ad66ee40e520487c227ac61e9a}:2580: Timeout(10s)!
[2m2026-08-24T07:40:09.903755Z[0m [33m WARN[0m  rx-1 ThreadId(07) [2mzenoh::net::routing::dispatcher::queries[0m[2m:[0m Face{2, 40305f7b3f5b541aa0ec8ecbc8027690}:2580 Route reply: Query not found!
[2m2026-08-24T07:40:09.903783Z[0m [33m WARN[0m  rx-1 ThreadId(07) [2mzenoh::net::routing::dispatcher::queries[0m[2m:[0m Face{2, 40305f7b3f5b541aa0ec8ecbc8027690}:2580 Route final reply: Query not found!
[2m2026-08-24T07:40:27.974821Z[0m [33m WARN[0m net-0 ThreadId(03) [2mzenoh::net::routing::dispatcher::queries[0m[2m:[0m Face{2, 40305f7b3f5b541aa0ec8ecbc8027690}:2584 Didn't receive final reply for query Face{3, 240f29ad66ee40e520487c227ac61e9a}:2584: Timeout(10s)!
[2m2026-08-24T07:40:27.975281Z[0m [33m WARN[0m  rx-0 ThreadId(06) [2mzenoh::net::routing::dispatcher::queries[0m[2m:[0m Face{2, 40305f7b3f5b541aa0ec8ecbc8027690}:2584 Route reply: Query not found!
[2m2026-08-24T07:40:27.975301Z[0m [33m WARN[0m  rx-0 ThreadId(06) [2mzenoh::net::routing::dispatcher::queries[0m[2m:[0m Face{2, 40305f7b3f5b541aa0ec8ecbc8027690}:2584 Route final reply: Query not found!
[2m2026-08-24T07:40:45.945691Z[0m [33m WARN[0m net-0 ThreadId(03) [2mzenoh::net::routing::dispatcher::queries[0m[2m:[0m Face{2, 40305f7b3f5b541aa0ec8ecbc8027690}:2588 Didn't receive final reply for query Face{3, 240f29ad66ee40e520487c227ac61e9a}:2588: Timeout(10s)!
[2m2026-08-24T07:40:45.946564Z[0m [33m WARN[0m  rx-0 ThreadId(06) [2mzenoh::net::routing::dispatcher::queries[0m[2m:[0m Face{2, 40305f7b3f5b541aa0ec8ecbc8027690}:2588 Route reply: Query not found!
[2m2026-08-24T07:40:45.946622Z[0m [33m WARN[0m  rx-0 ThreadId(06) [2mzenoh::net::routing::dispatcher::queries[0m[2m:[0m Face{2, 40305f7b3f5b541aa0ec8ecbc8027690}:2588 Route final reply: Query not found!
[2m2026-08-24T07:41:21.975346Z[0m [33m WARN[0m net-0 ThreadId(03) [2mzenoh::net::routing::dispatcher::queries[0m[2m:[0m Face{2, 40305f7b3f5b541aa0ec8ecbc8027690}:2596 Route reply: Query not found!
[2m2026-08-24T07:41:39.944686Z[0m [33m WARN[0m net-0 ThreadId(03) [2mzenoh::net::routing::dispatcher::queries[0m[2m:[0m Face{2, 40305f7b3f5b541aa0ec8ecbc8027690}:2600 Didn't receive final reply for query Face{3, 240f29ad66ee40e520487c227ac61e9a}:2600: Timeout(10s)!
[2m2026-08-24T07:41:39.944745Z[0m [33m WARN[0m  rx-0 ThreadId(06) [2mzenoh::net::routing::dispatcher::queries[0m[2m:[0m Face{2, 40305f7b3f5b541aa0ec8ecbc8027690}:2600 Route reply: Query not found!
[2m2026-08-24T07:41:39.944782Z[0m [33m WARN[0m  rx-0 ThreadId(06) [2mzenoh::net::routing::dispatcher::queries[0m[2m:[0m Face{2, 40305f7b3f5b541aa0ec8ecbc8027690}:2600 Route final reply: Query not found!
[2m2026-08-24T07:41:57.898809Z[0m [33m WARN[0m net-0 ThreadId(03) [2mzenoh::net::routing::dispatcher::queries[0m[2m:[0m Face{2, 40305f7b3f5b541aa0ec8ecbc8027690}:2604 Didn't receive final reply for query Face{3, 240f29ad66ee40e520487c227ac61e9a}:2604: Timeout(10s)!
[2m2026-08-24T07:41:57.899336Z[0m [33m WARN[0m  rx-1 ThreadId(07) [2mzenoh::net::routing::dispatcher::queries[0m[2m:[0m Face{2, 40305f7b3f5b541aa0ec8ecbc8027690}:2604 Route reply: Query not found!
[2m2026-08-24T07:41:57.899354Z[0m [33m WARN[0m  rx-1 ThreadId(07) [2mzenoh::net::routing::dispatcher::queries[0m[2m:[0m Face{2, 40305f7b3f5b541aa0ec8ecbc8027690}:2604 Route final reply: Query not found!
[2m2026-08-24T07:42:15.959686Z[0m [33m WARN[0m net-0 ThreadId(03) [2mzenoh::net::routing::dispatcher::queries[0m[2m:[0m Face{2, 40305f7b3f5b541aa0ec8ecbc8027690}:2608 Didn't receive final reply for query Face{3, 240f29ad66ee40e520487c227ac61e9a}:2608: Timeout(10s)!
[2m2026-08-24T07:42:15.959759Z[0m [33m WARN[0m  rx-1 ThreadId(07) [2mzenoh::net::routing::dispatcher::queries[0m[2m:[0m Face{2, 40305f7b3f5b541aa0ec8ecbc8027690}:2608 Route reply: Query not found!
[2m2026-08-24T07:42:15.959787Z[0m [33m WARN[0m  rx-1 ThreadId(07) [2mzenoh::net::routing::dispatcher::queries[0m[2m:[0m Face{2, 40305f7b3f5b541aa0ec8ecbc8027690}:2608 Route final reply: Query not found!
[2m2026-08-24T07:42:33.928163Z[0m [33m WARN[0m net-0 ThreadId(03) [2mzenoh::net::routing::dispatcher::queries[0m[2m:[0m Face{2, 40305f7b3f5b541aa0ec8ecbc8027690}:2612 Didn't receive final reply for query Face{3, 240f29ad66ee40e520487c227ac61e9a}:2612: Timeout(10s)!
[2m2026-08-24T07:42:33.928718Z[0m [33m WARN[0m  rx-1 ThreadId(07) [2mzenoh::net::routing::dispatcher::queries[0m[2m:[0m Face{2, 40305f7b3f5b541aa0ec8ecbc8027690}:2612 Route reply: Query not found!
[2m2026-08-24T07:42:33.928749Z[0m [33m WARN[0m  rx-1 ThreadId(07) [2mzenoh::net::routing::dispatcher::queries[0m[2m:[0m Face{2, 40305f7b3f5b541aa0ec8ecbc8027690}:2612 Route final reply: Query not found!
[2m2026-08-24T07:42:51.898662Z[0m [33m WARN[0m net-0 ThreadId(03) [2mzenoh::net::routing::dispatcher::queries[0m[2m:[0m Face{2, 40305f7b3f5b541aa0ec8ecbc8027690}:2616 Didn't receive final reply for query Face{3, 240f29ad66ee40e520487c227ac61e9a}:2616: Timeout(10s)!
[2m2026-08-24T07:42:51.898720Z[0m [33m WARN[0m  rx-1 ThreadId(07) [2mzenoh::net::routing::dispatcher::queries[0m[2m:[0m Face{2, 40305f7b3f5b541aa0ec8ecbc8027690}:2616 Route reply: Query not found!
[2m2026-08-24T07:42:51.898745Z[0m [33m WARN[0m  rx-1 ThreadId(07) [2mzenoh::net::routing::dispatcher::queries[0m[2m:[0m Face{2, 40305f7b3f5b541aa0ec8ecbc8027690}:2616 Route final reply: Query not found!
[2m2026-08-24T07:43:09.958748Z[0m [33m WARN[0m net-0 ThreadId(03) [2mzenoh::net::routing::dispatcher::queries[0m[2m:[0m Face{2, 40305f7b3f5b541aa0ec8ecbc8027690}:2620 Didn't receive final reply for query Face{3, 240f29ad66ee40e520487c227ac61e9a}:2620: Timeout(10s)!
[2m2026-08-24T07:43:09.958876Z[0m [33m WARN[0m  rx-1 ThreadId(07) [2mzenoh::net::routing::dispatcher::queries[0m[2m:[0m Face{2, 40305f7b3f5b541aa0ec8ecbc8027690}:2620 Route reply: Query not found!
[2m2026-08-24T07:43:09.958912Z[0m [33m WARN[0m  rx-1 ThreadId(07) [2mzenoh::net::routing::dispatcher::queries[0m[2m:[0m Face{2, 40305f7b3f5b541aa0ec8ecbc8027690}:2620 Route final reply: Query not found!
[2m2026-08-24T07:43:27.917703Z[0m [33m WARN[0m net-0 ThreadId(03) [2mzenoh::net::routing::dispatcher::queries[0m[2m:[0m Face{2, 40305f7b3f5b541aa0ec8ecbc8027690}:2624 Didn't receive final reply for query Face{3, 240f29ad66ee40e520487c227ac61e9a}:2624: Timeout(10s)!
[2m2026-08-24T07:43:27.918309Z[0m [33m WARN[0m  rx-1 ThreadId(07) [2mzenoh::net::routing::dispatcher::queries[0m[2m:[0m Face{2, 40305f7b3f5b541aa0ec8ecbc8027690}:2624 Route reply: Query not found!
[2m2026-08-24T07:43:27.918332Z[0m [33m WARN[0m  rx-1 ThreadId(07) [2mzenoh::net::routing::dispatcher::queries[0m[2m:[0m Face{2, 40305f7b3f5b541aa0ec8ecbc8027690}:2624 Route final reply: Query not found!
[2m2026-08-24T07:44:21.922700Z[0m [33m WARN[0m net-0 ThreadId(03) [2mzenoh::net::routing::dispatcher::queries[0m[2m:[0m Face{2, 40305f7b3f5b541aa0ec8ecbc8027690}:2636 Didn't receive final reply for query Face{3, 240f29ad66ee40e520487c227ac61e9a}:2636: Timeout(10s)!
[2m2026-08-24T07:44:21.923095Z[0m [33m WARN[0m  rx-0 ThreadId(06) [2mzenoh::net::routing::dispatcher::queries[0m[2m:[0m Face{2, 40305f7b3f5b541aa0ec8ecbc8027690}:2636 Route reply: Query not found!
[2m2026-08-24T07:44:21.923123Z[0m [33m WARN[0m  rx-0 ThreadId(06) [2mzenoh::net::routing::dispatcher::queries[0m[2m:[0m Face{2, 40305f7b3f5b541aa0ec8ecbc8027690}:2636 Route final reply: Query not found!
[2m2026-08-24T07:44:39.995688Z[0m [33m WARN[0m net-0 ThreadId(03) [2mzenoh::net::routing::dispatcher::queries[0m[2m:[0m Face{2, 40305f7b3f5b541aa0ec8ecbc8027690}:2640 Didn't receive final reply for query Face{3, 240f29ad66ee40e520487c227ac61e9a}:2640: Timeout(10s)!
[2m2026-08-24T07:44:39.995713Z[0m [33m WARN[0m  rx-1 ThreadId(07) [2mzenoh::net::routing::dispatcher::queries[0m[2m:[0m Face{2, 40305f7b3f5b541aa0ec8ecbc8027690}:2640 Route reply: Query not found!
[2m2026-08-24T07:44:39.995754Z[0m [33m WARN[0m  rx-1 ThreadId(07) [2mzenoh::net::routing::dispatcher::queries[0m[2m:[0m Face{2, 40305f7b3f5b541aa0ec8ecbc8027690}:2640 Route final reply: Query not found!
[2m2026-08-24T07:44:57.945674Z[0m [33m WARN[0m net-0 ThreadId(03) [2mzenoh::net::routing::dispatcher::queries[0m[2m:[0m Face{2, 40305f7b3f5b541aa0ec8ecbc8027690}:2644 Didn't receive final reply for query Face{3, 240f29ad66ee40e520487c227ac61e9a}:2644: Timeout(10s)!
[2m2026-08-24T07:44:57.946010Z[0m [33m WARN[0m  rx-0 ThreadId(06) [2mzenoh::net::routing::dispatcher::queries[0m[2m:[0m Face{2, 40305f7b3f5b541aa0ec8ecbc8027690}:2644 Route reply: Query not found!
[2m2026-08-24T07:44:57.946031Z[0m [33m WARN[0m  rx-0 ThreadId(06) [2mzenoh::net::routing::dispatcher::queries[0m[2m:[0m Face{2, 40305f7b3f5b541aa0ec8ecbc8027690}:2644 Route final reply: Query not found!
[2m2026-08-24T07:45:33.994885Z[0m [33m WARN[0m net-0 ThreadId(03) [2mzenoh::net::routing::dispatcher::queries[0m[2m:[0m Face{2, 40305f7b3f5b541aa0ec8ecbc8027690}:2652 Route reply: Query not found!
[2m2026-08-24T07:46:09.926811Z[0m [33m WARN[0m net-0 ThreadId(03) [2mzenoh::net::routing::dispatcher::queries[0m[2m:[0m Face{2, 40305f7b3f5b541aa0ec8ecbc8027690}:2660 Didn't receive final reply for query Face{3, 240f29ad66ee40e520487c227ac61e9a}:2660: Timeout(10s)!
[2m2026-08-24T07:46:09.926815Z[0m [33m WARN[0m  rx-0 ThreadId(06) [2mzenoh::net::routing::dispatcher::queries[0m[2m:[0m Face{2, 40305f7b3f5b541aa0ec8ecbc8027690}:2660 Route reply: Query not found!
[2m2026-08-24T07:46:09.926905Z[0m [33m WARN[0m  rx-0 ThreadId(06) [2mzenoh::net::routing::dispatcher::queries[0m[2m:[0m Face{2, 40305f7b3f5b541aa0ec8ecbc8027690}:2660 Route final reply: Query not found!
[2m2026-08-24T07:46:28.018691Z[0m [33m WARN[0m net-0 ThreadId(03) [2mzenoh::net::routing::dispatcher::queries[0m[2m:[0m Face{2, 40305f7b3f5b541aa0ec8ecbc8027690}:2664 Didn't receive final reply for query Face{3, 240f29ad66ee40e520487c227ac61e9a}:2664: Timeout(10s)!
[2m2026-08-24T07:46:28.018936Z[0m [33m WARN[0m  rx-0 ThreadId(06) [2mzenoh::net::routing::dispatcher::queries[0m[2m:[0m Face{2, 40305f7b3f5b541aa0ec8ecbc8027690}:2664 Route reply: Query not found!
[2m2026-08-24T07:46:28.018961Z[0m [33m WARN[0m  rx-0 ThreadId(06) [2mzenoh::net::routing::dispatcher::queries[0m[2m:[0m Face{2, 40305f7b3f5b541aa0ec8ecbc8027690}:2664 Route final reply: Query not found!
[2m2026-08-24T07:46:45.922718Z[0m [33m WARN[0m net-0 ThreadId(03) [2mzenoh::net::routing::dispatcher::queries[0m[2m:[0m Face{2, 40305f7b3f5b541aa0ec8ecbc8027690}:2668 Didn't receive final reply for query Face{3, 240f29ad66ee40e520487c227ac61e9a}:2668: Timeout(10s)!
[2m2026-08-24T07:46:45.922926Z[0m [33m WARN[0m  rx-0 ThreadId(06) [2mzenoh::net::routing::dispatcher::queries[0m[2m:[0m Face{2, 40305f7b3f5b541aa0ec8ecbc8027690}:2668 Route reply: Query not found!
[2m2026-08-24T07:46:45.922941Z[0m [33m WARN[0m  rx-0 ThreadId(06) [2mzenoh::net::routing::dispatcher::queries[0m[2m:[0m Face{2, 40305f7b3f5b541aa0ec8ecbc8027690}:2668 Route final reply: Query not found!
[2m2026-08-24T07:47:21.936659Z[0m [33m WARN[0m net-0 ThreadId(03) [2mzenoh::net::routing::dispatcher::queries[0m[2m:[0m Face{2, 40305f7b3f5b541aa0ec8ecbc8027690}:2676 Route reply: Query not found!
[2m2026-08-24T07:47:39.995674Z[0m [33m WARN[0m net-0 ThreadId(03) [2mzenoh::net::routing::dispatcher::queries[0m[2m:[0m Face{2, 40305f7b3f5b541aa0ec8ecbc8027690}:2680 Didn't receive final reply for query Face{3, 240f29ad66ee40e520487c227ac61e9a}:2680: Timeout(10s)!
[2m2026-08-24T07:47:39.995723Z[0m [33m WARN[0m  rx-1 ThreadId(07) [2mzenoh::net::routing::dispatcher::queries[0m[2m:[0m Face{2, 40305f7b3f5b541aa0ec8ecbc8027690}:2680 Route reply: Query not found!
[2m2026-08-24T07:47:39.995750Z[0m [33m WARN[0m  rx-1 ThreadId(07) [2mzenoh::net::routing::dispatcher::queries[0m[2m:[0m Face{2, 40305f7b3f5b541aa0ec8ecbc8027690}:2680 Route final reply: Query not found!
[2m2026-08-24T07:47:57.959604Z[0m [33m WARN[0m net-0 ThreadId(03) [2mzenoh::net::routing::dispatcher::queries[0m[2m:[0m Face{2, 40305f7b3f5b541aa0ec8ecbc8027690}:2684 Didn't receive final reply for query Face{3, 240f29ad66ee40e520487c227ac61e9a}:2684: Timeout(10s)!
[2m2026-08-24T07:47:57.959725Z[0m [33m WARN[0m  rx-1 ThreadId(07) [2mzenoh::net::routing::dispatcher::queries[0m[2m:[0m Face{2, 40305f7b3f5b541aa0ec8ecbc8027690}:2684 Route reply: Query not found!
[2m2026-08-24T07:47:57.959755Z[0m [33m WARN[0m  rx-1 ThreadId(07) [2mzenoh::net::routing::dispatcher::queries[0m[2m:[0m Face{2, 40305f7b3f5b541aa0ec8ecbc8027690}:2684 Route final reply: Query not found!
[2m2026-08-24T07:48:15.947680Z[0m [33m WARN[0m net-0 ThreadId(03) [2mzenoh::net::routing::dispatcher::queries[0m[2m:[0m Face{2, 40305f7b3f5b541aa0ec8ecbc8027690}:2688 Didn't receive final reply for query Face{3, 240f29ad66ee40e520487c227ac61e9a}:2688: Timeout(10s)!
[2m2026-08-24T07:48:15.948457Z[0m [33m WARN[0m  rx-0 ThreadId(06) [2mzenoh::net::routing::dispatcher::queries[0m[2m:[0m Face{2, 40305f7b3f5b541aa0ec8ecbc8027690}:2688 Route reply: Query not found!
[2m2026-08-24T07:48:15.948480Z[0m [33m WARN[0m  rx-0 ThreadId(06) [2mzenoh::net::routing::dispatcher::queries[0m[2m:[0m Face{2, 40305f7b3f5b541aa0ec8ecbc8027690}:2688 Route final reply: Query not found!
[2m2026-08-24T07:48:51.959664Z[0m [33m WARN[0m net-0 ThreadId(03) [2mzenoh::net::routing::dispatcher::queries[0m[2m:[0m Face{2, 40305f7b3f5b541aa0ec8ecbc8027690}:2696 Didn't receive final reply for query Face{3, 240f29ad66ee40e520487c227ac61e9a}:2696: Timeout(10s)!
[2m2026-08-24T07:48:51.960487Z[0m [33m WARN[0m  rx-1 ThreadId(07) [2mzenoh::net::routing::dispatcher::queries[0m[2m:[0m Face{2, 40305f7b3f5b541aa0ec8ecbc8027690}:2696 Route reply: Query not found!
[2m2026-08-24T07:48:51.960504Z[0m [33m WARN[0m  rx-1 ThreadId(07) [2mzenoh::net::routing::dispatcher::queries[0m[2m:[0m Face{2, 40305f7b3f5b541aa0ec8ecbc8027690}:2696 Route final reply: Query not found!
[2m2026-08-24T07:49:09.934694Z[0m [33m WARN[0m net-0 ThreadId(03) [2mzenoh::net::routing::dispatcher::queries[0m[2m:[0m Face{2, 40305f7b3f5b541aa0ec8ecbc8027690}:2700 Didn't receive final reply for query Face{3, 240f29ad66ee40e520487c227ac61e9a}:2700: Timeout(10s)!
[2m2026-08-24T07:49:09.934761Z[0m [33m WARN[0m  rx-0 ThreadId(06) [2mzenoh::net::routing::dispatcher::queries[0m[2m:[0m Face{2, 40305f7b3f5b541aa0ec8ecbc8027690}:2700 Route reply: Query not found!
[2m2026-08-24T07:49:09.934783Z[0m [33m WARN[0m  rx-0 ThreadId(06) [2mzenoh::net::routing::dispatcher::queries[0m[2m:[0m Face{2, 40305f7b3f5b541aa0ec8ecbc8027690}:2700 Route final reply: Query not found!
[2m2026-08-24T07:49:27.901308Z[0m [33m WARN[0m net-0 ThreadId(03) [2mzenoh::net::routing::dispatcher::queries[0m[2m:[0m Face{2, 40305f7b3f5b541aa0ec8ecbc8027690}:2704 Didn't receive final reply for query Face{3, 240f29ad66ee40e520487c227ac61e9a}:2704: Timeout(10s)!
[2m2026-08-24T07:49:27.902665Z[0m [33m WARN[0m  rx-0 ThreadId(06) [2mzenoh::net::routing::dispatcher::queries[0m[2m:[0m Face{2, 40305f7b3f5b541aa0ec8ecbc8027690}:2704 Route reply: Query not found!
[2m2026-08-24T07:49:27.902701Z[0m [33m WARN[0m  rx-0 ThreadId(06) [2mzenoh::net::routing::dispatcher::queries[0m[2m:[0m Face{2, 40305f7b3f5b541aa0ec8ecbc8027690}:2704 Route final reply: Query not found!
[2m2026-08-24T07:49:45.964943Z[0m [33m WARN[0m net-0 ThreadId(03) [2mzenoh::net::routing::dispatcher::queries[0m[2m:[0m Face{2, 40305f7b3f5b541aa0ec8ecbc8027690}:2708 Didn't receive final reply for query Face{3, 240f29ad66ee40e520487c227ac61e9a}:2708: Timeout(10s)!
[2m2026-08-24T07:49:45.965328Z[0m [33m WARN[0m  rx-1 ThreadId(07) [2mzenoh::net::routing::dispatcher::queries[0m[2m:[0m Face{2, 40305f7b3f5b541aa0ec8ecbc8027690}:2708 Route reply: Query not found!
[2m2026-08-24T07:49:45.965372Z[0m [33m WARN[0m  rx-1 ThreadId(07) [2mzenoh::net::routing::dispatcher::queries[0m[2m:[0m Face{2, 40305f7b3f5b541aa0ec8ecbc8027690}:2708 Route final reply: Query not found!
[2m2026-08-24T07:50:03.942690Z[0m [33m WARN[0m net-0 ThreadId(03) [2mzenoh::net::routing::dispatcher::queries[0m[2m:[0m Face{2, 40305f7b3f5b541aa0ec8ecbc8027690}:2712 Didn't receive final reply for query Face{3, 240f29ad66ee40e520487c227ac61e9a}:2712: Timeout(10s)!
[2m2026-08-24T07:50:03.943957Z[0m [33m WARN[0m  rx-0 ThreadId(06) [2mzenoh::net::routing::dispatcher::queries[0m[2m:[0m Face{2, 40305f7b3f5b541aa0ec8ecbc8027690}:2712 Route reply: Query not found!
[2m2026-08-24T07:50:03.943983Z[0m [33m WARN[0m  rx-0 ThreadId(06) [2mzenoh::net::routing::dispatcher::queries[0m[2m:[0m Face{2, 40305f7b3f5b541aa0ec8ecbc8027690}:2712 Route final reply: Query not found!
[2m2026-08-24T07:50:21.912732Z[0m [33m WARN[0m net-0 ThreadId(03) [2mzenoh::net::routing::dispatcher::queries[0m[2m:[0m Face{2, 40305f7b3f5b541aa0ec8ecbc8027690}:2716 Didn't receive final reply for query Face{3, 240f29ad66ee40e520487c227ac61e9a}:2716: Timeout(10s)!
[2m2026-08-24T07:50:21.913475Z[0m [33m WARN[0m  rx-0 ThreadId(06) [2mzenoh::net::routing::dispatcher::queries[0m[2m:[0m Face{2, 40305f7b3f5b541aa0ec8ecbc8027690}:2716 Route reply: Query not found!
[2m2026-08-24T07:50:21.913503Z[0m [33m WARN[0m  rx-0 ThreadId(06) [2mzenoh::net::routing::dispatcher::queries[0m[2m:[0m Face{2, 40305f7b3f5b541aa0ec8ecbc8027690}:2716 Route final reply: Query not found!
[2m2026-08-24T07:50:39.993707Z[0m [33m WARN[0m net-0 ThreadId(03) [2mzenoh::net::routing::dispatcher::queries[0m[2m:[0m Face{2, 40305f7b3f5b541aa0ec8ecbc8027690}:2720 Didn't receive final reply for query Face{3, 240f29ad66ee40e520487c227ac61e9a}:2720: Timeout(10s)!
[2m2026-08-24T07:50:39.994401Z[0m [33m WARN[0m  rx-1 ThreadId(07) [2mzenoh::net::routing::dispatcher::queries[0m[2m:[0m Face{2, 40305f7b3f5b541aa0ec8ecbc8027690}:2720 Route reply: Query not found!
[2m2026-08-24T07:50:39.994430Z[0m [33m WARN[0m  rx-1 ThreadId(07) [2mzenoh::net::routing::dispatcher::queries[0m[2m:[0m Face{2, 40305f7b3f5b541aa0ec8ecbc8027690}:2720 Route final reply: Query not found!
[2m2026-08-24T07:50:57.958731Z[0m [33m WARN[0m  rx-0 ThreadId(06) [2mzenoh::net::routing::dispatcher::queries[0m[2m:[0m Face{2, 40305f7b3f5b541aa0ec8ecbc8027690}:2724 Route final reply: Query not found!
[2m2026-08-24T07:50:57.958731Z[0m [33m WARN[0m net-0 ThreadId(03) [2mzenoh::net::routing::dispatcher::queries[0m[2m:[0m Face{2, 40305f7b3f5b541aa0ec8ecbc8027690}:2724 Didn't receive final reply for query Face{3, 240f29ad66ee40e520487c227ac61e9a}:2724: Timeout(10s)!
[2m2026-08-24T07:51:15.908694Z[0m [33m WARN[0m net-0 ThreadId(03) [2mzenoh::net::routing::dispatcher::queries[0m[2m:[0m Face{2, 40305f7b3f5b541aa0ec8ecbc8027690}:2728 Didn't receive final reply for query Face{3, 240f29ad66ee40e520487c227ac61e9a}:2728: Timeout(10s)!
[2m2026-08-24T07:51:15.908758Z[0m [33m WARN[0m  rx-0 ThreadId(06) [2mzenoh::net::routing::dispatcher::queries[0m[2m:[0m Face{2, 40305f7b3f5b541aa0ec8ecbc8027690}:2728 Route reply: Query not found!
[2m2026-08-24T07:51:15.908791Z[0m [33m WARN[0m  rx-0 ThreadId(06) [2mzenoh::net::routing::dispatcher::queries[0m[2m:[0m Face{2, 40305f7b3f5b541aa0ec8ecbc8027690}:2728 Route final reply: Query not found!
[2m2026-08-24T07:51:33.973335Z[0m [33m WARN[0m net-0 ThreadId(03) [2mzenoh::net::routing::dispatcher::queries[0m[2m:[0m Face{2, 40305f7b3f5b541aa0ec8ecbc8027690}:2732 Route reply: Query not found!
[2m2026-08-24T07:51:51.935717Z[0m [33m WARN[0m net-0 ThreadId(03) [2mzenoh::net::routing::dispatcher::queries[0m[2m:[0m Face{2, 40305f7b3f5b541aa0ec8ecbc8027690}:2736 Didn't receive final reply for query Face{3, 240f29ad66ee40e520487c227ac61e9a}:2736: Timeout(10s)!
[2m2026-08-24T07:51:51.936301Z[0m [33m WARN[0m  rx-0 ThreadId(06) [2mzenoh::net::routing::dispatcher::queries[0m[2m:[0m Face{2, 40305f7b3f5b541aa0ec8ecbc8027690}:2736 Route reply: Query not found!
[2m2026-08-24T07:51:51.936340Z[0m [33m WARN[0m  rx-0 ThreadId(06) [2mzenoh::net::routing::dispatcher::queries[0m[2m:[0m Face{2, 40305f7b3f5b541aa0ec8ecbc8027690}:2736 Route final reply: Query not found!
[2m2026-08-24T07:52:09.993693Z[0m [33m WARN[0m net-0 ThreadId(03) [2mzenoh::net::routing::dispatcher::queries[0m[2m:[0m Face{2, 40305f7b3f5b541aa0ec8ecbc8027690}:2740 Didn't receive final reply for query Face{3, 240f29ad66ee40e520487c227ac61e9a}:2740: Timeout(10s)!
[2m2026-08-24T07:52:09.993718Z[0m [33m WARN[0m  rx-1 ThreadId(07) [2mzenoh::net::routing::dispatcher::queries[0m[2m:[0m Face{2, 40305f7b3f5b541aa0ec8ecbc8027690}:2740 Route reply: Query not found!
[2m2026-08-24T07:52:09.993749Z[0m [33m WARN[0m  rx-1 ThreadId(07) [2mzenoh::net::routing::dispatcher::queries[0m[2m:[0m Face{2, 40305f7b3f5b541aa0ec8ecbc8027690}:2740 Route final reply: Query not found!
[2m2026-08-24T07:52:45.914711Z[0m [33m WARN[0m net-0 ThreadId(03) [2mzenoh::net::routing::dispatcher::queries[0m[2m:[0m Face{2, 40305f7b3f5b541aa0ec8ecbc8027690}:2748 Didn't receive final reply for query Face{3, 240f29ad66ee40e520487c227ac61e9a}:2748: Timeout(10s)!
[2m2026-08-24T07:52:45.914890Z[0m [33m WARN[0m  rx-1 ThreadId(07) [2mzenoh::net::routing::dispatcher::queries[0m[2m:[0m Face{2, 40305f7b3f5b541aa0ec8ecbc8027690}:2748 Route reply: Query not found!
[2m2026-08-24T07:52:45.914934Z[0m [33m WARN[0m  rx-1 ThreadId(07) [2mzenoh::net::routing::dispatcher::queries[0m[2m:[0m Face{2, 40305f7b3f5b541aa0ec8ecbc8027690}:2748 Route final reply: Query not found!
[2m2026-08-24T07:53:03.996675Z[0m [33m WARN[0m net-0 ThreadId(03) [2mzenoh::net::routing::dispatcher::queries[0m[2m:[0m Face{2, 40305f7b3f5b541aa0ec8ecbc8027690}:2752 Didn't receive final reply for query Face{3, 240f29ad66ee40e520487c227ac61e9a}:2752: Timeout(10s)!
[2m2026-08-24T07:53:03.996726Z[0m [33m WARN[0m  rx-1 ThreadId(07) [2mzenoh::net::routing::dispatcher::queries[0m[2m:[0m Face{2, 40305f7b3f5b541aa0ec8ecbc8027690}:2752 Route reply: Query not found!
[2m2026-08-24T07:53:03.996773Z[0m [33m WARN[0m  rx-1 ThreadId(07) [2mzenoh::net::routing::dispatcher::queries[0m[2m:[0m Face{2, 40305f7b3f5b541aa0ec8ecbc8027690}:2752 Route final reply: Query not found!
[2m2026-08-24T07:53:21.953740Z[0m [33m WARN[0m net-0 ThreadId(03) [2mzenoh::net::routing::dispatcher::queries[0m[2m:[0m Face{2, 40305f7b3f5b541aa0ec8ecbc8027690}:2756 Didn't receive final reply for query Face{3, 240f29ad66ee40e520487c227ac61e9a}:2756: Timeout(10s)!
[2m2026-08-24T07:53:21.954171Z[0m [33m WARN[0m  rx-0 ThreadId(06) [2mzenoh::net::routing::dispatcher::queries[0m[2m:[0m Face{2, 40305f7b3f5b541aa0ec8ecbc8027690}:2756 Route reply: Query not found!
[2m2026-08-24T07:53:21.954196Z[0m [33m WARN[0m  rx-0 ThreadId(06) [2mzenoh::net::routing::dispatcher::queries[0m[2m:[0m Face{2, 40305f7b3f5b541aa0ec8ecbc8027690}:2756 Route final reply: Query not found!
[2m2026-08-24T07:53:39.940830Z[0m [33m WARN[0m net-0 ThreadId(03) [2mzenoh::net::routing::dispatcher::queries[0m[2m:[0m Face{2, 40305f7b3f5b541aa0ec8ecbc8027690}:2760 Didn't receive final reply for query Face{3, 240f29ad66ee40e520487c227ac61e9a}:2760: Timeout(10s)!
[2m2026-08-24T07:53:39.940917Z[0m [33m WARN[0m  rx-1 ThreadId(07) [2mzenoh::net::routing::dispatcher::queries[0m[2m:[0m Face{2, 40305f7b3f5b541aa0ec8ecbc8027690}:2760 Route reply: Query not found!
[2m2026-08-24T07:53:39.940928Z[0m [33m WARN[0m  rx-1 ThreadId(07) [2mzenoh::net::routing::dispatcher::queries[0m[2m:[0m Face{2, 40305f7b3f5b541aa0ec8ecbc8027690}:2760 Route final reply: Query not found!
[2m2026-08-24T07:53:57.907736Z[0m [33m WARN[0m net-0 ThreadId(03) [2mzenoh::net::routing::dispatcher::queries[0m[2m:[0m Face{2, 40305f7b3f5b541aa0ec8ecbc8027690}:2764 Route reply: Query not found!
[2m2026-08-24T07:54:15.969658Z[0m [33m WARN[0m net-0 ThreadId(03) [2mzenoh::net::routing::dispatcher::queries[0m[2m:[0m Face{2, 40305f7b3f5b541aa0ec8ecbc8027690}:2768 Didn't receive final reply for query Face{3, 240f29ad66ee40e520487c227ac61e9a}:2768: Timeout(10s)!
[2m2026-08-24T07:54:15.969758Z[0m [33m WARN[0m  rx-0 ThreadId(06) [2mzenoh::net::routing::dispatcher::queries[0m[2m:[0m Face{2, 40305f7b3f5b541aa0ec8ecbc8027690}:2768 Route reply: Query not found!
[2m2026-08-24T07:54:15.969773Z[0m [33m WARN[0m  rx-0 ThreadId(06) [2mzenoh::net::routing::dispatcher::queries[0m[2m:[0m Face{2, 40305f7b3f5b541aa0ec8ecbc8027690}:2768 Route final reply: Query not found!
[2m2026-08-24T07:54:33.933830Z[0m [33m WARN[0m net-0 ThreadId(03) [2mzenoh::net::routing::dispatcher::queries[0m[2m:[0m Face{2, 40305f7b3f5b541aa0ec8ecbc8027690}:2772 Didn't receive final reply for query Face{3, 240f29ad66ee40e520487c227ac61e9a}:2772: Timeout(10s)!
[2m2026-08-24T07:54:33.934046Z[0m [33m WARN[0m  rx-0 ThreadId(06) [2mzenoh::net::routing::dispatcher::queries[0m[2m:[0m Face{2, 40305f7b3f5b541aa0ec8ecbc8027690}:2772 Route reply: Query not found!
[2m2026-08-24T07:54:33.934074Z[0m [33m WARN[0m  rx-0 ThreadId(06) [2mzenoh::net::routing::dispatcher::queries[0m[2m:[0m Face{2, 40305f7b3f5b541aa0ec8ecbc8027690}:2772 Route final reply: Query not found!
[2m2026-08-24T07:54:51.958708Z[0m [33m WARN[0m net-0 ThreadId(03) [2mzenoh::net::routing::dispatcher::queries[0m[2m:[0m Face{2, 40305f7b3f5b541aa0ec8ecbc8027690}:2776 Didn't receive final reply for query Face{3, 240f29ad66ee40e520487c227ac61e9a}:2776: Timeout(10s)!
[2m2026-08-24T07:54:51.959071Z[0m [33m WARN[0m  rx-1 ThreadId(07) [2mzenoh::net::routing::dispatcher::queries[0m[2m:[0m Face{2, 40305f7b3f5b541aa0ec8ecbc8027690}:2776 Route reply: Query not found!
[2m2026-08-24T07:54:51.959096Z[0m [33m WARN[0m  rx-1 ThreadId(07) [2mzenoh::net::routing::dispatcher::queries[0m[2m:[0m Face{2, 40305f7b3f5b541aa0ec8ecbc8027690}:2776 Route final reply: Query not found!
[2m2026-08-24T07:55:09.917669Z[0m [33m WARN[0m net-0 ThreadId(03) [2mzenoh::net::routing::dispatcher::queries[0m[2m:[0m Face{2, 40305f7b3f5b541aa0ec8ecbc8027690}:2780 Didn't receive final reply for query Face{3, 240f29ad66ee40e520487c227ac61e9a}:2780: Timeout(10s)!
[2m2026-08-24T07:55:09.917760Z[0m [33m WARN[0m  rx-0 ThreadId(06) [2mzenoh::net::routing::dispatcher::queries[0m[2m:[0m Face{2, 40305f7b3f5b541aa0ec8ecbc8027690}:2780 Route reply: Query not found!
[2m2026-08-24T07:55:09.917779Z[0m [33m WARN[0m  rx-0 ThreadId(06) [2mzenoh::net::routing::dispatcher::queries[0m[2m:[0m Face{2, 40305f7b3f5b541aa0ec8ecbc8027690}:2780 Route final reply: Query not found!
[2m2026-08-24T07:55:27.972815Z[0m [33m WARN[0m net-0 ThreadId(03) [2mzenoh::net::routing::dispatcher::queries[0m[2m:[0m Face{2, 40305f7b3f5b541aa0ec8ecbc8027690}:2784 Route reply: Query not found!
[2m2026-08-24T07:55:45.904730Z[0m [33m WARN[0m net-0 ThreadId(03) [2mzenoh::net::routing::dispatcher::queries[0m[2m:[0m Face{2, 40305f7b3f5b541aa0ec8ecbc8027690}:2788 Didn't receive final reply for query Face{3, 240f29ad66ee40e520487c227ac61e9a}:2788: Timeout(10s)!
[2m2026-08-24T07:55:45.904954Z[0m [33m WARN[0m  rx-0 ThreadId(06) [2mzenoh::net::routing::dispatcher::queries[0m[2m:[0m Face{2, 40305f7b3f5b541aa0ec8ecbc8027690}:2788 Route reply: Query not found!
[2m2026-08-24T07:55:45.904977Z[0m [33m WARN[0m  rx-0 ThreadId(06) [2mzenoh::net::routing::dispatcher::queries[0m[2m:[0m Face{2, 40305f7b3f5b541aa0ec8ecbc8027690}:2788 Route final reply: Query not found!
[2m2026-08-24T07:56:03.898967Z[0m [33m WARN[0m net-0 ThreadId(03) [2mzenoh::net::routing::dispatcher::queries[0m[2m:[0m Face{2, 40305f7b3f5b541aa0ec8ecbc8027690}:2792 Didn't receive final reply for query Face{3, 240f29ad66ee40e520487c227ac61e9a}:2792: Timeout(10s)!
[2m2026-08-24T07:56:03.899318Z[0m [33m WARN[0m  rx-0 ThreadId(06) [2mzenoh::net::routing::dispatcher::queries[0m[2m:[0m Face{2, 40305f7b3f5b541aa0ec8ecbc8027690}:2792 Route reply: Query not found!
[2m2026-08-24T07:56:03.899353Z[0m [33m WARN[0m  rx-0 ThreadId(06) [2mzenoh::net::routing::dispatcher::queries[0m[2m:[0m Face{2, 40305f7b3f5b541aa0ec8ecbc8027690}:2792 Route final reply: Query not found!
[2m2026-08-24T07:56:21.954830Z[0m [33m WARN[0m net-0 ThreadId(03) [2mzenoh::net::routing::dispatcher::queries[0m[2m:[0m Face{2, 40305f7b3f5b541aa0ec8ecbc8027690}:2796 Didn't receive final reply for query Face{3, 240f29ad66ee40e520487c227ac61e9a}:2796: Timeout(10s)!
[2m2026-08-24T07:56:21.954983Z[0m [33m WARN[0m  rx-1 ThreadId(07) [2mzenoh::net::routing::dispatcher::queries[0m[2m:[0m Face{2, 40305f7b3f5b541aa0ec8ecbc8027690}:2796 Route reply: Query not found!
[2m2026-08-24T07:56:21.955008Z[0m [33m WARN[0m  rx-1 ThreadId(07) [2mzenoh::net::routing::dispatcher::queries[0m[2m:[0m Face{2, 40305f7b3f5b541aa0ec8ecbc8027690}:2796 Route final reply: Query not found!
[2m2026-08-24T07:56:39.917688Z[0m [33m WARN[0m net-0 ThreadId(03) [2mzenoh::net::routing::dispatcher::queries[0m[2m:[0m Face{2, 40305f7b3f5b541aa0ec8ecbc8027690}:2800 Didn't receive final reply for query Face{3, 240f29ad66ee40e520487c227ac61e9a}:2800: Timeout(10s)!
[2m2026-08-24T07:56:39.917733Z[0m [33m WARN[0m  rx-1 ThreadId(07) [2mzenoh::net::routing::dispatcher::queries[0m[2m:[0m Face{2, 40305f7b3f5b541aa0ec8ecbc8027690}:2800 Route reply: Query not found!
[2m2026-08-24T07:56:39.917767Z[0m [33m WARN[0m  rx-1 ThreadId(07) [2mzenoh::net::routing::dispatcher::queries[0m[2m:[0m Face{2, 40305f7b3f5b541aa0ec8ecbc8027690}:2800 Route final reply: Query not found!
[2m2026-08-24T07:56:57.984917Z[0m [33m WARN[0m net-0 ThreadId(03) [2mzenoh::net::routing::dispatcher::queries[0m[2m:[0m Face{2, 40305f7b3f5b541aa0ec8ecbc8027690}:2804 Didn't receive final reply for query Face{3, 240f29ad66ee40e520487c227ac61e9a}:2804: Timeout(10s)!
[2m2026-08-24T07:56:57.985825Z[0m [33m WARN[0m  rx-0 ThreadId(06) [2mzenoh::net::routing::dispatcher::queries[0m[2m:[0m Face{2, 40305f7b3f5b541aa0ec8ecbc8027690}:2804 Route reply: Query not found!
[2m2026-08-24T07:56:57.985857Z[0m [33m WARN[0m  rx-0 ThreadId(06) [2mzenoh::net::routing::dispatcher::queries[0m[2m:[0m Face{2, 40305f7b3f5b541aa0ec8ecbc8027690}:2804 Route final reply: Query not found!
[2m2026-08-24T07:57:15.956676Z[0m [33m WARN[0m net-0 ThreadId(03) [2mzenoh::net::routing::dispatcher::queries[0m[2m:[0m Face{2, 40305f7b3f5b541aa0ec8ecbc8027690}:2808 Didn't receive final reply for query Face{3, 240f29ad66ee40e520487c227ac61e9a}:2808: Timeout(10s)!
[2m2026-08-24T07:57:15.957321Z[0m [33m WARN[0m  rx-1 ThreadId(07) [2mzenoh::net::routing::dispatcher::queries[0m[2m:[0m Face{2, 40305f7b3f5b541aa0ec8ecbc8027690}:2808 Route reply: Query not found!
[2m2026-08-24T07:57:15.957341Z[0m [33m WARN[0m  rx-1 ThreadId(07) [2mzenoh::net::routing::dispatcher::queries[0m[2m:[0m Face{2, 40305f7b3f5b541aa0ec8ecbc8027690}:2808 Route final reply: Query not found!
[2m2026-08-24T07:57:33.927683Z[0m [33m WARN[0m net-0 ThreadId(03) [2mzenoh::net::routing::dispatcher::queries[0m[2m:[0m Face{2, 40305f7b3f5b541aa0ec8ecbc8027690}:2812 Didn't receive final reply for query Face{3, 240f29ad66ee40e520487c227ac61e9a}:2812: Timeout(10s)!
[2m2026-08-24T07:57:33.927748Z[0m [33m WARN[0m  rx-0 ThreadId(06) [2mzenoh::net::routing::dispatcher::queries[0m[2m:[0m Face{2, 40305f7b3f5b541aa0ec8ecbc8027690}:2812 Route reply: Query not found!
[2m2026-08-24T07:57:33.927781Z[0m [33m WARN[0m  rx-0 ThreadId(06) [2mzenoh::net::routing::dispatcher::queries[0m[2m:[0m Face{2, 40305f7b3f5b541aa0ec8ecbc8027690}:2812 Route final reply: Query not found!
[2m2026-08-24T07:57:51.985689Z[0m [33m WARN[0m net-0 ThreadId(03) [2mzenoh::net::routing::dispatcher::queries[0m[2m:[0m Face{2, 40305f7b3f5b541aa0ec8ecbc8027690}:2816 Didn't receive final reply for query Face{3, 240f29ad66ee40e520487c227ac61e9a}:2816: Timeout(10s)!
[2m2026-08-24T07:57:51.985859Z[0m [33m WARN[0m  rx-1 ThreadId(07) [2mzenoh::net::routing::dispatcher::queries[0m[2m:[0m Face{2, 40305f7b3f5b541aa0ec8ecbc8027690}:2816 Route reply: Query not found!
[2m2026-08-24T07:57:51.985880Z[0m [33m WARN[0m  rx-1 ThreadId(07) [2mzenoh::net::routing::dispatcher::queries[0m[2m:[0m Face{2, 40305f7b3f5b541aa0ec8ecbc8027690}:2816 Route final reply: Query not found!
[2m2026-08-24T07:58:09.943920Z[0m [33m WARN[0m  rx-1 ThreadId(07) [2mzenoh::net::routing::dispatcher::queries[0m[2m:[0m Face{2, 40305f7b3f5b541aa0ec8ecbc8027690}:2820 Route reply: Query not found!
[2m2026-08-24T07:58:09.943964Z[0m [33m WARN[0m  rx-1 ThreadId(07) [2mzenoh::net::routing::dispatcher::queries[0m[2m:[0m Face{2, 40305f7b3f5b541aa0ec8ecbc8027690}:2820 Route final reply: Query not found!
[2m2026-08-24T07:58:09.943913Z[0m [33m WARN[0m net-0 ThreadId(03) [2mzenoh::net::routing::dispatcher::queries[0m[2m:[0m Face{2, 40305f7b3f5b541aa0ec8ecbc8027690}:2820 Didn't receive final reply for query Face{3, 240f29ad66ee40e520487c227ac61e9a}:2820: Timeout(10s)!
[2m2026-08-24T07:58:27.912348Z[0m [33m WARN[0m net-0 ThreadId(03) [2mzenoh::net::routing::dispatcher::queries[0m[2m:[0m Face{2, 40305f7b3f5b541aa0ec8ecbc8027690}:2824 Didn't receive final reply for query Face{3, 240f29ad66ee40e520487c227ac61e9a}:2824: Timeout(10s)!
[2m2026-08-24T07:58:27.913230Z[0m [33m WARN[0m  rx-1 ThreadId(07) [2mzenoh::net::routing::dispatcher::queries[0m[2m:[0m Face{2, 40305f7b3f5b541aa0ec8ecbc8027690}:2824 Route reply: Query not found!
[2m2026-08-24T07:58:27.913268Z[0m [33m WARN[0m  rx-1 ThreadId(07) [2mzenoh::net::routing::dispatcher::queries[0m[2m:[0m Face{2, 40305f7b3f5b541aa0ec8ecbc8027690}:2824 Route final reply: Query not found!
[2m2026-08-24T07:58:45.980675Z[0m [33m WARN[0m net-0 ThreadId(03) [2mzenoh::net::routing::dispatcher::queries[0m[2m:[0m Face{2, 40305f7b3f5b541aa0ec8ecbc8027690}:2828 Didn't receive final reply for query Face{3, 240f29ad66ee40e520487c227ac61e9a}:2828: Timeout(10s)!
[2m2026-08-24T07:58:45.981575Z[0m [33m WARN[0m  rx-0 ThreadId(06) [2mzenoh::net::routing::dispatcher::queries[0m[2m:[0m Face{2, 40305f7b3f5b541aa0ec8ecbc8027690}:2828 Route reply: Query not found!
[2m2026-08-24T07:58:45.981600Z[0m [33m WARN[0m  rx-0 ThreadId(06) [2mzenoh::net::routing::dispatcher::queries[0m[2m:[0m Face{2, 40305f7b3f5b541aa0ec8ecbc8027690}:2828 Route final reply: Query not found!
[2m2026-08-24T07:59:03.947668Z[0m [33m WARN[0m net-0 ThreadId(03) [2mzenoh::net::routing::dispatcher::queries[0m[2m:[0m Face{2, 40305f7b3f5b541aa0ec8ecbc8027690}:2832 Didn't receive final reply for query Face{3, 240f29ad66ee40e520487c227ac61e9a}:2832: Timeout(10s)!
[2m2026-08-24T07:59:03.947736Z[0m [33m WARN[0m  rx-1 ThreadId(07) [2mzenoh::net::routing::dispatcher::queries[0m[2m:[0m Face{2, 40305f7b3f5b541aa0ec8ecbc8027690}:2832 Route reply: Query not found!
[2m2026-08-24T07:59:03.947758Z[0m [33m WARN[0m  rx-1 ThreadId(07) [2mzenoh::net::routing::dispatcher::queries[0m[2m:[0m Face{2, 40305f7b3f5b541aa0ec8ecbc8027690}:2832 Route final reply: Query not found!
[2m2026-08-24T07:59:39.909672Z[0m [33m WARN[0m net-0 ThreadId(03) [2mzenoh::net::routing::dispatcher::queries[0m[2m:[0m Face{2, 40305f7b3f5b541aa0ec8ecbc8027690}:2840 Didn't receive final reply for query Face{3, 240f29ad66ee40e520487c227ac61e9a}:2840: Timeout(10s)!
[2m2026-08-24T07:59:39.909754Z[0m [33m WARN[0m  rx-0 ThreadId(06) [2mzenoh::net::routing::dispatcher::queries[0m[2m:[0m Face{2, 40305f7b3f5b541aa0ec8ecbc8027690}:2840 Route reply: Query not found!
[2m2026-08-24T07:59:39.909773Z[0m [33m WARN[0m  rx-0 ThreadId(06) [2mzenoh::net::routing::dispatcher::queries[0m[2m:[0m Face{2, 40305f7b3f5b541aa0ec8ecbc8027690}:2840 Route final reply: Query not found!
[2m2026-08-24T07:59:57.972749Z[0m [33m WARN[0m  rx-0 ThreadId(06) [2mzenoh::net::routing::dispatcher::queries[0m[2m:[0m Face{2, 40305f7b3f5b541aa0ec8ecbc8027690}:2844 Route final reply: Query not found!
[2m2026-08-24T07:59:57.972745Z[0m [33m WARN[0m net-0 ThreadId(03) [2mzenoh::net::routing::dispatcher::queries[0m[2m:[0m Face{2, 40305f7b3f5b541aa0ec8ecbc8027690}:2844 Didn't receive final reply for query Face{3, 240f29ad66ee40e520487c227ac61e9a}:2844: Timeout(10s)!
[2m2026-08-24T08:00:15.949715Z[0m [33m WARN[0m net-0 ThreadId(03) [2mzenoh::net::routing::dispatcher::queries[0m[2m:[0m Face{2, 40305f7b3f5b541aa0ec8ecbc8027690}:2848 Didn't receive final reply for query Face{3, 240f29ad66ee40e520487c227ac61e9a}:2848: Timeout(10s)!
[2m2026-08-24T08:00:15.950490Z[0m [33m WARN[0m  rx-0 ThreadId(06) [2mzenoh::net::routing::dispatcher::queries[0m[2m:[0m Face{2, 40305f7b3f5b541aa0ec8ecbc8027690}:2848 Route reply: Query not found!
[2m2026-08-24T08:00:15.950517Z[0m [33m WARN[0m  rx-0 ThreadId(06) [2mzenoh::net::routing::dispatcher::queries[0m[2m:[0m Face{2, 40305f7b3f5b541aa0ec8ecbc8027690}:2848 Route final reply: Query not found!
[2m2026-08-24T08:00:33.938785Z[0m [33m WARN[0m net-0 ThreadId(03) [2mzenoh::net::routing::dispatcher::queries[0m[2m:[0m Face{2, 40305f7b3f5b541aa0ec8ecbc8027690}:2852 Didn't receive final reply for query Face{3, 240f29ad66ee40e520487c227ac61e9a}:2852: Timeout(10s)!
[2m2026-08-24T08:00:33.939456Z[0m [33m WARN[0m  rx-1 ThreadId(07) [2mzenoh::net::routing::dispatcher::queries[0m[2m:[0m Face{2, 40305f7b3f5b541aa0ec8ecbc8027690}:2852 Route reply: Query not found!
[2m2026-08-24T08:00:33.939493Z[0m [33m WARN[0m  rx-1 ThreadId(07) [2mzenoh::net::routing::dispatcher::queries[0m[2m:[0m Face{2, 40305f7b3f5b541aa0ec8ecbc8027690}:2852 Route final reply: Query not found!
[2m2026-08-24T08:00:51.909769Z[0m [33m WARN[0m net-0 ThreadId(03) [2mzenoh::net::routing::dispatcher::queries[0m[2m:[0m Face{2, 40305f7b3f5b541aa0ec8ecbc8027690}:2856 Didn't receive final reply for query Face{3, 240f29ad66ee40e520487c227ac61e9a}:2856: Timeout(10s)!
[2m2026-08-24T08:00:51.910317Z[0m [33m WARN[0m  rx-1 ThreadId(07) [2mzenoh::net::routing::dispatcher::queries[0m[2m:[0m Face{2, 40305f7b3f5b541aa0ec8ecbc8027690}:2856 Route reply: Query not found!
[2m2026-08-24T08:00:51.910346Z[0m [33m WARN[0m  rx-1 ThreadId(07) [2mzenoh::net::routing::dispatcher::queries[0m[2m:[0m Face{2, 40305f7b3f5b541aa0ec8ecbc8027690}:2856 Route final reply: Query not found!
[2m2026-08-24T08:01:09.959675Z[0m [33m WARN[0m net-0 ThreadId(03) [2mzenoh::net::routing::dispatcher::queries[0m[2m:[0m Face{2, 40305f7b3f5b541aa0ec8ecbc8027690}:2860 Didn't receive final reply for query Face{3, 240f29ad66ee40e520487c227ac61e9a}:2860: Timeout(10s)!
[2m2026-08-24T08:01:09.959791Z[0m [33m WARN[0m  rx-0 ThreadId(06) [2mzenoh::net::routing::dispatcher::queries[0m[2m:[0m Face{2, 40305f7b3f5b541aa0ec8ecbc8027690}:2860 Route reply: Query not found!
[2m2026-08-24T08:01:09.959822Z[0m [33m WARN[0m  rx-0 ThreadId(06) [2mzenoh::net::routing::dispatcher::queries[0m[2m:[0m Face{2, 40305f7b3f5b541aa0ec8ecbc8027690}:2860 Route final reply: Query not found!
[2m2026-08-24T08:01:27.908683Z[0m [33m WARN[0m net-0 ThreadId(03) [2mzenoh::net::routing::dispatcher::queries[0m[2m:[0m Face{2, 40305f7b3f5b541aa0ec8ecbc8027690}:2864 Didn't receive final reply for query Face{3, 240f29ad66ee40e520487c227ac61e9a}:2864: Timeout(10s)!
[2m2026-08-24T08:01:27.908762Z[0m [33m WARN[0m  rx-1 ThreadId(07) [2mzenoh::net::routing::dispatcher::queries[0m[2m:[0m Face{2, 40305f7b3f5b541aa0ec8ecbc8027690}:2864 Route reply: Query not found!
[2m2026-08-24T08:01:27.908786Z[0m [33m WARN[0m  rx-1 ThreadId(07) [2mzenoh::net::routing::dispatcher::queries[0m[2m:[0m Face{2, 40305f7b3f5b541aa0ec8ecbc8027690}:2864 Route final reply: Query not found!
[2m2026-08-24T08:01:45.982672Z[0m [33m WARN[0m net-0 ThreadId(03) [2mzenoh::net::routing::dispatcher::queries[0m[2m:[0m Face{2, 40305f7b3f5b541aa0ec8ecbc8027690}:2868 Didn't receive final reply for query Face{3, 240f29ad66ee40e520487c227ac61e9a}:2868: Timeout(10s)!
[2m2026-08-24T08:01:45.983402Z[0m [33m WARN[0m  rx-1 ThreadId(07) [2mzenoh::net::routing::dispatcher::queries[0m[2m:[0m Face{2, 40305f7b3f5b541aa0ec8ecbc8027690}:2868 Route reply: Query not found!
[2m2026-08-24T08:01:45.983434Z[0m [33m WARN[0m  rx-1 ThreadId(07) [2mzenoh::net::routing::dispatcher::queries[0m[2m:[0m Face{2, 40305f7b3f5b541aa0ec8ecbc8027690}:2868 Route final reply: Query not found!
[2m2026-08-24T08:02:03.905704Z[0m [33m WARN[0m net-0 ThreadId(03) [2mzenoh::net::routing::dispatcher::queries[0m[2m:[0m Face{2, 40305f7b3f5b541aa0ec8ecbc8027690}:2872 Didn't receive final reply for query Face{3, 240f29ad66ee40e520487c227ac61e9a}:2872: Timeout(10s)!
[2m2026-08-24T08:02:03.905793Z[0m [33m WARN[0m  rx-0 ThreadId(06) [2mzenoh::net::routing::dispatcher::queries[0m[2m:[0m Face{2, 40305f7b3f5b541aa0ec8ecbc8027690}:2872 Route reply: Query not found!
[2m2026-08-24T08:02:03.905834Z[0m [33m WARN[0m  rx-0 ThreadId(06) [2mzenoh::net::routing::dispatcher::queries[0m[2m:[0m Face{2, 40305f7b3f5b541aa0ec8ecbc8027690}:2872 Route final reply: Query not found!
[2m2026-08-24T08:02:21.979760Z[0m [33m WARN[0m net-0 ThreadId(03) [2mzenoh::net::routing::dispatcher::queries[0m[2m:[0m Face{2, 40305f7b3f5b541aa0ec8ecbc8027690}:2876 Route reply: Query not found!
[2m2026-08-24T08:02:39.957642Z[0m [33m WARN[0m net-0 ThreadId(03) [2mzenoh::net::routing::dispatcher::queries[0m[2m:[0m Face{2, 40305f7b3f5b541aa0ec8ecbc8027690}:2880 Didn't receive final reply for query Face{3, 240f29ad66ee40e520487c227ac61e9a}:2880: Timeout(10s)!
[2m2026-08-24T08:02:39.957708Z[0m [33m WARN[0m  rx-1 ThreadId(07) [2mzenoh::net::routing::dispatcher::queries[0m[2m:[0m Face{2, 40305f7b3f5b541aa0ec8ecbc8027690}:2880 Route reply: Query not found!
[2m2026-08-24T08:02:39.957725Z[0m [33m WARN[0m  rx-1 ThreadId(07) [2mzenoh::net::routing::dispatcher::queries[0m[2m:[0m Face{2, 40305f7b3f5b541aa0ec8ecbc8027690}:2880 Route final reply: Query not found!
[2m2026-08-24T08:02:57.937663Z[0m [33m WARN[0m net-0 ThreadId(03) [2mzenoh::net::routing::dispatcher::queries[0m[2m:[0m Face{2, 40305f7b3f5b541aa0ec8ecbc8027690}:2884 Didn't receive final reply for query Face{3, 240f29ad66ee40e520487c227ac61e9a}:2884: Timeout(10s)!
[2m2026-08-24T08:02:57.937706Z[0m [33m WARN[0m  rx-1 ThreadId(07) [2mzenoh::net::routing::dispatcher::queries[0m[2m:[0m Face{2, 40305f7b3f5b541aa0ec8ecbc8027690}:2884 Route reply: Query not found!
[2m2026-08-24T08:02:57.937731Z[0m [33m WARN[0m  rx-1 ThreadId(07) [2mzenoh::net::routing::dispatcher::queries[0m[2m:[0m Face{2, 40305f7b3f5b541aa0ec8ecbc8027690}:2884 Route final reply: Query not found!
[2m2026-08-24T08:03:15.900691Z[0m [33m WARN[0m net-0 ThreadId(03) [2mzenoh::net::routing::dispatcher::queries[0m[2m:[0m Face{2, 40305f7b3f5b541aa0ec8ecbc8027690}:2888 Didn't receive final reply for query Face{3, 240f29ad66ee40e520487c227ac61e9a}:2888: Timeout(10s)!
[2m2026-08-24T08:03:15.901203Z[0m [33m WARN[0m  rx-0 ThreadId(06) [2mzenoh::net::routing::dispatcher::queries[0m[2m:[0m Face{2, 40305f7b3f5b541aa0ec8ecbc8027690}:2888 Route reply: Query not found!
[2m2026-08-24T08:03:15.901232Z[0m [33m WARN[0m  rx-0 ThreadId(06) [2mzenoh::net::routing::dispatcher::queries[0m[2m:[0m Face{2, 40305f7b3f5b541aa0ec8ecbc8027690}:2888 Route final reply: Query not found!
[2m2026-08-24T08:03:33.964689Z[0m [33m WARN[0m net-0 ThreadId(03) [2mzenoh::net::routing::dispatcher::queries[0m[2m:[0m Face{2, 40305f7b3f5b541aa0ec8ecbc8027690}:2892 Didn't receive final reply for query Face{3, 240f29ad66ee40e520487c227ac61e9a}:2892: Timeout(10s)!
[2m2026-08-24T08:03:33.964740Z[0m [33m WARN[0m  rx-1 ThreadId(07) [2mzenoh::net::routing::dispatcher::queries[0m[2m:[0m Face{2, 40305f7b3f5b541aa0ec8ecbc8027690}:2892 Route reply: Query not found!
[2m2026-08-24T08:03:33.964885Z[0m [33m WARN[0m  rx-0 ThreadId(06) [2mzenoh::net::routing::dispatcher::queries[0m[2m:[0m Face{2, 40305f7b3f5b541aa0ec8ecbc8027690}:2892 Route final reply: Query not found!
[2m2026-08-24T08:03:51.963774Z[0m [33m WARN[0m net-0 ThreadId(03) [2mzenoh::net::routing::dispatcher::queries[0m[2m:[0m Face{2, 40305f7b3f5b541aa0ec8ecbc8027690}:2896 Route reply: Query not found!
[2m2026-08-24T08:04:09.926816Z[0m [33m WARN[0m net-0 ThreadId(03) [2mzenoh::net::routing::dispatcher::queries[0m[2m:[0m Face{2, 40305f7b3f5b541aa0ec8ecbc8027690}:2900 Didn't receive final reply for query Face{3, 240f29ad66ee40e520487c227ac61e9a}:2900: Timeout(10s)!
[2m2026-08-24T08:04:09.927063Z[0m [33m WARN[0m  rx-1 ThreadId(07) [2mzenoh::net::routing::dispatcher::queries[0m[2m:[0m Face{2, 40305f7b3f5b541aa0ec8ecbc8027690}:2900 Route reply: Query not found!
[2m2026-08-24T08:04:09.927087Z[0m [33m WARN[0m  rx-1 ThreadId(07) [2mzenoh::net::routing::dispatcher::queries[0m[2m:[0m Face{2, 40305f7b3f5b541aa0ec8ecbc8027690}:2900 Route final reply: Query not found!
[2m2026-08-24T08:04:27.902681Z[0m [33m WARN[0m net-0 ThreadId(03) [2mzenoh::net::routing::dispatcher::queries[0m[2m:[0m Face{2, 40305f7b3f5b541aa0ec8ecbc8027690}:2904 Didn't receive final reply for query Face{3, 240f29ad66ee40e520487c227ac61e9a}:2904: Timeout(10s)!
[2m2026-08-24T08:04:27.902748Z[0m [33m WARN[0m  rx-0 ThreadId(06) [2mzenoh::net::routing::dispatcher::queries[0m[2m:[0m Face{2, 40305f7b3f5b541aa0ec8ecbc8027690}:2904 Route reply: Query not found!
[2m2026-08-24T08:04:27.902770Z[0m [33m WARN[0m  rx-0 ThreadId(06) [2mzenoh::net::routing::dispatcher::queries[0m[2m:[0m Face{2, 40305f7b3f5b541aa0ec8ecbc8027690}:2904 Route final reply: Query not found!
[2m2026-08-24T08:04:45.964693Z[0m [33m WARN[0m net-0 ThreadId(03) [2mzenoh::net::routing::dispatcher::queries[0m[2m:[0m Face{2, 40305f7b3f5b541aa0ec8ecbc8027690}:2908 Didn't receive final reply for query Face{3, 240f29ad66ee40e520487c227ac61e9a}:2908: Timeout(10s)!
[2m2026-08-24T08:04:45.965149Z[0m [33m WARN[0m  rx-0 ThreadId(06) [2mzenoh::net::routing::dispatcher::queries[0m[2m:[0m Face{2, 40305f7b3f5b541aa0ec8ecbc8027690}:2908 Route reply: Query not found!
[2m2026-08-24T08:04:45.965173Z[0m [33m WARN[0m  rx-0 ThreadId(06) [2mzenoh::net::routing::dispatcher::queries[0m[2m:[0m Face{2, 40305f7b3f5b541aa0ec8ecbc8027690}:2908 Route final reply: Query not found!
[2m2026-08-24T08:05:03.932693Z[0m [33m WARN[0m net-0 ThreadId(03) [2mzenoh::net::routing::dispatcher::queries[0m[2m:[0m Face{2, 40305f7b3f5b541aa0ec8ecbc8027690}:2912 Didn't receive final reply for query Face{3, 240f29ad66ee40e520487c227ac61e9a}:2912: Timeout(10s)!
[2m2026-08-24T08:05:03.932722Z[0m [33m WARN[0m  rx-0 ThreadId(06) [2mzenoh::net::routing::dispatcher::queries[0m[2m:[0m Face{2, 40305f7b3f5b541aa0ec8ecbc8027690}:2912 Route reply: Query not found!
[2m2026-08-24T08:05:03.932763Z[0m [33m WARN[0m  rx-0 ThreadId(06) [2mzenoh::net::routing::dispatcher::queries[0m[2m:[0m Face{2, 40305f7b3f5b541aa0ec8ecbc8027690}:2912 Route final reply: Query not found!
[2m2026-08-24T08:05:39.953662Z[0m [33m WARN[0m net-0 ThreadId(03) [2mzenoh::net::routing::dispatcher::queries[0m[2m:[0m Face{2, 40305f7b3f5b541aa0ec8ecbc8027690}:2920 Didn't receive final reply for query Face{3, 240f29ad66ee40e520487c227ac61e9a}:2920: Timeout(10s)!
[2m2026-08-24T08:05:39.953711Z[0m [33m WARN[0m  rx-0 ThreadId(06) [2mzenoh::net::routing::dispatcher::queries[0m[2m:[0m Face{2, 40305f7b3f5b541aa0ec8ecbc8027690}:2920 Route reply: Query not found!
[2m2026-08-24T08:05:39.953743Z[0m [33m WARN[0m  rx-0 ThreadId(06) [2mzenoh::net::routing::dispatcher::queries[0m[2m:[0m Face{2, 40305f7b3f5b541aa0ec8ecbc8027690}:2920 Route final reply: Query not found!
[2m2026-08-24T08:05:57.922686Z[0m [33m WARN[0m net-0 ThreadId(03) [2mzenoh::net::routing::dispatcher::queries[0m[2m:[0m Face{2, 40305f7b3f5b541aa0ec8ecbc8027690}:2924 Didn't receive final reply for query Face{3, 240f29ad66ee40e520487c227ac61e9a}:2924: Timeout(10s)!
[2m2026-08-24T08:05:57.922698Z[0m [33m WARN[0m  rx-1 ThreadId(07) [2mzenoh::net::routing::dispatcher::queries[0m[2m:[0m Face{2, 40305f7b3f5b541aa0ec8ecbc8027690}:2924 Route reply: Query not found!
[2m2026-08-24T08:05:57.922738Z[0m [33m WARN[0m  rx-1 ThreadId(07) [2mzenoh::net::routing::dispatcher::queries[0m[2m:[0m Face{2, 40305f7b3f5b541aa0ec8ecbc8027690}:2924 Route final reply: Query not found!
[2m2026-08-24T08:06:15.992702Z[0m [33m WARN[0m net-0 ThreadId(03) [2mzenoh::net::routing::dispatcher::queries[0m[2m:[0m Face{2, 40305f7b3f5b541aa0ec8ecbc8027690}:2928 Didn't receive final reply for query Face{3, 240f29ad66ee40e520487c227ac61e9a}:2928: Timeout(10s)!
[2m2026-08-24T08:06:15.993050Z[0m [33m WARN[0m  rx-1 ThreadId(07) [2mzenoh::net::routing::dispatcher::queries[0m[2m:[0m Face{2, 40305f7b3f5b541aa0ec8ecbc8027690}:2928 Route reply: Query not found!
[2m2026-08-24T08:06:15.993069Z[0m [33m WARN[0m  rx-1 ThreadId(07) [2mzenoh::net::routing::dispatcher::queries[0m[2m:[0m Face{2, 40305f7b3f5b541aa0ec8ecbc8027690}:2928 Route final reply: Query not found!
[2m2026-08-24T08:06:33.948657Z[0m [33m WARN[0m net-0 ThreadId(03) [2mzenoh::net::routing::dispatcher::queries[0m[2m:[0m Face{2, 40305f7b3f5b541aa0ec8ecbc8027690}:2932 Didn't receive final reply for query Face{3, 240f29ad66ee40e520487c227ac61e9a}:2932: Timeout(10s)!
[2m2026-08-24T08:06:33.948724Z[0m [33m WARN[0m  rx-1 ThreadId(07) [2mzenoh::net::routing::dispatcher::queries[0m[2m:[0m Face{2, 40305f7b3f5b541aa0ec8ecbc8027690}:2932 Route reply: Query not found!
[2m2026-08-24T08:06:33.948750Z[0m [33m WARN[0m  rx-1 ThreadId(07) [2mzenoh::net::routing::dispatcher::queries[0m[2m:[0m Face{2, 40305f7b3f5b541aa0ec8ecbc8027690}:2932 Route final reply: Query not found!
[2m2026-08-24T08:06:51.910912Z[0m [33m WARN[0m net-0 ThreadId(03) [2mzenoh::net::routing::dispatcher::queries[0m[2m:[0m Face{2, 40305f7b3f5b541aa0ec8ecbc8027690}:2936 Route reply: Query not found!
[2m2026-08-24T08:07:09.979728Z[0m [33m WARN[0m net-0 ThreadId(03) [2mzenoh::net::routing::dispatcher::queries[0m[2m:[0m Face{2, 40305f7b3f5b541aa0ec8ecbc8027690}:2940 Didn't receive final reply for query Face{3, 240f29ad66ee40e520487c227ac61e9a}:2940: Timeout(10s)!
[2m2026-08-24T08:07:09.979820Z[0m [33m WARN[0m  rx-0 ThreadId(06) [2mzenoh::net::routing::dispatcher::queries[0m[2m:[0m Face{2, 40305f7b3f5b541aa0ec8ecbc8027690}:2940 Route reply: Query not found!
[2m2026-08-24T08:07:09.979847Z[0m [33m WARN[0m  rx-0 ThreadId(06) [2mzenoh::net::routing::dispatcher::queries[0m[2m:[0m Face{2, 40305f7b3f5b541aa0ec8ecbc8027690}:2940 Route final reply: Query not found!
[2m2026-08-24T08:07:27.947691Z[0m [33m WARN[0m net-0 ThreadId(03) [2mzenoh::net::routing::dispatcher::queries[0m[2m:[0m Face{2, 40305f7b3f5b541aa0ec8ecbc8027690}:2944 Didn't receive final reply for query Face{3, 240f29ad66ee40e520487c227ac61e9a}:2944: Timeout(10s)!
[2m2026-08-24T08:07:27.947794Z[0m [33m WARN[0m  rx-1 ThreadId(07) [2mzenoh::net::routing::dispatcher::queries[0m[2m:[0m Face{2, 40305f7b3f5b541aa0ec8ecbc8027690}:2944 Route reply: Query not found!
[2m2026-08-24T08:07:27.947807Z[0m [33m WARN[0m  rx-1 ThreadId(07) [2mzenoh::net::routing::dispatcher::queries[0m[2m:[0m Face{2, 40305f7b3f5b541aa0ec8ecbc8027690}:2944 Route final reply: Query not found!
[2m2026-08-24T08:07:45.910730Z[0m [33m WARN[0m net-0 ThreadId(03) [2mzenoh::net::routing::dispatcher::queries[0m[2m:[0m Face{2, 40305f7b3f5b541aa0ec8ecbc8027690}:2948 Didn't receive final reply for query Face{3, 240f29ad66ee40e520487c227ac61e9a}:2948: Timeout(10s)!
[2m2026-08-24T08:07:45.911525Z[0m [33m WARN[0m  rx-0 ThreadId(06) [2mzenoh::net::routing::dispatcher::queries[0m[2m:[0m Face{2, 40305f7b3f5b541aa0ec8ecbc8027690}:2948 Route reply: Query not found!
[2m2026-08-24T08:07:45.911591Z[0m [33m WARN[0m  rx-0 ThreadId(06) [2mzenoh::net::routing::dispatcher::queries[0m[2m:[0m Face{2, 40305f7b3f5b541aa0ec8ecbc8027690}:2948 Route final reply: Query not found!
[2m2026-08-24T08:08:03.992699Z[0m [33m WARN[0m net-0 ThreadId(03) [2mzenoh::net::routing::dispatcher::queries[0m[2m:[0m Face{2, 40305f7b3f5b541aa0ec8ecbc8027690}:2952 Didn't receive final reply for query Face{3, 240f29ad66ee40e520487c227ac61e9a}:2952: Timeout(10s)!
[2m2026-08-24T08:08:03.993089Z[0m [33m WARN[0m  rx-0 ThreadId(06) [2mzenoh::net::routing::dispatcher::queries[0m[2m:[0m Face{2, 40305f7b3f5b541aa0ec8ecbc8027690}:2952 Route reply: Query not found!
[2m2026-08-24T08:08:03.993115Z[0m [33m WARN[0m  rx-0 ThreadId(06) [2mzenoh::net::routing::dispatcher::queries[0m[2m:[0m Face{2, 40305f7b3f5b541aa0ec8ecbc8027690}:2952 Route final reply: Query not found!
[2m2026-08-24T08:08:21.961888Z[0m [33m WARN[0m net-0 ThreadId(03) [2mzenoh::net::routing::dispatcher::queries[0m[2m:[0m Face{2, 40305f7b3f5b541aa0ec8ecbc8027690}:2956 Didn't receive final reply for query Face{3, 240f29ad66ee40e520487c227ac61e9a}:2956: Timeout(10s)!
[2m2026-08-24T08:08:21.962113Z[0m [33m WARN[0m  rx-1 ThreadId(07) [2mzenoh::net::routing::dispatcher::queries[0m[2m:[0m Face{2, 40305f7b3f5b541aa0ec8ecbc8027690}:2956 Route final reply: Query not found!
[2m2026-08-24T08:08:39.912691Z[0m [33m WARN[0m net-0 ThreadId(03) [2mzenoh::net::routing::dispatcher::queries[0m[2m:[0m Face{2, 40305f7b3f5b541aa0ec8ecbc8027690}:2960 Didn't receive final reply for query Face{3, 240f29ad66ee40e520487c227ac61e9a}:2960: Timeout(10s)!
[2m2026-08-24T08:08:39.913536Z[0m [33m WARN[0m  rx-1 ThreadId(07) [2mzenoh::net::routing::dispatcher::queries[0m[2m:[0m Face{2, 40305f7b3f5b541aa0ec8ecbc8027690}:2960 Route reply: Query not found!
[2m2026-08-24T08:08:39.913560Z[0m [33m WARN[0m  rx-1 ThreadId(07) [2mzenoh::net::routing::dispatcher::queries[0m[2m:[0m Face{2, 40305f7b3f5b541aa0ec8ecbc8027690}:2960 Route final reply: Query not found!
[2m2026-08-24T08:08:57.894691Z[0m [33m WARN[0m net-0 ThreadId(03) [2mzenoh::net::routing::dispatcher::queries[0m[2m:[0m Face{2, 40305f7b3f5b541aa0ec8ecbc8027690}:2964 Didn't receive final reply for query Face{3, 240f29ad66ee40e520487c227ac61e9a}:2964: Timeout(10s)!
[2m2026-08-24T08:08:57.894728Z[0m [33m WARN[0m  rx-1 ThreadId(07) [2mzenoh::net::routing::dispatcher::queries[0m[2m:[0m Face{2, 40305f7b3f5b541aa0ec8ecbc8027690}:2964 Route reply: Query not found!
[2m2026-08-24T08:08:57.894757Z[0m [33m WARN[0m  rx-1 ThreadId(07) [2mzenoh::net::routing::dispatcher::queries[0m[2m:[0m Face{2, 40305f7b3f5b541aa0ec8ecbc8027690}:2964 Route final reply: Query not found!
[2m2026-08-24T08:09:15.961989Z[0m [33m WARN[0m net-0 ThreadId(03) [2mzenoh::net::routing::dispatcher::queries[0m[2m:[0m Face{2, 40305f7b3f5b541aa0ec8ecbc8027690}:2968 Didn't receive final reply for query Face{3, 240f29ad66ee40e520487c227ac61e9a}:2968: Timeout(10s)!
[2m2026-08-24T08:09:15.962508Z[0m [33m WARN[0m  rx-0 ThreadId(06) [2mzenoh::net::routing::dispatcher::queries[0m[2m:[0m Face{2, 40305f7b3f5b541aa0ec8ecbc8027690}:2968 Route reply: Query not found!
[2m2026-08-24T08:09:15.962525Z[0m [33m WARN[0m  rx-0 ThreadId(06) [2mzenoh::net::routing::dispatcher::queries[0m[2m:[0m Face{2, 40305f7b3f5b541aa0ec8ecbc8027690}:2968 Route final reply: Query not found!
[2m2026-08-24T08:09:33.952732Z[0m [33m WARN[0m net-0 ThreadId(03) [2mzenoh::net::routing::dispatcher::queries[0m[2m:[0m Face{2, 40305f7b3f5b541aa0ec8ecbc8027690}:2972 Didn't receive final reply for query Face{3, 240f29ad66ee40e520487c227ac61e9a}:2972: Timeout(10s)!
[2m2026-08-24T08:09:33.952806Z[0m [33m WARN[0m  rx-1 ThreadId(07) [2mzenoh::net::routing::dispatcher::queries[0m[2m:[0m Face{2, 40305f7b3f5b541aa0ec8ecbc8027690}:2972 Route reply: Query not found!
[2m2026-08-24T08:09:33.952829Z[0m [33m WARN[0m  rx-1 ThreadId(07) [2mzenoh::net::routing::dispatcher::queries[0m[2m:[0m Face{2, 40305f7b3f5b541aa0ec8ecbc8027690}:2972 Route final reply: Query not found!
[2m2026-08-24T08:09:51.929739Z[0m [33m WARN[0m net-0 ThreadId(03) [2mzenoh::net::routing::dispatcher::queries[0m[2m:[0m Face{2, 40305f7b3f5b541aa0ec8ecbc8027690}:2976 Didn't receive final reply for query Face{3, 240f29ad66ee40e520487c227ac61e9a}:2976: Timeout(10s)!
[2m2026-08-24T08:09:51.929745Z[0m [33m WARN[0m  rx-1 ThreadId(07) [2mzenoh::net::routing::dispatcher::queries[0m[2m:[0m Face{2, 40305f7b3f5b541aa0ec8ecbc8027690}:2976 Route final reply: Query not found!
[2m2026-08-24T08:10:09.989713Z[0m [33m WARN[0m net-0 ThreadId(03) [2mzenoh::net::routing::dispatcher::queries[0m[2m:[0m Face{2, 40305f7b3f5b541aa0ec8ecbc8027690}:2980 Didn't receive final reply for query Face{3, 240f29ad66ee40e520487c227ac61e9a}:2980: Timeout(10s)!
[2m2026-08-24T08:10:09.990372Z[0m [33m WARN[0m  rx-1 ThreadId(07) [2mzenoh::net::routing::dispatcher::queries[0m[2m:[0m Face{2, 40305f7b3f5b541aa0ec8ecbc8027690}:2980 Route reply: Query not found!
[2m2026-08-24T08:10:09.990393Z[0m [33m WARN[0m  rx-1 ThreadId(07) [2mzenoh::net::routing::dispatcher::queries[0m[2m:[0m Face{2, 40305f7b3f5b541aa0ec8ecbc8027690}:2980 Route final reply: Query not found!
[2m2026-08-24T08:10:27.970887Z[0m [33m WARN[0m net-0 ThreadId(03) [2mzenoh::net::routing::dispatcher::queries[0m[2m:[0m Face{2, 40305f7b3f5b541aa0ec8ecbc8027690}:2984 Route reply: Query not found!
[2m2026-08-24T08:11:03.919787Z[0m [33m WARN[0m net-0 ThreadId(03) [2mzenoh::net::routing::dispatcher::queries[0m[2m:[0m Face{2, 40305f7b3f5b541aa0ec8ecbc8027690}:2992 Route reply: Query not found!
[2m2026-08-24T08:11:21.907664Z[0m [33m WARN[0m net-0 ThreadId(03) [2mzenoh::net::routing::dispatcher::queries[0m[2m:[0m Face{2, 40305f7b3f5b541aa0ec8ecbc8027690}:2996 Didn't receive final reply for query Face{3, 240f29ad66ee40e520487c227ac61e9a}:2996: Timeout(10s)!
[2m2026-08-24T08:11:21.907804Z[0m [33m WARN[0m  rx-0 ThreadId(06) [2mzenoh::net::routing::dispatcher::queries[0m[2m:[0m Face{2, 40305f7b3f5b541aa0ec8ecbc8027690}:2996 Route reply: Query not found!
[2m2026-08-24T08:11:21.907829Z[0m [33m WARN[0m  rx-0 ThreadId(06) [2mzenoh::net::routing::dispatcher::queries[0m[2m:[0m Face{2, 40305f7b3f5b541aa0ec8ecbc8027690}:2996 Route final reply: Query not found!
[2m2026-08-24T08:11:39.970675Z[0m [33m WARN[0m net-0 ThreadId(03) [2mzenoh::net::routing::dispatcher::queries[0m[2m:[0m Face{2, 40305f7b3f5b541aa0ec8ecbc8027690}:3000 Didn't receive final reply for query Face{3, 240f29ad66ee40e520487c227ac61e9a}:3000: Timeout(10s)!
[2m2026-08-24T08:11:39.971620Z[0m [33m WARN[0m  rx-0 ThreadId(06) [2mzenoh::net::routing::dispatcher::queries[0m[2m:[0m Face{2, 40305f7b3f5b541aa0ec8ecbc8027690}:3000 Route reply: Query not found!
[2m2026-08-24T08:11:39.971698Z[0m [33m WARN[0m  rx-1 ThreadId(07) [2mzenoh::net::routing::dispatcher::queries[0m[2m:[0m Face{2, 40305f7b3f5b541aa0ec8ecbc8027690}:3000 Route final reply: Query not found!
[2m2026-08-24T08:11:57.951738Z[0m [33m WARN[0m net-0 ThreadId(03) [2mzenoh::net::routing::dispatcher::queries[0m[2m:[0m Face{2, 40305f7b3f5b541aa0ec8ecbc8027690}:3004 Didn't receive final reply for query Face{3, 240f29ad66ee40e520487c227ac61e9a}:3004: Timeout(10s)!
[2m2026-08-24T08:11:57.952030Z[0m [33m WARN[0m  rx-1 ThreadId(07) [2mzenoh::net::routing::dispatcher::queries[0m[2m:[0m Face{2, 40305f7b3f5b541aa0ec8ecbc8027690}:3004 Route reply: Query not found!
[2m2026-08-24T08:11:57.952078Z[0m [33m WARN[0m  rx-1 ThreadId(07) [2mzenoh::net::routing::dispatcher::queries[0m[2m:[0m Face{2, 40305f7b3f5b541aa0ec8ecbc8027690}:3004 Route final reply: Query not found!
[2m2026-08-24T08:12:15.913772Z[0m [33m WARN[0m net-0 ThreadId(03) [2mzenoh::net::routing::dispatcher::queries[0m[2m:[0m Face{2, 40305f7b3f5b541aa0ec8ecbc8027690}:3008 Route reply: Query not found!
[2m2026-08-24T08:12:33.996885Z[0m [33m WARN[0m net-0 ThreadId(03) [2mzenoh::net::routing::dispatcher::queries[0m[2m:[0m Face{2, 40305f7b3f5b541aa0ec8ecbc8027690}:3012 Route reply: Query not found!
[2m2026-08-24T08:12:51.971688Z[0m [33m WARN[0m net-0 ThreadId(03) [2mzenoh::net::routing::dispatcher::queries[0m[2m:[0m Face{2, 40305f7b3f5b541aa0ec8ecbc8027690}:3016 Didn't receive final reply for query Face{3, 240f29ad66ee40e520487c227ac61e9a}:3016: Timeout(10s)!
[2m2026-08-24T08:12:51.971825Z[0m [33m WARN[0m  rx-0 ThreadId(06) [2mzenoh::net::routing::dispatcher::queries[0m[2m:[0m Face{2, 40305f7b3f5b541aa0ec8ecbc8027690}:3016 Route reply: Query not found!
[2m2026-08-24T08:12:51.971865Z[0m [33m WARN[0m  rx-0 ThreadId(06) [2mzenoh::net::routing::dispatcher::queries[0m[2m:[0m Face{2, 40305f7b3f5b541aa0ec8ecbc8027690}:3016 Route final reply: Query not found!
[2m2026-08-24T08:13:09.936676Z[0m [33m WARN[0m net-0 ThreadId(03) [2mzenoh::net::routing::dispatcher::queries[0m[2m:[0m Face{2, 40305f7b3f5b541aa0ec8ecbc8027690}:3020 Didn't receive final reply for query Face{3, 240f29ad66ee40e520487c227ac61e9a}:3020: Timeout(10s)!
[2m2026-08-24T08:13:09.937383Z[0m [33m WARN[0m  rx-1 ThreadId(07) [2mzenoh::net::routing::dispatcher::queries[0m[2m:[0m Face{2, 40305f7b3f5b541aa0ec8ecbc8027690}:3020 Route reply: Query not found!
[2m2026-08-24T08:13:09.937407Z[0m [33m WARN[0m  rx-1 ThreadId(07) [2mzenoh::net::routing::dispatcher::queries[0m[2m:[0m Face{2, 40305f7b3f5b541aa0ec8ecbc8027690}:3020 Route final reply: Query not found!
[2m2026-08-24T08:13:27.902803Z[0m [33m WARN[0m net-0 ThreadId(03) [2mzenoh::net::routing::dispatcher::queries[0m[2m:[0m Face{2, 40305f7b3f5b541aa0ec8ecbc8027690}:3024 Didn't receive final reply for query Face{3, 240f29ad66ee40e520487c227ac61e9a}:3024: Timeout(10s)!
[2m2026-08-24T08:13:27.904673Z[0m [33m WARN[0m  rx-1 ThreadId(07) [2mzenoh::net::routing::dispatcher::queries[0m[2m:[0m Face{2, 40305f7b3f5b541aa0ec8ecbc8027690}:3024 Route reply: Query not found!
[2m2026-08-24T08:13:27.904691Z[0m [33m WARN[0m  rx-1 ThreadId(07) [2mzenoh::net::routing::dispatcher::queries[0m[2m:[0m Face{2, 40305f7b3f5b541aa0ec8ecbc8027690}:3024 Route final reply: Query not found!
[2m2026-08-24T08:14:02.724030Z[0m [33m WARN[0m  rx-1 ThreadId(07) [2mzenoh::net::routing::dispatcher::queries[0m[2m:[0m Face{2, 40305f7b3f5b541aa0ec8ecbc8027690}:3028 Route reply: Query not found!
[2m2026-08-24T08:14:02.739871Z[0m [33m WARN[0m net-0 ThreadId(03) [2mzenoh::net::routing::dispatcher::queries[0m[2m:[0m Face{2, 40305f7b3f5b541aa0ec8ecbc8027690}:3028 Didn't receive final reply for query Face{3, 240f29ad66ee40e520487c227ac61e9a}:3028: Timeout(10s)!
[2m2026-08-24T08:14:02.784149Z[0m [33m WARN[0m  rx-1 ThreadId(07) [2mzenoh::net::routing::dispatcher::queries[0m[2m:[0m Face{2, 40305f7b3f5b541aa0ec8ecbc8027690}:3028 Route final reply: Query not found!
